Country Code,Country Name,Year,GDP per capita (constant 2015 US$),Unemployment (%),Current health expenditure (% of GDP),Suicide rate,Government Effectiveness (0-100)
AFG,Afghanistan,2008,417.647282647498,2.494,10.25649548,4.6,18.9072348
AFG,Afghanistan,2012,568.929021458341,1.692,7.89716864,4.0,22.1784637
AFG,Afghanistan,2014,575.146245808546,7.915,9.52887821,3.9,21.6960634
AFG,Afghanistan,2017,562.769574140988,11.184,12.62081718,4.1,23.2985617
AGO,Angola,2009,3494.80724466468,3.782,3.30655909,6.7,30.0018643
AGO,Angola,2010,3540.79159568681,9.431,2.36373854,7.0,32.8394682
AGO,Angola,2011,3528.16824373698,16.774,2.35561895,6.6,31.706399
AGO,Angola,2014,3746.81619978931,9.579,2.15680027,6.4,33.062878
AGO,Angola,2019,3105.59971242672,16.431,2.20394278,6.1,33.6134335
ALB,Albania,2006,2894.36032580174,13.8,5.56553745,7.8,39.3747666
ALB,Albania,2007,3105.8796756386,15.966,5.85639858,8.1,41.2841189
ALB,Albania,2008,3345.98161761476,13.06,5.44421673,8.2,41.9592911
ALB,Albania,2009,3459.24695646692,13.674,5.75751925,8.1,45.7016855
ALB,Albania,2010,3579.82413181046,14.086,6.16333199,7.8,45.5763318
ALB,Albania,2011,3677.89457937717,13.481,6.11026192,7.9,46.4976012
ALB,Albania,2012,3771.84781862015,13.376,6.08504725,5.2,44.742022
ALB,Albania,2013,3895.89975621942,15.866,6.20897436,5.3,44.410272
ALB,Albania,2014,4045.11934884933,18.055,6.35884142,5.0,52.8982848
ALB,Albania,2015,4199.53912925398,17.193,6.38810158,4.8,54.9095937
ALB,Albania,2016,4431.55635814168,15.418,6.65018797,4.7,55.1796244
ALB,Albania,2017,4648.23078660658,13.616,6.50111914,4.7,56.3191004
ALB,Albania,2018,4893.82375538717,12.304,6.59002447,4.5,56.5605037
ALB,Albania,2019,5072.43648354739,11.466,6.78144073,4.3,51.85865
ARE,United Arab Emirates,2008,47922.6941430472,4.007,2.92857623,8.5,67.4521493
ARE,United Arab Emirates,2016,45168.4955973912,1.636,3.89580107,6.0,78.783119
ARE,United Arab Emirates,2017,43293.0202360765,2.462,4.00854969,5.6,78.1385983
ARE,United Arab Emirates,2018,43377.802601486,2.236,4.09854221,6.0,78.7848806
ARE,United Arab Emirates,2019,43468.4534705013,2.331,4.40291262,6.4,78.5272687
ARG,Argentina,2006,11870.2791559298,10.078,7.70940399,8.6,52.3494326
ARG,Argentina,2007,12811.9021206578,8.469,7.86196613,8.3,51.3571012
ARG,Argentina,2008,13197.3570267029,7.837,8.24087811,8.7,49.9591637
ARG,Argentina,2009,12285.3784651865,8.645,9.56852913,8.4,50.2033942
ARG,Argentina,2010,13387.1553748458,7.714,9.4852438,8.6,51.4811813
ARG,Argentina,2011,14040.6189124444,7.18,9.51042366,8.5,52.7352059
ARG,Argentina,2012,13754.4254235596,7.217,9.8851881,9.1,51.3675738
ARG,Argentina,2013,13946.0950832252,7.1,9.92091465,8.6,51.0243674
ARG,Argentina,2014,13456.1319159151,7.268,9.79773045,9.3,54.804979
ARG,Argentina,2017,13520.1129846159,8.347,10.26057911,8.9,57.0891516
ARG,Argentina,2018,13058.3285449954,9.22,10.17289257,9.2,56.3521358
ARG,Argentina,2019,12706.3978108968,9.843,10.11911297,8.4,56.4534275
ARM,Armenia,2007,2919.3734936373,28.373,5.49814034,5.8,44.2327773
ARM,Armenia,2008,3141.33193500774,22.974,6.63976622,4.8,45.5087366
ARM,Armenia,2009,2716.97436280471,19.295,8.44377708,4.8,50.5537618
ARM,Armenia,2010,2796.08143428043,19.523,9.23538303,6.8,48.5546988
ARM,Armenia,2011,2943.83687119315,18.884,9.37588882,6.8,51.1194758
ARM,Armenia,2012,3159.75860786889,17.511,9.13455009,7.4,51.9498386
ARM,Armenia,2013,3266.29882999873,16.576,10.32345009,6.4,52.6967611
ARM,Armenia,2014,3393.09252326884,17.498,10.17827892,6.3,48.7616298
ARM,Armenia,2015,3512.39350276709,18.261,10.11762714,6.2,48.5715237
ARM,Armenia,2016,3533.88503607007,17.617,9.95194912,5.7,49.2870403
ARM,Armenia,2017,3815.3747426037,17.704,10.36270332,3.0,51.1345469
ARM,Armenia,2018,4027.83393010979,10.589,10.00543404,2.1,47.9754653
ARM,Armenia,2019,4343.45839583019,9.794,11.3798008,3.3,46.417589
ATG,Antigua and Barbuda,2018,18042.1596435727,8.78,4.6865654,0.4,46.1989138
AUS,Australia,2006,51682.8925230537,4.782,7.97161102,10.6,85.5303708
AUS,Australia,2007,52671.325846724,4.377,8.0517149,10.9,85.3140561
AUS,Australia,2008,53497.275355342,4.234,8.24737453,11.6,85.0644202
AUS,Australia,2009,53430.5274781651,5.561,8.54273987,11.2,83.4351669
AUS,Australia,2010,53768.349733441,5.211,8.4193306,11.7,84.6485281
AUS,Australia,2011,54296.2321324814,5.081,8.53425312,11.2,84.4677746
AUS,Australia,2012,55465.4462872577,5.224,8.67020702,11.7,84.4838431
AUS,Australia,2013,55966.1509270561,5.662,8.7465601,11.5,82.8811134
AUS,Australia,2014,56571.8062524437,6.077,9.82833862,12.7,86.2376023
AUS,Australia,2015,56970.3613028094,6.054,10.13642025,13.2,83.9328327
AUS,Australia,2016,57632.9995925594,5.714,10.08958244,12.2,82.934005
AUS,Australia,2017,57991.771347333,5.604,10.10880566,13.1,83.3122495
AUS,Australia,2018,58772.7063152213,5.345,10.08907509,12.4,84.8771645
AUS,Australia,2019,59181.2997904131,5.143,10.25421429,12.5,83.7468389
AUT,Austria,2006,42120.1557002022,5.32,9.64073944,16.4,85.8292099
AUT,Austria,2007,43568.8302243941,4.909,9.60482597,16.0,85.8374347
AUT,Austria,2008,44063.8642019916,4.198,9.83415222,15.8,84.9775249
AUT,Austria,2009,42372.4758254763,5.371,10.31152916,16.0,83.0126094
AUT,Austria,2010,43035.4073531933,4.883,10.31620026,16.1,85.3867651
AUT,Austria,2011,44146.1956805294,4.637,10.1370182,16.5,81.7606984
AUT,Austria,2012,44221.4599530893,4.909,10.30198097,16.3,80.9035185
AUT,Austria,2013,43851.3675497404,5.367,10.40574837,16.2,81.9429919
AUT,Austria,2014,43838.8345892137,5.674,10.51159096,16.5,84.2574778
AUT,Austria,2015,43915.228020857,5.802,10.51688385,16.0,82.4687154
AUT,Austria,2016,44362.6702805116,6.064,10.51713753,15.5,83.5831747
AUT,Austria,2017,45056.6385912412,5.561,10.57132816,15.4,82.719903
AUT,Austria,2018,45951.5819164034,4.933,10.5157156,15.7,82.5356457
AUT,Austria,2019,46550.5622459492,4.56,10.62530422,14.6,85.421111
AZE,Azerbaijan,2006,3556.83212858133,6.615,2.07059145,4.7,34.551275
AZE,Azerbaijan,2007,4412.20326117932,6.326,1.99422264,4.9,35.6019929
AZE,Azerbaijan,2008,4778.12452736673,5.856,2.04814458,4.7,35.3498798
AZE,Azerbaijan,2009,5118.43395494687,5.74,2.76541352,4.6,37.2240986
AZE,Azerbaijan,2010,5300.11048729062,5.63,2.64634848,4.6,34.6235951
AZE,Azerbaijan,2011,5149.20665913206,5.42,2.59547186,4.5,35.8656752
AZE,Azerbaijan,2012,5193.17501119552,5.19,3.15682149,4.4,35.6234046
AZE,Azerbaijan,2013,5425.99559780578,4.97,3.22551084,4.3,39.5491523
AZE,Azerbaijan,2014,5508.60265612676,4.91,3.58703041,4.2,43.0677538
AZE,Azerbaijan,2015,5500.50364628486,4.96,4.34131384,4.1,44.4626386
AZE,Azerbaijan,2016,5272.71817141861,5.0,4.42241955,4.0,48.8845413
AZE,Azerbaijan,2017,5229.25259993413,5.0,4.07396507,4.0,48.7051372
AZE,Azerbaijan,2018,5261.92938234432,4.9,3.83661342,4.0,48.3097216
AZE,Azerbaijan,2019,5346.95318604114,5.004,4.18188763,4.1,50.2593949
BDI,Burundi,2006,255.105582251925,3.185,8.71264839,8.9,25.292301
BDI,Burundi,2008,256.012461554496,1.634,7.74147511,7.9,27.010501
BDI,Burundi,2014,261.296721752002,1.572,7.21081543,6.7,34.3112483
BEL,Belgium,2006,39371.0858277448,8.246,9.1325655,20.2,81.0520455
BEL,Belgium,2007,40520.0843207009,7.459,9.1392889,18.7,80.7495277
BEL,Belgium,2008,40380.9075004042,6.976,9.60036659,20.3,81.5168043
BEL,Belgium,2009,39293.637546825,7.908,10.54393387,20.6,85.2630058
BEL,Belgium,2010,39991.5646206286,8.293,10.41325188,20.5,83.601141
BEL,Belgium,2011,40236.9596308558,7.14,10.41302204,21.1,86.262061
BEL,Belgium,2012,40074.492800399,7.542,10.5865345,20.8,86.366277
BEL,Belgium,2013,40007.8997891411,8.425,10.63787556,19.5,86.6440446
BEL,Belgium,2014,40533.9135027898,8.523,10.62032604,19.4,81.4454661
BEL,Belgium,2015,40893.804537772,8.482,10.88387299,18.6,81.0024536
BEL,Belgium,2016,41172.8862831209,7.83,10.89833736,19.3,77.6297152
BEL,Belgium,2017,41619.328629169,7.09,10.94042683,18.9,73.7080936
BEL,Belgium,2018,42208.3625650272,5.941,10.9937973,18.7,75.2725459
BEL,Belgium,2019,43006.4042308863,5.364,10.85831451,18.3,73.128901
BEN,Benin,2010,928.246655329144,1.041,3.01848245,8.4,41.965764
BEN,Benin,2011,927.716412836707,2.647,2.99865556,8.5,42.6538004
BEN,Benin,2013,982.399206290516,2.198,2.86880755,8.3,41.2327711
BEN,Benin,2019,1114.17304526443,1.214,3.00206876,7.8,45.2472224
BFA,Burkina Faso,2006,514.113131757062,2.353,5.17043304,8.1,35.1200398
BFA,Burkina Faso,2007,519.26101218434,3.3,5.77535009,8.1,37.176733
BFA,Burkina Faso,2014,624.576885187665,6.481,5.00027227,8.0,40.398786
BFA,Burkina Faso,2018,694.492813126351,4.695,4.94427681,7.6,41.9626977
BFA,Burkina Faso,2019,717.021595096634,1.56,5.35001135,7.5,39.1372366
BGD,Bangladesh,2006,779.419570444998,3.591,2.10646582,5.0,32.9859828
BGD,Bangladesh,2009,901.729626251937,5.0,2.18321705,4.6,35.5014129
BGD,Bangladesh,2010,943.66422864236,3.379,2.28807664,4.4,35.6476611
BGD,Bangladesh,2011,995.579947155662,2.504,2.36418128,4.0,35.060823
BGD,Bangladesh,2013,1103.15695907123,4.426,2.29574466,3.5,36.2926406
BGD,Bangladesh,2016,1299.83091360792,4.2,2.38938212,3.4,40.9618614
BGD,Bangladesh,2017,1373.75363740186,4.372,2.36720181,3.5,40.1951079
BGR,Bulgaria,2006,5630.08907245392,8.951,6.52544546,13.4,48.1042197
BGR,Bulgaria,2007,6049.05136726418,6.878,6.15651751,12.5,48.2758754
BGR,Bulgaria,2008,6465.05231071194,5.609,6.28281593,13.2,46.4819779
BGR,Bulgaria,2009,6289.04666609216,6.817,6.59577608,12.3,50.198574
BGR,Bulgaria,2010,6429.04599233108,10.279,7.09477949,12.4,45.5887877
BGR,Bulgaria,2011,6605.64616736859,11.26,7.10250568,11.0,45.8854626
BGR,Bulgaria,2012,6693.76983060797,12.27,7.53903675,12.5,47.4089366
BGR,Bulgaria,2013,6793.08253592745,12.941,7.14167452,10.5,48.3607447
BGR,Bulgaria,2014,6941.37319825776,11.424,7.68306208,10.4,48.3403771
BGR,Bulgaria,2015,7269.02586513711,9.143,7.39363575,9.8,49.2069931
BGR,Bulgaria,2016,7586.89174668116,7.575,7.45975018,9.7,50.0007097
BGR,Bulgaria,2017,7899.11056589871,6.164,7.49624491,10.3,50.3792401
BGR,Bulgaria,2018,8194.79296320014,5.211,7.34086275,9.7,50.8647631
BGR,Bulgaria,2019,8626.5750265742,4.148,7.11813641,9.7,52.0393472
BHR,Bahrain,2006,23095.0181330228,0.0,2.98138189,8.2,56.7433553
BHR,Bahrain,2007,23112.4888058398,5.6,3.16071057,9.6,58.116667
BHR,Bahrain,2008,23127.2148040048,3.7,3.07321215,9.2,57.1781236
BHR,Bahrain,2009,22206.9371985225,4.0,4.15054226,8.6,58.5058682
BHR,Bahrain,2010,22224.0736166249,1.128,3.92259479,8.2,59.1084209
BHR,Bahrain,2011,23288.0449398313,1.233,3.7181015,7.9,59.7662121
BHR,Bahrain,2012,23894.8804447088,1.198,3.95061135,7.4,57.8638325
BHR,Bahrain,2015,23734.0551143019,0.894,4.75126362,7.4,60.0496495
BHS,"Bahamas, The",2006,33541.850748701,7.604,4.30935764,3.5,73.2672044
BHS,"Bahamas, The",2007,33549.3360007274,7.853,4.49598694,3.2,73.3237826
BHS,"Bahamas, The",2008,32331.8246135092,8.712,4.86261654,3.3,73.3679127
BHS,"Bahamas, The",2009,30581.3342198488,14.2,5.1500144,3.3,70.3370819
BHS,"Bahamas, The",2011,30492.6738528071,14.521,5.32398558,3.7,70.3455692
BHS,"Bahamas, The",2012,31553.4919490645,14.7,5.3190918,3.5,70.3486239
BHS,"Bahamas, The",2013,30368.2631244189,16.184,5.68411207,3.1,70.3520344
BHS,"Bahamas, The",2014,30658.5344563722,13.8,5.64133978,3.3,65.8683095
BHS,"Bahamas, The",2015,30719.405417469,12.0,5.244627,3.5,65.8428728
BHS,"Bahamas, The",2016,30152.1619246021,12.7,5.65515327,3.6,65.8517159
BHS,"Bahamas, The",2017,30974.7477261317,9.8,6.6036396,3.4,65.8545859
BHS,"Bahamas, The",2018,31537.2423841956,10.0,5.83890343,3.5,65.8703491
BHS,"Bahamas, The",2019,31117.6299132391,9.336,5.70484161,3.5,65.8857138
BIH,Bosnia and Herzegovina,2006,3419.75887457192,31.11,8.88362694,10.7,38.097697
BIH,Bosnia and Herzegovina,2007,3665.08966529499,28.984,9.25501442,11.5,36.3248457
BIH,Bosnia and Herzegovina,2008,3929.03297717336,23.405,9.48630238,10.8,37.9542604
BIH,Bosnia and Herzegovina,2009,3877.53540078456,24.068,9.0152092,10.7,38.1093245
BIH,Bosnia and Herzegovina,2010,3981.20985692032,27.312,9.01212692,10.5,37.5624712
BIH,Bosnia and Herzegovina,2011,4094.25329541877,27.582,9.1712122,10.6,37.1032657
BIH,Bosnia and Herzegovina,2012,4139.91732773657,28.01,9.4791584,10.4,39.8385143
BIH,Bosnia and Herzegovina,2013,4306.73175072214,27.49,9.43616295,10.6,40.8764808
BIH,Bosnia and Herzegovina,2014,4412.67617817734,27.517,9.4710331,10.6,46.7141784
BIH,Bosnia and Herzegovina,2015,4662.25869219448,27.695,9.24086571,10.7,42.3437382
BIH,Bosnia and Herzegovina,2016,4876.53471495633,25.408,9.13943481,10.5,43.2921786
BIH,Bosnia and Herzegovina,2017,5099.81602856447,20.527,8.81797314,10.5,42.188083
BIH,Bosnia and Herzegovina,2018,5360.25201017633,18.4,8.76100445,10.8,38.3790948
BIH,Bosnia and Herzegovina,2019,5583.29721276458,15.692,8.92544365,10.9,35.9073884
BLR,Belarus,2006,4291.68647163264,1.2,5.57366323,40.9,32.0717424
BLR,Belarus,2007,4682.20676719042,1.0,5.6917243,36.8,32.1221122
BLR,Belarus,2008,5177.64534775676,0.8,5.29448891,36.7,30.9659532
BLR,Belarus,2009,5200.77418555423,5.803,5.3906498,36.5,30.9609114
BLR,Belarus,2010,5616.0941173307,0.827,5.65694332,35.9,30.823205
BLR,Belarus,2011,5941.68999156239,0.6,4.87452745,36.2,30.5863126
BLR,Belarus,2012,6052.6373706236,0.614,5.24538946,29.9,30.45526
BLR,Belarus,2013,6115.43288098707,0.508,5.69563103,27.9,31.842233
BLR,Belarus,2014,6212.91667418659,0.488,5.38792181,26.3,42.0231841
BLR,Belarus,2015,5967.05595058777,0.91,6.06528044,24.3,44.8438484
BLR,Belarus,2016,5811.20159182547,5.844,5.91054153,24.2,44.9504697
BLR,Belarus,2017,5964.89668834561,5.648,5.75974846,23.3,47.4233446
BLR,Belarus,2018,6165.91320019277,4.763,5.52699471,22.8,46.8691706
BLR,Belarus,2019,6267.73508743505,4.165,5.86133814,21.2,46.6988759
BLZ,Belize,2006,6435.58767337678,9.394,3.54883528,5.6,42.2112195
BLZ,Belize,2007,6465.82885846045,8.508,4.05345058,5.2,41.2414626
BLZ,Belize,2008,6187.95885023655,8.182,4.51286459,4.4,41.1571066
BLZ,Belize,2012,5902.74234696881,14.271,4.34283972,6.3,46.125709
BLZ,Belize,2013,6013.07879895362,8.349,4.42128754,5.9,46.1286742
BLZ,Belize,2014,6116.49578852783,8.244,4.87071466,6.0,42.843992
BLZ,Belize,2015,6154.62264230369,7.578,4.65988731,6.0,43.6770108
BLZ,Belize,2016,6012.21296983668,7.0,4.77207184,5.8,43.3169037
BLZ,Belize,2017,5767.61921963762,6.596,4.62228823,7.0,43.3199875
BLZ,Belize,2018,5707.61059954436,9.346,4.75529861,6.5,43.6589881
BLZ,Belize,2019,5864.14611827109,9.053,4.81608105,7.1,44.0054261
BOL,Bolivia,2006,2221.42722588941,5.08,4.66087532,5.9,41.9219449
BOL,Bolivia,2007,2283.42733535297,5.175,4.6968894,6.1,42.6003099
BOL,Bolivia,2008,2383.25032547517,2.603,4.60677242,6.0,41.8555164
BOL,Bolivia,2009,2422.57579380245,2.973,5.17444515,6.0,44.3051712
BOL,Bolivia,2011,2568.52051674406,2.255,5.17306805,6.1,46.1441847
BOL,Bolivia,2012,2657.2388497837,2.066,5.2539444,6.0,46.5251981
BOL,Bolivia,2013,2793.51457124054,2.437,5.57465124,6.0,48.176534
BOL,Bolivia,2014,2900.90241571477,2.021,5.89613628,6.2,43.8181258
BOL,Bolivia,2015,2996.01289811344,3.111,6.55064964,6.4,42.9388516
BOL,Bolivia,2016,3077.57057582774,3.498,6.83333063,6.6,44.8708347
BOL,Bolivia,2017,3160.16421247588,3.655,6.4901948,6.4,45.2529642
BOL,Bolivia,2018,3204.53670838005,3.519,6.60399437,6.3,44.2577026
BOL,Bolivia,2019,3207.38695231128,3.682,6.88792992,6.2,42.4377306
BRA,Brazil,2006,7622.04007133264,9.692,8.24952507,4.7,43.9751032
BRA,Brazil,2007,8003.25413096047,9.28,8.20182991,4.9,43.8153647
BRA,Brazil,2008,8330.76459841304,8.268,8.01128483,5.1,49.0298834
BRA,Brazil,2009,8246.09706995094,9.419,8.39480495,5.1,50.8491962
BRA,Brazil,2011,9067.99316348047,7.578,7.78819132,5.2,50.6454423
BRA,Brazil,2012,9167.49923929815,7.251,7.73637724,5.4,51.2325195
BRA,Brazil,2013,9366.73932434359,7.071,7.9766016,5.6,54.0327461
BRA,Brazil,2014,9338.34278278114,6.755,8.39644146,5.6,50.9451174
BRA,Brazil,2015,8936.19661712113,8.538,8.90929985,5.9,49.360564
BRA,Brazil,2016,8577.84376650911,11.58,9.16901684,6.0,49.3855865
BRA,Brazil,2017,8628.25308908043,12.792,9.47125053,6.6,49.2990606
BRA,Brazil,2018,8722.33630317935,12.329,9.46475029,7.0,47.3268322
BRA,Brazil,2019,8771.44051292177,11.936,9.61449146,6.9,52.1733223
BRB,Barbados,2009,23250.8017659349,10.0,6.30137348,1.5,76.9759334
BRB,Barbados,2010,21285.0039393558,10.7,5.97029495,1.6,75.124993
BRB,Barbados,2013,20521.1209928514,11.546,6.48274279,0.3,74.8551722
BRB,Barbados,2014,20636.0327188055,12.3,6.09732294,0.6,73.9918285
BRB,Barbados,2015,20429.4747123553,9.803,6.09170628,0.6,73.9657327
BRB,Barbados,2016,20673.7682337375,8.247,6.19479513,0.6,70.3579881
BRB,Barbados,2017,20766.5518491129,8.62,6.0020504,0.6,70.3609339
BRB,Barbados,2018,20674.3547847984,8.321,5.83037996,0.6,70.3771055
BRB,Barbados,2019,20687.6467427909,8.41,5.67476797,0.6,66.4876637
BRN,Brunei Darussalam,2011,33754.3640783713,1.721,1.86409724,1.9,65.7777081
BRN,Brunei Darussalam,2014,31148.7297405401,6.862,1.91436803,1.8,73.4752106
BRN,Brunei Darussalam,2017,29524.65912789,9.316,2.27022862,3.3,71.0459331
BRN,Brunei Darussalam,2018,29200.1952024222,8.7,2.41600895,3.1,71.1784033
BRN,Brunei Darussalam,2019,29996.2407223175,6.6,2.23100758,2.7,72.2837064
BTN,Bhutan,2006,1701.11878173586,3.129,4.08523893,4.5,55.0185696
BTN,Bhutan,2007,1952.25734603779,3.7,3.83774948,4.4,55.3198605
BTN,Bhutan,2009,2148.56480375034,3.961,3.29665017,4.3,59.3753192
BTN,Bhutan,2010,2378.72810760985,3.3,3.25758624,4.2,59.7610769
BTN,Bhutan,2011,2552.48871073094,3.143,3.02062726,4.3,60.5021391
BTN,Bhutan,2012,2654.74798946027,2.054,3.25988412,4.3,61.3969587
BTN,Bhutan,2013,2671.07460201171,2.9,3.34862685,4.4,63.7814722
BTN,Bhutan,2014,2797.81883971908,2.63,3.23226452,4.4,59.5033367
BTN,Bhutan,2015,2954.04081911097,2.45,3.43653083,4.5,58.4359592
BTN,Bhutan,2018,3300.55006461736,3.35,3.06896734,4.6,61.8106419
BTN,Bhutan,2019,3467.38598979356,2.72,3.37511158,4.6,60.7638148
BWA,Botswana,2006,5865.00026521361,17.782,4.87599421,32.0,58.3854845
BWA,Botswana,2009,5179.4138607146,16.169,6.62081194,25.1,62.2843721
BWA,Botswana,2010,5584.5034321846,17.863,6.26718187,24.4,61.6696456
BWA,Botswana,2011,5850.07858575461,20.01,5.86915016,22.7,61.9017624
BWA,Botswana,2013,6284.97678002618,19.997,6.49913645,21.6,61.9897019
BWA,Botswana,2019,6951.73189051146,20.094,6.12193203,16.1,59.1830198
CAN,Canada,2006,41663.5541588166,6.484,9.33188725,11.2,86.2985807
CAN,Canada,2007,42106.9147186165,6.156,9.4346962,11.5,86.7389781
CAN,Canada,2008,42067.610977795,6.284,9.59427929,11.5,87.255246
CAN,Canada,2009,40376.4559330928,8.46,10.70402527,12.0,86.1303355
CAN,Canada,2010,41164.3812486578,8.178,10.70066547,12.1,86.3553689
CAN,Canada,2011,42043.6842044008,7.659,10.40518665,11.3,87.4317529
CAN,Canada,2012,42320.6856530018,7.429,10.5407114,11.8,88.9811361
CAN,Canada,2013,42851.2135876232,7.178,10.43559265,12.1,87.3705121
CAN,Canada,2014,43643.2794910996,7.049,10.28115654,12.7,88.5534493
CAN,Canada,2015,43594.2379080706,6.986,10.76397896,13.0,87.8298556
CAN,Canada,2016,43551.3863558236,7.067,11.05626965,11.9,87.6329908
CAN,Canada,2017,44339.4332217878,6.444,10.9242115,13.0,89.2743247
CAN,Canada,2018,44907.3887994469,5.842,10.92262077,12.0,87.0103408
CAN,Canada,2019,45100.336805859,5.688,11.04823494,11.8,87.3026719
CHE,Switzerland,2006,80448.9696781612,3.995,9.5802002,18.8,87.3153202
CHE,Switzerland,2007,82909.1358291459,3.641,9.41693783,19.5,87.812603
CHE,Switzerland,2008,83934.7657221246,3.35,9.53167725,18.8,87.671873
CHE,Switzerland,2009,81288.642957612,4.109,10.1415062,16.0,86.8540031
CHE,Switzerland,2010,83069.4276373455,4.808,9.9907856,14.5,86.2603227
CHE,Switzerland,2011,83307.3180998465,4.409,10.10393143,14.6,87.1610319
CHE,Switzerland,2012,83354.0207485188,4.491,10.33511066,14.7,89.0475918
CHE,Switzerland,2013,83914.0245080812,4.747,10.59444523,15.1,88.0028763
CHE,Switzerland,2014,85004.8134534,4.826,10.6751194,14.7,92.1264669
CHE,Switzerland,2015,85265.06205193,4.801,10.97983074,15.0,90.9279414
CHE,Switzerland,2016,85951.2234148345,4.918,11.20248795,14.1,91.9981422
CHE,Switzerland,2017,86362.360972862,4.797,11.37471581,14.6,92.0825467
CHE,Switzerland,2018,88581.0826935584,4.713,11.19891071,14.5,92.4115084
CHE,Switzerland,2019,88932.4119306425,4.394,11.42588997,14.5,91.3100572
CHL,Chile,2006,10611.6144012877,7.804,6.07235622,10.0,76.1682677
CHL,Chile,2007,11051.3450717678,7.136,6.21259642,11.0,76.3464332
CHL,Chile,2008,11356.0922105983,7.796,6.73954487,12.2,74.6117875
CHL,Chile,2009,11116.4093443103,9.689,7.25026846,12.7,76.1195896
CHL,Chile,2010,11649.2897090856,8.547,6.81958389,11.6,73.8059826
CHL,Chile,2011,12252.8441074615,7.492,6.79947519,11.7,75.4676122
CHL,Chile,2012,12882.834417927,6.79,7.01951265,10.5,76.3044361
CHL,Chile,2013,13182.7329619856,6.361,7.47552681,9.8,75.1706397
CHL,Chile,2014,13285.9540361192,6.761,7.84150171,9.9,72.7752143
CHL,Chile,2015,13433.9202987032,6.605,8.3513937,10.0,71.7692468
CHL,Chile,2016,13505.097711133,6.926,8.55767059,10.0,70.2689929
CHL,Chile,2017,13473.3458532934,7.3,9.090518,9.3,70.0470996
CHL,Chile,2018,13763.0068844795,7.673,9.15040398,8.8,71.4772443
CHL,Chile,2019,13631.9284885172,7.559,9.30968475,9.0,71.6978367
CHN,China,2006,3883.27464370816,1.752,3.88655019,12.1,43.6399135
CHN,China,2007,4409.69709445986,1.581,3.61737728,11.5,46.5742262
CHN,China,2008,4811.34486346262,1.924,3.83627748,11.1,48.6122958
CHN,China,2009,5237.78809982377,2.17,4.27631998,10.7,48.4565415
CHN,China,2010,5764.65012366375,2.912,4.15821123,10.2,48.8715196
CHN,China,2011,6275.71634288814,2.748,4.26719379,9.6,49.3150533
CHN,China,2012,6723.09003744607,2.776,4.49046612,9.0,48.7736773
CHN,China,2013,7197.937319496,2.929,4.63882637,8.6,48.5983195
CHN,China,2014,7686.37369520403,3.058,4.69880247,8.4,60.8608268
CHN,China,2015,8175.33285077393,3.296,4.85367584,8.1,61.716004
CHN,China,2016,8679.22528805041,3.831,4.88338089,8.2,61.9022563
CHN,China,2017,9221.35045639842,3.775,4.9695034,8.1,62.5939326
CHN,China,2018,9798.57890566402,4.93,5.06933308,8.1,61.6672656
CHN,China,2019,10356.2924890582,5.15,5.26516867,8.1,64.3807019
CIV,Cote d'Ivoire,2012,1503.43433046682,7.223,4.4273715,11.3,30.6005962
CIV,Cote d'Ivoire,2013,1632.32712787006,4.255,3.71773791,11.1,33.3779839
CIV,Cote d'Ivoire,2016,1889.27777949938,1.896,3.32101274,9.6,39.4727587
CIV,Cote d'Ivoire,2017,1972.81431788947,3.272,3.24693036,9.2,39.7545161
CIV,Cote d'Ivoire,2019,2093.09994335779,2.401,3.18916845,8.9,41.8297433
CMR,Cameroon,2007,1295.73067471287,3.063,3.79498792,11.4,32.7796098
CMR,Cameroon,2010,1290.9013745759,4.111,3.57742167,10.8,35.4148073
CMR,Cameroon,2014,1381.81938454907,3.534,4.34148788,10.0,40.1575498
COD,"Congo, Dem. Rep.",2012,408.966232816288,4.485,3.2215035,6.9,20.7485057
COD,"Congo, Dem. Rep.",2016,480.461377880475,5.006,4.20027828,6.5,24.4177362
COG,"Congo, Rep.",2009,2211.31572382028,19.86,2.1422224,9.3,29.4570117
COG,"Congo, Rep.",2012,2467.06102906839,10.0,1.90971065,8.9,30.9720606
COL,Colombia,2007,4947.25260813108,10.252,6.49102163,4.1,47.6552903
COL,Colombia,2008,5048.57187245249,10.52,6.84192181,4.2,47.8037707
COL,Colombia,2009,5046.97121757727,11.319,7.31134558,4.1,46.498165
COL,Colombia,2010,5214.24547620131,11.153,7.07130194,3.8,48.4497477
COL,Colombia,2011,5517.1011086899,10.288,6.78076792,3.7,50.308668
COL,Colombia,2012,5675.75617978305,9.959,6.74601603,3.8,49.2991597
COL,Colombia,2013,5910.80592301166,9.246,7.01724052,3.7,50.389734
COL,Colombia,2014,6121.83982019825,8.799,7.18553209,3.8,47.3102698
COL,Colombia,2015,6248.51490534512,8.572,7.52338505,4.1,48.7347465
COL,Colombia,2016,6316.07067782542,8.922,7.53117037,4.2,49.1031212
COL,Colombia,2017,6309.67745292518,9.086,7.67864323,4.7,48.4448128
COL,Colombia,2018,6353.5464285392,9.36,7.71777487,4.0,49.1252583
COL,Colombia,2019,6439.96359812647,10.28,7.83404827,3.9,49.905261
COM,Comoros,2014,1342.3295858321,8.142,5.23849726,5.5,25.6459333
CPV,Cabo Verde,2009,3159.58698693977,13.517,3.55867004,14.4,54.8576976
CPV,Cabo Verde,2010,3194.61667734233,10.666,4.08085394,14.8,53.4369716
CPV,Cabo Verde,2015,3415.06266730931,31.313,4.40073681,14.4,57.626596
CPV,Cabo Verde,2017,3719.71306047915,12.241,4.48070955,14.2,57.5511532
CPV,Cabo Verde,2018,3853.67940035241,12.2,4.78548193,13.4,58.0567541
CPV,Cabo Verde,2019,4115.90283469406,11.3,4.82431316,12.9,58.8059906
CRI,Costa Rica,2006,9160.29437313379,5.74,6.93530846,8.4,54.6014973
CRI,Costa Rica,2007,9779.51150221827,4.49,6.99642611,5.7,56.0930792
CRI,Costa Rica,2008,10104.9092352005,4.781,7.4685483,5.5,56.7144673
CRI,Costa Rica,2009,9883.67568633785,7.713,7.86019182,5.6,59.1647619
CRI,Costa Rica,2010,10285.0856777667,7.171,8.02937698,6.9,59.1700876
CRI,Costa Rica,2011,10612.4694960426,9.518,8.12197781,6.9,58.4202309
CRI,Costa Rica,2012,11001.5193084396,9.11,7.78642273,6.6,59.7703284
CRI,Costa Rica,2013,11151.1437937744,8.218,7.68229342,6.7,57.9180366
CRI,Costa Rica,2014,11422.6735972442,8.499,7.66376209,5.6,58.4756853
CRI,Costa Rica,2015,11714.7106121672,8.415,7.59196186,6.7,58.3338139
CRI,Costa Rica,2016,12084.4351419988,8.085,7.31724358,7.7,57.4755918
CRI,Costa Rica,2017,12468.5654849336,7.729,7.04522991,6.1,57.8331129
CRI,Costa Rica,2018,12708.8042828359,9.01,7.28587723,7.2,58.2016549
CRI,Costa Rica,2019,12944.013449341,10.807,7.2212491,8.1,57.2585713
CUB,Cuba,2006,5799.41163668615,1.913,8.2719059,12.7,42.2879533
CUB,Cuba,2007,6215.76603727772,1.788,10.9674921,12.2,42.3173838
CUB,Cuba,2008,6469.08507847668,1.583,11.31422806,12.9,42.9716245
CUB,Cuba,2009,6561.25305093006,1.67,12.29053974,13.7,43.0517806
CUB,Cuba,2010,6716.49048497058,2.5,10.6880827,14.4,39.7525017
CUB,Cuba,2011,6902.16397571139,3.175,11.31298637,14.1,39.7425542
CUB,Cuba,2012,7109.24834185635,3.498,9.29940987,13.8,42.1090936
CUB,Cuba,2013,7307.82004410741,3.288,10.43099499,13.9,42.1116116
CUB,Cuba,2014,7392.48324633027,2.7,12.14121914,13.4,51.3083356
CUB,Cuba,2015,7727.91997207998,2.4,12.81404305,14.0,51.2895644
CUB,Cuba,2016,7774.0698462623,2.0,12.21769619,13.4,50.658147
CUB,Cuba,2017,7927.27769431767,1.7,11.47201538,14.5,50.0984373
CUB,Cuba,2018,8120.43123558256,1.7,11.01842499,14.3,47.2258128
CYP,Cyprus,2006,26395.490234375,4.593,5.46357489,3.5,74.767013
CYP,Cyprus,2007,27156.806640625,3.946,5.35744858,3.1,75.3228709
CYP,Cyprus,2008,27449.212890625,3.756,6.01430845,6.1,78.3482398
CYP,Cyprus,2009,26183.673828125,5.594,6.46531534,4.5,77.0922184
CYP,Cyprus,2010,26090.037109375,6.359,6.50055742,5.3,80.0872935
CYP,Cyprus,2011,25538.76953125,7.942,6.43139076,4.3,80.4883167
CYP,Cyprus,2012,24285.484375,12.097,6.53638792,5.4,80.215801
CYP,Cyprus,2013,22711.708984375,16.131,6.92774534,5.7,79.967882
CYP,Cyprus,2014,22373.56640625,16.277,6.93137264,5.4,73.0995288
CYP,Cyprus,2015,23088.4296875,15.026,6.79382181,4.7,72.2822422
CYP,Cyprus,2016,24477.974609375,13.006,6.65254688,4.6,71.7249844
CYP,Cyprus,2017,25665.990234375,11.155,6.62192535,3.7,73.013106
CYP,Cyprus,2018,26962.392578125,8.504,6.78446245,4.2,68.0766854
CYP,Cyprus,2019,28167.146484375,7.155,6.99843168,3.6,70.7350252
CZE,Czechia,2006,16107.3042502688,7.141,6.16489983,14.5,67.0031441
CZE,Czechia,2007,16892.542854974,5.316,5.99029112,14.1,63.289033
CZE,Czechia,2008,17190.6470333289,4.392,6.33855247,14.2,66.7378013
CZE,Czechia,2009,16272.8084766719,6.662,7.2650013,15.0,67.7742279
CZE,Czechia,2010,16665.9317825137,7.281,7.47836781,15.0,65.2210394
CZE,Czechia,2011,16926.2846674435,6.712,7.47281456,16.1,65.761941
CZE,Czechia,2012,16772.3539223328,6.979,7.53974962,16.7,65.507341
CZE,Czechia,2013,16759.7808635642,6.953,7.44831276,15.7,64.8149452
CZE,Czechia,2014,17118.0425571578,6.108,7.53919601,14.8,68.8746252
CZE,Czechia,2015,17931.5987670768,5.048,7.29346752,13.6,69.4313931
CZE,Czechia,2016,18359.0978103904,3.952,7.32258606,13.0,70.9387577
CZE,Czechia,2017,19257.6930680911,2.893,7.24190664,13.9,71.3371618
CZE,Czechia,2018,19736.6295261285,2.246,7.37173605,13.6,71.2863312
CZE,Czechia,2019,20360.0599221814,2.015,7.48754358,12.2,70.2287496
DEU,Germany,2006,37459.261328042,10.277,9.96236897,12.8,84.3496463
DEU,Germany,2007,38593.0749910508,8.732,9.83482933,12.4,85.5563033
DEU,Germany,2008,39009.8477636357,7.508,10.03185749,12.5,85.1272438
DEU,Germany,2009,36940.4078672661,7.88,10.97003078,12.8,85.7953189
DEU,Germany,2010,38526.7371042695,7.043,10.8311739,13.2,81.2566005
DEU,Germany,2011,40722.4849268242,5.967,10.52106953,13.2,83.3429828
DEU,Germany,2012,40834.5088218456,5.372,10.59356213,12.9,85.5302347
DEU,Germany,2013,40884.8926759028,5.316,10.7432127,13.4,86.5440284
DEU,Germany,2014,41602.4661281668,4.979,10.76819706,13.4,89.5580615
DEU,Germany,2015,41929.7549110722,4.612,10.92317677,13.3,89.4963851
DEU,Germany,2016,42516.9337063103,4.104,10.97133732,13.0,88.3965749
DEU,Germany,2017,43543.4807050551,3.781,11.05091095,12.6,88.091681
DEU,Germany,2018,43905.8550061973,3.384,11.18380833,12.9,86.3768371
DEU,Germany,2019,44235.2658954682,3.163,11.42805386,12.3,88.0532013
DJI,Djibouti,2017,2596.45134698268,26.064,2.47976375,9.7,36.1890273
DNK,Denmark,2006,53823.1590295482,3.897,9.15257931,14.7,93.3933109
DNK,Denmark,2007,54113.9771471341,3.801,9.30215549,12.6,94.1967981
DNK,Denmark,2008,53572.5346568185,3.683,9.46797943,13.1,93.0783683
DNK,Denmark,2009,50635.9118061988,6.409,10.62873173,12.9,93.4702392
DNK,Denmark,2010,51209.4492757775,7.746,10.59621811,11.8,88.674883
DNK,Denmark,2011,51667.5313210425,7.769,10.39758492,12.6,91.0587374
DNK,Denmark,2012,51470.689845427,7.798,10.53344631,12.8,89.5815207
DNK,Denmark,2013,51970.3909324806,7.384,10.29778957,12.1,89.431129
DNK,Denmark,2014,52368.3625969272,6.925,10.31388664,12.0,86.5250025
DNK,Denmark,2015,53094.0133607574,6.278,10.3754549,10.9,86.2304917
DNK,Denmark,2016,54300.2039621991,5.989,10.28229332,10.9,87.0248227
DNK,Denmark,2017,55601.0145717787,5.833,10.1137991,11.3,86.8339582
DNK,Denmark,2018,56355.0733084714,5.131,10.14163208,11.4,88.6832634
DNK,Denmark,2019,57114.6227336347,5.018,10.18468761,10.7,89.1490916
DOM,Dominican Republic,2006,4904.71715839398,5.654,3.99365425,4.7,37.9807899
DOM,Dominican Republic,2007,5204.78500652254,5.158,4.08935308,4.8,37.5637078
DOM,Dominican Republic,2008,5308.92664966814,4.764,4.56442022,4.8,37.7601838
DOM,Dominican Republic,2009,5294.64953374426,5.467,4.76706171,4.9,38.2950247
DOM,Dominican Republic,2010,5666.45633430206,5.212,4.92896748,4.7,37.5182672
DOM,Dominican Republic,2011,5773.57403459156,6.087,5.04506636,4.9,38.2440211
DOM,Dominican Republic,2012,5860.29893321013,6.722,5.05897284,5.2,41.6009825
DOM,Dominican Republic,2013,6075.03399972737,7.351,4.92594242,5.5,43.2203855
DOM,Dominican Republic,2014,6430.27811051339,6.719,4.80942917,6.1,49.1620833
DOM,Dominican Republic,2015,6800.95309395474,7.605,4.73534584,6.4,45.4478652
DOM,Dominican Republic,2016,7177.75376475488,7.284,4.58582401,6.4,46.6104504
DOM,Dominican Republic,2017,7379.39978067137,5.832,4.44562674,5.7,45.2306502
DOM,Dominican Republic,2018,7818.70593240469,5.861,4.21765518,5.2,44.4024905
DOM,Dominican Republic,2019,8117.04639185786,6.356,4.36808872,4.9,45.5172726
DZA,Algeria,2006,4279.61547120827,12.274,3.18999887,3.7,37.0497518
DZA,Algeria,2007,4339.25055772831,13.79,3.62011433,3.5,36.7240995
DZA,Algeria,2008,4367.56538017541,11.333,3.98331022,3.4,37.2559537
DZA,Algeria,2009,4336.10054052949,10.164,4.89210796,3.2,37.761123
DZA,Algeria,2010,4456.6102741643,9.962,4.64001417,3.0,39.6206596
DZA,Algeria,2011,4501.3543013352,9.961,4.82567501,3.0,37.2941554
DZA,Algeria,2012,4518.43978956464,10.969,5.63658524,2.9,38.5167643
DZA,Algeria,2013,4543.23444006767,9.829,5.64541769,2.9,40.6276868
DZA,Algeria,2014,4634.10149179952,10.602,6.01484108,2.8,45.2110876
DZA,Algeria,2015,4685.05902729002,11.206,6.33435678,2.7,44.4268928
DZA,Algeria,2016,4768.73140081027,10.202,6.00080872,2.6,43.0877306
DZA,Algeria,2017,4742.90075532529,11.707,5.9484539,2.5,41.1681878
ECU,Ecuador,2006,4706.98056823816,3.55,5.93617773,10.0,33.7950893
ECU,Ecuador,2007,4715.30359842555,3.142,5.55722475,10.2,35.0782779
ECU,Ecuador,2008,4939.90215021789,3.917,5.52174902,10.5,36.5679135
ECU,Ecuador,2009,4909.33681705683,4.608,6.03388453,10.5,42.0401626
ECU,Ecuador,2010,5022.20374387205,4.088,6.34925699,9.9,41.9319742
ECU,Ecuador,2011,5359.45724615639,3.458,6.60509682,9.8,45.486693
ECU,Ecuador,2012,5579.85624282158,3.235,6.87859821,10.1,45.6624591
ECU,Ecuador,2013,5893.32172683036,2.913,6.77866411,9.6,47.7255844
ECU,Ecuador,2014,6055.04172761485,3.279,6.76601839,8.8,49.24823
ECU,Ecuador,2015,5976.1596805651,3.419,7.76786041,8.8,47.5719747
ECU,Ecuador,2016,5849.13587933672,4.39,7.58817482,9.0,48.3617013
ECU,Ecuador,2017,6104.27253521751,3.708,7.52484131,9.2,48.5679071
ECU,Ecuador,2018,6063.0956178776,3.396,7.83364677,8.1,47.1982412
ECU,Ecuador,2019,5971.38938386723,3.703,7.80878448,7.6,47.5431334
EGY,"Egypt, Arab Rep.",2006,2761.62410768311,10.491,4.84190083,3.1,39.3896549
EGY,"Egypt, Arab Rep.",2007,2902.06559803259,8.805,4.44493246,3.1,40.0895249
EGY,"Egypt, Arab Rep.",2008,3052.2129784594,8.517,4.46634817,3.1,41.2697556
EGY,"Egypt, Arab Rep.",2009,3135.09661305712,9.087,4.37870932,3.1,44.8516649
EGY,"Egypt, Arab Rep.",2010,3233.84521249306,8.757,4.15319157,3.2,41.966637
EGY,"Egypt, Arab Rep.",2011,3222.37650111397,11.849,4.35707569,3.3,41.7477907
EGY,"Egypt, Arab Rep.",2012,3220.99194201188,12.597,4.45891809,3.4,40.9901078
EGY,"Egypt, Arab Rep.",2013,3216.37839024454,13.154,4.6710043,3.4,36.4689862
EGY,"Egypt, Arab Rep.",2014,3235.66246235519,13.105,4.77415323,3.3,38.8182807
EGY,"Egypt, Arab Rep.",2015,3306.98159414141,13.052,5.06153202,3.3,41.1970738
EGY,"Egypt, Arab Rep.",2016,3381.22246307712,12.45,5.07462406,3.2,42.7666301
EGY,"Egypt, Arab Rep.",2017,3452.90961245976,11.767,5.34661913,3.0,43.4288001
EGY,"Egypt, Arab Rep.",2018,3568.63966286365,9.855,4.74892998,3.0,43.4484327
EGY,"Egypt, Arab Rep.",2019,3701.2446344954,7.851,4.5994668,3.0,49.0336069
ESP,Spain,2006,26899.0921497113,8.452,7.87072468,7.5,71.1230909
ESP,Spain,2007,27338.79541774,8.232,7.96241188,7.4,73.211155
ESP,Spain,2008,27112.526293889,11.254,8.4290638,7.8,71.7543779
ESP,Spain,2009,25860.8142592652,17.857,9.1530304,7.6,69.5244385
ESP,Spain,2010,25766.2515825743,19.86,9.16992569,6.9,66.8234911
ESP,Spain,2011,25510.5579678829,21.39,9.21749687,7.1,68.373687
ESP,Spain,2012,24763.568274484,24.789,9.2189045,7.7,68.890859
ESP,Spain,2013,24498.5559507945,26.094,9.13714981,8.5,71.2501964
ESP,Spain,2014,24947.8512505913,24.441,9.1512289,8.6,71.1855431
ESP,Spain,2015,25982.4416197775,22.057,9.17553329,7.9,72.1152492
ESP,Spain,2016,26719.2442268615,19.635,8.88084984,7.8,71.8350998
ESP,Spain,2017,27426.281015093,17.224,9.0217495,8.2,71.1731923
ESP,Spain,2018,27956.7225466484,15.255,9.07122517,7.8,72.1501162
ESP,Spain,2019,28301.4393949563,14.104,9.21539497,7.7,73.0905204
EST,Estonia,2006,16234.5152041417,5.915,4.97308683,20.9,71.4799625
EST,Estonia,2007,17543.4661785723,4.592,5.18429422,21.4,70.6846243
EST,Estonia,2008,16688.997772178,5.455,5.95694113,19.4,71.6963959
EST,Estonia,2009,14274.8511086787,13.548,6.84443808,23.3,69.2859557
EST,Estonia,2010,14657.939813612,16.707,6.59404182,18.8,71.5420317
EST,Estonia,2011,15820.922342204,12.328,6.05471659,18.2,71.8721426
EST,Estonia,2012,16460.6843479001,10.021,6.03782082,21.1,71.9079021
EST,Estonia,2013,16809.5326683781,8.631,6.19788504,18.9,72.0046205
EST,Estonia,2014,17413.6867560212,7.352,6.26286125,19.5,73.9696507
EST,Estonia,2015,17722.1557669523,6.412,6.52138662,15.9,71.4535945
EST,Estonia,2016,18264.9873304279,6.882,6.56918621,15.7,72.0227229
EST,Estonia,2017,19270.8141210511,5.807,6.46636105,18.7,72.1112768
EST,Estonia,2018,19914.3454922878,5.412,6.56314421,15.3,75.9403274
EST,Estonia,2019,20579.8756732376,4.514,6.64763546,14.9,74.5831698
ETH,Ethiopia,2013,518.324662208106,2.251,4.07506514,5.7,41.2145793
FIN,Finland,2006,44069.3958834717,8.935,8.2858429,21.0,90.8351953
FIN,Finland,2007,46213.6898975737,6.854,8.08415604,19.7,88.1509114
FIN,Finland,2008,46359.8732844055,6.369,8.34362221,20.6,90.1834609
FIN,Finland,2009,42412.5133513534,8.249,9.16182804,20.4,93.3166023
FIN,Finland,2010,43556.5385834368,8.394,9.14183331,18.6,93.0859943
FIN,Finland,2011,44391.4535667984,7.781,9.23903561,17.9,94.8579686
FIN,Finland,2012,43507.9345371578,7.689,9.61732101,17.0,95.538659
FIN,Finland,2013,42883.6384986417,8.193,9.84504986,17.2,94.7555239
FIN,Finland,2014,42502.4880199858,8.663,9.83066177,15.4,91.5426504
FIN,Finland,2015,42560.3456767103,9.376,9.69998264,14.0,88.7404502
FIN,Finland,2016,43529.6761616969,8.818,9.45625591,15.2,89.0248715
FIN,Finland,2017,44862.220404205,8.64,9.19148445,15.9,92.3694646
FIN,Finland,2018,45337.2409550575,7.361,9.10587025,16.2,93.3360502
FIN,Finland,2019,45898.5708448954,6.695,9.22295189,15.3,93.1277483
FJI,Fiji,2007,4223.44802067613,8.75,3.41514993,9.4,45.5588517
FJI,Fiji,2008,4240.77264898616,8.938,3.18467116,9.6,35.5873302
FJI,Fiji,2009,4164.29314815569,8.717,3.53587627,9.7,34.5108392
FJI,Fiji,2010,4272.35916210382,8.914,3.41664124,9.6,40.7602717
FJI,Fiji,2011,4375.58083514077,4.406,3.14293504,9.8,41.1238457
FJI,Fiji,2012,4427.97841523552,8.997,3.2655499,10.0,40.0909871
FJI,Fiji,2013,4630.3512738488,8.957,3.20040679,10.0,40.0967076
FJI,Fiji,2014,4883.24299340799,6.165,3.36860466,9.7,49.4107879
FJI,Fiji,2016,5218.85824573477,4.319,3.27979708,9.4,49.3829596
FRA,France,2006,35645.4162427116,8.832,10.39764977,18.5,79.8013323
FRA,France,2007,36322.1685141004,8.008,10.33418846,17.9,80.889408
FRA,France,2008,36257.3658930938,7.386,10.51340675,18.2,83.0072895
FRA,France,2009,35052.8510772683,9.122,11.29095459,18.4,81.4823864
FRA,France,2010,35578.1968010183,9.279,11.22430801,18.2,79.3586094
FRA,France,2011,36269.9561530888,9.228,11.17601013,18.0,79.8974363
FRA,France,2012,36161.2918253465,9.841,11.33749485,17.8,80.7574861
FRA,France,2013,36256.086680981,9.913,11.37891197,17.0,80.0063772
FRA,France,2014,36444.3949089146,10.273,11.57935429,15.6,79.6111153
FRA,France,2015,36702.4323733379,10.354,11.50032997,15.8,79.7147617
FRA,France,2016,36920.5342846914,10.057,11.57036018,14.9,78.9518133
FRA,France,2017,37580.5979329356,9.409,11.44944572,14.6,78.5973333
FRA,France,2018,38062.4435961412,9.018,11.30847645,14.2,80.8697481
FRA,France,2019,38705.2072940618,8.415,11.17058277,13.8,80.1591081
FSM,"Micronesia, Fed. Sts.",2014,2757.39654878889,8.863,11.83491802,25.8,47.9737698
GAB,Gabon,2010,6481.49612073562,20.39,2.47556901,10.1,40.0367344
GBR,United Kingdom,2006,43944.9985799069,5.472,8.53970814,7.8,84.5522005
GBR,United Kingdom,2007,44882.141312304,5.399,8.76035309,7.6,83.7435354
GBR,United Kingdom,2008,44508.2874631479,5.748,9.03295708,8.1,84.5019786
GBR,United Kingdom,2009,42146.5095879962,7.683,9.83944035,8.0,80.2065107
GBR,United Kingdom,2010,42762.720840223,7.973,9.78799534,7.8,80.1316434
GBR,United Kingdom,2011,42791.0934313474,8.195,9.79682636,8.3,79.887339
GBR,United Kingdom,2012,43136.7006795996,8.279,9.89332199,8.2,80.6579094
GBR,United Kingdom,2013,43585.8731772281,7.752,9.99087143,8.8,79.4652327
GBR,United Kingdom,2014,44628.5724578217,6.398,9.97686195,8.6,83.5843317
GBR,United Kingdom,2015,45256.040227057,5.552,9.94044876,8.8,83.1560518
GBR,United Kingdom,2016,45888.7099614563,4.909,9.87085724,8.5,83.4783092
GBR,United Kingdom,2017,47019.4510419999,4.501,9.70468903,8.2,81.7911302
GBR,United Kingdom,2018,47516.2099770322,4.145,9.79496574,8.1,80.9891227
GBR,United Kingdom,2019,47866.9140354078,3.657,9.97954082,7.9,78.4973891
GEO,Georgia,2006,2554.81253503914,13.573,7.63208008,6.2,43.8163408
GEO,Georgia,2007,2891.13702331846,13.276,7.43517828,6.1,47.010025
GEO,Georgia,2008,2970.15858282428,17.866,8.44424057,7.5,51.0404612
GEO,Georgia,2009,2887.25607935922,20.71,9.56681633,8.5,52.9775814
GEO,Georgia,2010,3090.06513662318,20.203,9.02123737,8.3,55.4596125
GEO,Georgia,2011,3362.1030031968,19.632,7.88224316,8.7,61.900975
GEO,Georgia,2012,3609.780798626,19.653,7.95168972,9.2,63.2747144
GEO,Georgia,2013,3806.50600649051,19.416,8.00574589,9.8,62.0561499
GEO,Georgia,2014,3960.35080091901,17.439,8.2940836,10.3,61.6395054
GEO,Georgia,2015,4086.6223465965,16.506,8.6599493,10.5,60.4770505
GEO,Georgia,2016,4225.09154904806,16.604,9.07258892,10.7,62.9627954
GEO,Georgia,2017,4442.50744127374,13.939,8.70140266,9.6,63.6579094
GEO,Georgia,2018,4713.65354845303,12.667,7.75524616,9.4,61.1018024
GEO,Georgia,2019,4975.81148194814,11.565,7.31291389,9.2,61.2834309
GHA,Ghana,2006,1185.26570738595,4.897,3.67208791,7.0,52.7786399
GHA,Ghana,2010,1381.2279503506,5.384,4.52302933,7.8,52.0582273
GHA,Ghana,2013,1718.59704769958,2.173,4.59225416,7.7,49.6173125
GHA,Ghana,2015,1722.77282833606,6.806,4.54299259,7.3,49.6710927
GHA,Ghana,2017,1841.44636153249,3.369,2.68786979,7.0,52.0523183
GIN,Guinea,2014,738.272274481308,5.044,4.787992,7.1,31.8794936
GIN,Guinea,2019,926.42221954853,5.018,4.08876228,7.0,38.1864104
GMB,"Gambia, The",2012,639.139881889048,9.268,4.26872253,5.3,40.125823
GMB,"Gambia, The",2018,658.127833258563,4.055,3.18501234,4.8,41.5729578
GNB,Guinea-Bissau,2018,686.456819839526,3.127,7.28164959,7.2,27.3204445
GNB,Guinea-Bissau,2019,706.298562874985,2.52,7.14602089,7.0,26.4437564
GRC,Greece,2006,23220.5324419197,8.906,8.39596939,3.7,61.9642886
GRC,Greece,2007,23973.6936091313,8.351,8.52304935,3.0,60.9811989
GRC,Greece,2008,23923.8800731311,7.664,8.948102,3.4,60.247963
GRC,Greece,2009,22878.1346644397,9.546,9.53581333,3.6,60.9675764
GRC,Greece,2010,21547.724178239,12.719,9.61952496,3.5,57.259701
GRC,Greece,2011,19448.255802525,17.973,9.18577003,4.4,56.315898
GRC,Greece,2012,17924.6620496886,24.731,9.04327774,4.8,55.7531725
GRC,Greece,2013,17644.8766635021,27.686,8.52183914,5.0,59.0507519
GRC,Greece,2014,17903.5252440012,26.708,7.94358587,5.3,56.0998457
GRC,Greece,2015,17980.7298238137,24.981,8.26719952,5.0,54.8741394
GRC,Greece,2016,18049.928997892,23.514,8.45097542,4.7,52.9718104
GRC,Greece,2017,18352.0884461258,21.413,8.11336899,5.1,56.4412613
GRC,Greece,2018,18769.0389621976,19.179,8.07267761,5.1,57.9494834
GRC,Greece,2019,19216.6759579785,17.045,8.11709499,5.1,60.2647801
GRD,Grenada,2013,7688.75297701343,24.2,5.62652922,1.2,61.0800679
GRD,Grenada,2014,8206.62862112333,24.5,4.77353573,0.6,56.0525307
GRD,Grenada,2015,8694.12438005692,22.9,4.64675617,0.7,51.9847503
GRD,Grenada,2018,9744.16919577204,13.658,4.58373737,0.3,48.3347558
GRD,Grenada,2019,9785.56040240592,9.788,4.93189621,0.7,49.5285739
GTM,Guatemala,2006,3388.15165081967,1.902,6.36362219,10.7,37.7140296
GTM,Guatemala,2010,3546.62750929879,3.497,6.1247797,7.3,39.5303208
GTM,Guatemala,2011,3621.37582644774,4.126,5.96306896,6.6,38.0920971
GTM,Guatemala,2012,3655.57490299412,2.765,6.07316971,6.1,37.8801126
GTM,Guatemala,2013,3717.30457960279,3.017,5.77188921,5.9,38.794034
GTM,Guatemala,2014,3809.61584332802,2.717,5.8885684,5.8,40.2148786
GTM,Guatemala,2015,3893.50533299068,2.506,6.00602007,5.8,38.6489233
GTM,Guatemala,2016,3924.7789643024,2.583,6.07008219,5.7,38.2011062
GTM,Guatemala,2017,3972.74059262672,2.462,6.13563824,5.6,37.764584
GTM,Guatemala,2018,4040.21214374742,2.283,6.10662699,6.0,36.4630344
GTM,Guatemala,2019,4139.12206338632,2.193,6.17443275,5.9,36.2144095
GUY,Guyana,2006,4076.77981715707,10.7,3.93144464,30.7,49.1874986
GUY,Guyana,2018,6080.90612132746,13.627,4.90492535,39.5,49.6879293
GUY,Guyana,2019,6278.63054079553,13.172,4.90331507,40.3,49.6980188
HND,Honduras,2006,2056.53491469231,3.574,7.86318684,2.2,37.4096509
HND,Honduras,2007,2134.19540639485,3.211,8.08494949,2.1,39.4171702
HND,Honduras,2008,2175.14709403064,3.156,8.60362625,2.1,37.9876653
HND,Honduras,2009,2076.30859895638,3.292,8.99592495,2.0,38.769834
HND,Honduras,2010,2108.47314459603,4.119,8.72536373,2.0,39.1786348
HND,Honduras,2011,2144.56265540491,4.474,8.79187012,1.9,39.5962185
HND,Honduras,2012,2188.39378817891,3.755,8.65655136,3.3,37.9599323
HND,Honduras,2013,2205.40126728067,5.646,8.47723007,3.2,35.6870041
HND,Honduras,2014,2229.24772232218,7.078,7.91455746,3.4,39.6550483
HND,Honduras,2015,2271.20265980349,6.147,7.4837904,4.0,40.5381315
HND,Honduras,2016,2315.72983058198,6.727,7.709445,2.0,42.9545002
HND,Honduras,2017,2383.37398439714,5.528,7.00668859,2.1,43.1871557
HND,Honduras,2018,2430.13503657762,5.648,7.22820663,2.0,41.0906042
HND,Honduras,2019,2447.61649282181,5.698,7.34316635,2.1,41.3748835
HRV,Croatia,2006,12104.2947219361,11.13,6.90362167,18.3,57.2225473
HRV,Croatia,2007,12718.2002498979,9.909,7.38946152,18.1,58.6395128
HRV,Croatia,2008,12970.5143712302,8.53,7.63643503,18.4,59.036128
HRV,Croatia,2009,12099.7045228367,9.202,8.03311729,18.3,59.5324289
HRV,Croatia,2010,11965.1414956676,11.62,7.94908857,18.3,56.9187831
HRV,Croatia,2011,11993.1337166457,13.678,7.62508154,16.4,56.0184181
HRV,Croatia,2012,11780.5853491253,16.046,7.63413,18.4,59.1426463
HRV,Croatia,2013,11838.4554388595,17.231,6.37271595,16.5,59.4215338
HRV,Croatia,2014,11862.7815706266,17.209,6.56612396,17.3,59.6165223
HRV,Croatia,2015,12283.8750299177,16.15,6.65548038,17.6,56.3326237
HRV,Croatia,2016,12848.473748279,13.015,6.69167471,16.4,56.492053
HRV,Croatia,2017,13485.3711360576,11.078,6.62803125,15.7,59.1971848
HRV,Croatia,2018,14061.0597402919,8.322,6.7136178,16.4,60.9216088
HRV,Croatia,2019,14641.8735578488,6.551,6.78699923,16.4,59.489619
HTI,Haiti,2007,1343.61111422048,16.8,3.64734101,10.0,19.1005239
HTI,Haiti,2012,1354.88546124499,14.1,5.56462336,10.0,20.2365991
HUN,Hungary,2006,11734.4544729813,7.494,7.78556442,24.9,65.3244097
HUN,Hungary,2007,11791.7074416876,7.406,7.20719147,25.0,60.9440375
HUN,Hungary,2008,11929.7209867703,7.817,7.09275723,25.4,60.9722274
HUN,Hungary,2009,11142.885928524,10.03,7.2366724,25.4,61.8764035
HUN,Hungary,2010,11287.3686666108,11.172,7.46420383,25.5,60.0989829
HUN,Hungary,2011,11536.3578996772,11.029,7.49342251,25.1,60.4591445
HUN,Hungary,2012,11440.7622718825,11.003,7.43047714,24.8,59.7453351
HUN,Hungary,2013,11729.5720798501,10.177,7.23645353,22.1,62.4481433
HUN,Hungary,2014,12287.3779441033,7.725,7.04192352,20.4,64.2948896
HUN,Hungary,2015,12782.9412577973,6.813,6.8501935,19.9,62.6125464
HUN,Hungary,2016,13145.6559885563,5.115,6.96752644,18.7,62.1375212
HUN,Hungary,2017,13734.2442804335,4.156,6.73338366,17.5,63.1557792
HUN,Hungary,2018,14533.7783144312,3.667,6.55460501,17.7,63.5105529
HUN,Hungary,2019,15290.8085466331,3.411,6.24677849,16.6,61.5257209
IDN,Indonesia,2006,2244.0802226202,7.551,2.61946416,2.9,41.2810836
IDN,Indonesia,2007,2355.1528565328,8.06,2.82385564,2.9,42.4519248
IDN,Indonesia,2008,2464.60193418272,7.208,2.54842305,2.8,42.5385381
IDN,Indonesia,2009,2546.21969707767,6.106,2.62324095,2.7,44.9194662
IDN,Indonesia,2010,2670.8129098953,5.614,2.7908783,2.6,46.4184115
IDN,Indonesia,2011,2799.62468790318,5.153,2.98942471,2.6,44.9745977
IDN,Indonesia,2012,2930.518445323,4.468,2.91427088,2.5,46.3417399
IDN,Indonesia,2013,3055.24246006469,4.336,2.86934805,2.5,48.1635493
IDN,Indonesia,2014,3170.72103011429,4.049,2.96433568,2.4,57.5456059
IDN,Indonesia,2015,3288.22269725538,4.514,2.92428517,2.4,50.1223884
IDN,Indonesia,2016,3416.81005170972,4.301,3.02147198,2.4,53.7163997
IDN,Indonesia,2017,3553.51999262321,3.783,2.90417194,2.4,54.3846673
IDN,Indonesia,2018,3701.32155461912,4.387,2.86757827,2.4,56.2687851
IDN,Indonesia,2019,3850.90321738979,3.59,2.87862897,2.4,57.4126224
IND,India,2010,1235.15939132939,3.115,3.33625913,14.6,49.1209884
IND,India,2012,1333.09626557649,3.222,3.32935286,14.3,49.6146448
IND,India,2018,1883.35772705055,7.652,2.8584938,12.6,61.0922301
IND,India,2019,1936.03067741063,6.51,2.95299792,12.7,61.1691545
IRL,Ireland,2006,51656.8194855887,4.355,7.51646996,10.9,79.7197879
IRL,Ireland,2007,52849.6948429458,4.98,7.80773735,11.5,78.102586
IRL,Ireland,2008,49461.1594281353,6.774,9.12564754,12.2,76.9383423
IRL,Ireland,2009,46466.3794269222,12.609,10.52275753,14.0,73.5733621
IRL,Ireland,2010,46991.6464673949,14.534,10.52062798,11.9,71.4472344
IRL,Ireland,2011,47539.9181739968,15.354,10.4888649,12.5,75.5249817
IRL,Ireland,2012,47147.1604669421,15.451,10.47466946,12.4,78.0174096
IRL,Ireland,2013,47928.0346487005,13.735,10.0333004,11.4,77.3952281
IRL,Ireland,2014,52044.6201181887,11.858,9.23077869,11.0,79.8861704
IRL,Ireland,2015,64250.1385181257,9.908,7.07827806,9.3,78.8130589
IRL,Ireland,2016,64205.979777351,8.374,7.3382206,10.0,78.873907
IRL,Ireland,2017,69748.6221034014,6.713,6.91718578,10.0,78.1121019
IRL,Ireland,2018,74029.0550611436,5.741,6.74710846,9.9,79.6806257
IRL,Ireland,2019,76485.635854651,4.95,6.61860561,9.6,76.6868572
IRN,"Iran, Islamic Rep.",2006,4778.7934584732,11.519,5.15990877,6.0,37.0562345
IRN,"Iran, Islamic Rep.",2007,5084.71796043623,10.772,4.91188192,6.4,37.170367
IRN,"Iran, Islamic Rep.",2008,5035.94008533618,10.63,5.03990459,6.2,36.7574557
IRN,"Iran, Islamic Rep.",2009,5023.89314362941,12.113,6.11493444,6.2,36.8376118
IRN,"Iran, Islamic Rep.",2010,5249.06133369759,13.679,6.29153061,6.3,39.0124079
IRN,"Iran, Islamic Rep.",2011,5321.75870744453,12.491,6.09787989,6.8,40.9003892
IRN,"Iran, Islamic Rep.",2012,5058.64637811835,12.275,6.12235355,6.7,40.9877064
IRN,"Iran, Islamic Rep.",2013,4916.97291948475,10.595,5.73697805,6.6,40.2826079
IRN,"Iran, Islamic Rep.",2014,5093.20319702187,10.68,6.81539536,6.5,46.3342811
IRN,"Iran, Islamic Rep.",2015,4952.73355532178,11.166,8.38232708,6.3,47.6110494
IRN,"Iran, Islamic Rep.",2016,5312.61724954192,12.618,7.80285025,6.2,47.3901809
IRN,"Iran, Islamic Rep.",2017,5395.2398398598,12.232,7.71801233,6.0,47.5024565
IRN,"Iran, Islamic Rep.",2018,5127.22495367018,12.195,6.63571692,5.7,46.0373048
IRN,"Iran, Islamic Rep.",2019,4952.45669081078,10.74,6.23426771,5.2,43.2270684
IRQ,Iraq,2007,3565.58054079041,8.646,3.2148056,3.7,19.6131324
IRQ,Iraq,2012,4387.90469058707,7.965,2.69365859,4.1,29.624732
IRQ,Iraq,2014,4446.97343234862,10.592,2.78786659,4.1,32.6557553
IRQ,Iraq,2016,4932.9272911439,10.82,4.57253027,4.0,30.1091758
IRQ,Iraq,2017,4736.32710809857,13.017,4.08944416,3.9,30.1111727
ISL,Iceland,2006,52306.128485789,2.83,8.55709076,12.5,82.0896601
ISL,Iceland,2007,55457.3601614503,2.251,8.3535862,14.8,80.5478077
ISL,Iceland,2008,55360.8136012406,2.946,8.34370804,14.8,82.7552172
ISL,Iceland,2009,50581.0846167336,7.22,8.77518463,14.3,83.1533258
ISL,Iceland,2010,49528.4864733411,7.564,8.36173058,12.8,79.0750865
ISL,Iceland,2011,50058.8302665144,7.028,8.25498867,11.6,79.0201357
ISL,Iceland,2012,50375.4117054195,6.0,8.23091221,13.5,79.9801881
ISL,Iceland,2013,51696.0876507326,5.376,8.22651291,13.9,81.0625648
ISL,Iceland,2014,52102.575810195,4.897,8.29044247,15.7,78.5234168
ISL,Iceland,2015,53505.6964079339,3.979,8.13121986,14.3,78.4585166
ISL,Iceland,2016,56049.2928672039,2.978,8.15569115,13.0,78.2310332
ISL,Iceland,2017,56657.9800322797,2.742,8.3243084,12.2,79.8959488
ISL,Iceland,2018,57731.6523639512,2.704,8.43817616,10.8,82.1325789
ISL,Iceland,2019,57118.8452777198,3.507,8.63996315,11.9,82.0552286
ISR,Israel,2006,30707.435814097,10.707,6.70000744,5.5,76.0730114
ISR,Israel,2007,32071.3107404162,9.379,6.67256165,5.2,74.2937008
ISR,Israel,2008,32519.7624461575,7.704,6.80668306,5.3,76.1685069
ISR,Israel,2009,32139.1146490917,9.534,6.86992359,6.0,75.2506791
ISR,Israel,2010,33307.1044316197,8.48,6.85038328,6.7,76.678016
ISR,Israel,2011,34499.9509262825,7.139,6.80594969,5.7,77.4570971
ISR,Israel,2012,34685.0915981013,6.762,6.94185257,6.1,76.6177279
ISR,Israel,2013,35436.2912873273,6.137,6.94074392,5.2,76.5869577
ISR,Israel,2014,36055.08530225,5.789,7.02990532,5.1,76.6398455
ISR,Israel,2015,36138.13561386,5.176,7.02090645,4.5,79.7939299
ISR,Israel,2016,37044.0118623764,4.723,7.09919167,5.2,81.0271611
ISR,Israel,2017,37911.0217281157,4.14,7.17189407,5.1,81.3967141
ISR,Israel,2018,38695.0100079706,3.917,7.23550367,5.4,78.5109493
ISR,Israel,2019,39322.038041422,3.731,7.20701885,5.3,81.8544555
ITA,Italy,2006,33873.0493680093,6.777,8.39791012,6.7,57.3505532
ITA,Italy,2007,34159.9109244074,6.076,8.10167217,6.7,55.2276609
ITA,Italy,2008,33550.6340800063,6.723,8.50157547,6.9,56.426062
ITA,Italy,2009,31587.0638416305,7.749,8.91290951,7.0,58.3200378
ITA,Italy,2010,31928.5543621096,8.363,8.87928963,6.9,57.8767278
ITA,Italy,2011,32039.5032494316,8.359,8.728508,7.4,56.6892562
ITA,Italy,2012,30953.4147447427,10.655,8.7983427,7.6,59.2562888
ITA,Italy,2013,30330.0221599668,12.149,8.7897644,7.5,60.4696676
ITA,Italy,2014,30325.0287793923,12.683,8.85913563,7.2,58.3178271
ITA,Italy,2015,30639.8829751432,11.896,8.84596729,7.1,58.5385497
ITA,Italy,2016,31077.6792675211,11.688,8.72043991,6.6,59.7770308
ITA,Italy,2017,31635.52277108,11.211,8.69060516,7.1,58.8834672
ITA,Italy,2018,31963.6417148824,10.538,8.65467453,6.7,59.8004841
ITA,Italy,2019,32180.4341017428,9.884,8.61536789,6.7,60.2576967
JAM,Jamaica,2006,5656.66803579988,10.325,5.51022339,1.5,53.5818315
JAM,Jamaica,2007,5710.53878446758,9.745,6.19109583,1.8,52.9757264
JAM,Jamaica,2008,5639.58974873397,6.666,6.65533972,2.2,53.7414825
JAM,Jamaica,2009,5372.14234169511,7.314,6.37021589,2.3,55.2044642
JAM,Jamaica,2010,5271.57221477938,7.63,6.44219255,1.9,54.8124747
JAM,Jamaica,2011,5339.62170188798,8.034,6.5231781,2.2,54.564122
JAM,Jamaica,2012,5284.00852557589,8.695,6.18602896,2.1,54.3319818
JAM,Jamaica,2013,5289.88438546111,9.698,6.28453302,2.0,55.2927692
JAM,Jamaica,2014,5307.19165380801,9.046,6.28673887,2.2,60.131785
JAM,Jamaica,2016,5472.28314023034,8.634,6.5901823,2.2,60.577018
JAM,Jamaica,2017,5586.1365723133,7.399,6.98476934,2.3,60.2784843
JAM,Jamaica,2018,5717.87621107532,5.47,6.83884478,2.3,61.0608922
JAM,Jamaica,2019,5814.79275311692,4.987,6.96945572,2.4,61.0939956
JOR,Jordan,2006,4596.56909353547,14.0,7.67925692,1.9,53.2633015
JOR,Jordan,2007,4681.17006766931,13.1,7.90982628,1.7,55.0588129
JOR,Jordan,2008,4902.38348073849,12.7,8.48880577,1.7,55.0052194
JOR,Jordan,2009,5043.62638729303,12.9,9.22396946,1.6,55.6678093
JOR,Jordan,2010,5066.49720027725,12.5,8.17025661,1.5,52.8175571
JOR,Jordan,2011,5085.98005025386,12.9,8.14807701,1.5,53.9652559
JOR,Jordan,2012,5135.0327939589,12.2,7.81799555,1.5,55.6249975
JOR,Jordan,2013,5007.76162067161,12.6,7.16592407,1.5,56.0296684
JOR,Jordan,2014,4703.39944986815,11.9,7.20892906,1.5,58.7454147
JOR,Jordan,2015,4441.61896013754,13.075,7.4609561,1.5,58.7699258
JOR,Jordan,2016,4326.17261571505,15.275,6.97644138,1.5,58.3898205
JOR,Jordan,2017,4335.92512689541,18.12,7.10953665,1.5,56.7296726
JOR,Jordan,2018,4320.029787425,18.257,6.98295021,1.6,53.0879709
JOR,Jordan,2019,4313.80791426608,16.801,7.07244635,1.6,51.5567544
JPN,Japan,2006,33880.6890093456,4.192,7.68688869,23.9,79.670859
JPN,Japan,2007,34426.6937124867,3.888,7.77935696,25.0,76.5166287
JPN,Japan,2008,34008.5915147362,4.002,8.08909321,24.4,76.4223096
JPN,Japan,2009,31993.8588053706,5.068,8.9587822,24.9,77.1254987
JPN,Japan,2010,33311.2872381879,5.102,9.0630064,24.1,77.2459058
JPN,Japan,2011,33306.1802259719,4.55,10.48780155,23.4,77.2299151
JPN,Japan,2012,33909.4911855243,4.358,10.67169094,21.6,76.899252
JPN,Japan,2013,34636.6924746166,4.038,10.67438698,21.4,79.5585854
JPN,Japan,2014,34996.8796756631,3.589,10.7290144,20.1,85.8180198
JPN,Japan,2015,35664.6446110613,3.385,10.74969959,19.1,84.5129644
JPN,Japan,2016,35934.4467886662,3.132,10.65891552,17.5,86.6068501
JPN,Japan,2017,36547.7357437305,2.822,10.65627098,17.0,84.6386214
JPN,Japan,2018,36899.3847079435,2.467,10.73988247,16.7,86.8238668
JPN,Japan,2019,36837.2583653113,2.351,10.96998405,15.3,87.0499696
KAZ,Kazakhstan,2006,7450.39687062615,7.79,3.39824843,38.0,33.5050603
KAZ,Kazakhstan,2007,8036.87599811505,7.258,2.70314813,38.0,33.3247851
KAZ,Kazakhstan,2008,8216.52181589585,6.63,3.02569842,34.6,35.1157504
KAZ,Kazakhstan,2009,8218.39912556048,6.6,3.47355628,30.3,36.5455237
KAZ,Kazakhstan,2010,8704.70655484556,5.767,2.73641396,29.9,35.9134978
KAZ,Kazakhstan,2011,9223.3021336315,5.389,2.60236669,28.7,36.7616051
KAZ,Kazakhstan,2012,9531.91477617058,5.286,3.03725982,27.6,39.2857733
KAZ,Kazakhstan,2013,9959.72586930534,5.205,2.66286755,26.3,39.8770465
KAZ,Kazakhstan,2015,10196.1226255982,4.971,3.04051113,23.2,51.1184861
KAZ,Kazakhstan,2017,10404.2718646317,4.9,3.0524447,20.8,51.5791733
KEN,Kenya,2009,1276.73503486074,9.6,5.29172945,6.0,39.6220576
KEN,Kenya,2016,1517.97796057742,2.757,4.75429106,5.4,45.1848965
KEN,Kenya,2019,1645.70961777862,5.014,4.36874676,6.1,45.6736783
KGZ,Kyrgyz Republic,2006,837.138026647346,8.271,8.3118391,13.1,34.3432259
KGZ,Kyrgyz Republic,2008,966.409971184817,8.219,6.52511883,12.3,32.6478299
KGZ,Kyrgyz Republic,2009,981.220904665529,8.4,6.89873457,11.9,31.8621009
KGZ,Kyrgyz Republic,2010,962.764789828724,8.692,6.95027161,11.4,36.3737824
KGZ,Kyrgyz Republic,2011,1005.4831781815,7.455,7.1072917,11.3,34.4286377
KGZ,Kyrgyz Republic,2012,985.8472865972,5.908,8.50966358,10.9,33.9830877
KGZ,Kyrgyz Republic,2013,1069.78404438716,5.526,8.18745041,10.5,34.5690935
KGZ,Kyrgyz Republic,2014,1088.58214229508,5.051,7.35766459,10.5,34.6294555
KGZ,Kyrgyz Republic,2015,1105.65193844261,4.2,7.14930916,9.9,33.9397431
KGZ,Kyrgyz Republic,2016,1128.3161612818,4.009,6.41248226,8.6,33.9067407
KGZ,Kyrgyz Republic,2017,1157.18275758067,3.319,6.18586349,8.3,37.4590582
KGZ,Kyrgyz Republic,2018,1175.0712778747,4.559,5.01030922,8.0,40.8044874
KGZ,Kyrgyz Republic,2019,1201.87701429721,5.45,4.25461817,7.4,38.3049139
KHM,Cambodia,2007,1030.23117620792,1.257,4.42702723,5.7,32.9191206
KHM,Cambodia,2008,1090.57475806147,0.825,5.61296654,5.6,31.8271036
KHM,Cambodia,2009,1117.25834194514,0.579,6.3089695,5.4,35.714426
KHM,Cambodia,2010,1155.85236856699,0.771,5.62713194,5.4,35.5107518
KHM,Cambodia,2011,1221.38839852454,0.577,6.00443649,5.3,36.7995151
KHM,Cambodia,2012,1295.25271477893,1.279,5.77632856,5.2,37.7112141
KHM,Cambodia,2013,1376.29557595926,0.438,5.00863695,5.2,35.5071527
KHM,Cambodia,2014,1464.53115866927,0.692,4.40784645,5.1,39.7105804
KHM,Cambodia,2015,1547.32010444393,0.393,4.53898621,5.1,39.871538
KHM,Cambodia,2016,1645.46671578126,0.716,4.49053288,5.1,40.2121214
KHM,Cambodia,2017,1753.93530504662,0.141,4.26933241,5.0,42.2538135
KHM,Cambodia,2019,2008.32094006706,0.499,5.05801058,4.9,41.32227
KIR,Kiribati,2010,1328.78776438805,30.584,8.76666641,30.7,38.3573719
KIR,Kiribati,2015,1639.85274740652,9.334,7.21568632,29.7,43.2979438
KIR,Kiribati,2019,1834.42627824847,8.557,10.16600227,28.3,46.0218663
KOR,"Korea, Rep.",2006,23162.1860111297,3.254,4.95851803,23.7,69.3855966
KOR,"Korea, Rep.",2007,24391.7651013448,3.013,4.95834208,26.7,73.6257171
KOR,"Korea, Rep.",2008,24934.5396367691,2.959,5.24642324,28.6,69.5969492
KOR,"Korea, Rep.",2009,25009.9148311999,3.363,5.68525076,34.2,71.281196
KOR,"Korea, Rep.",2010,26623.0487122927,3.324,5.79390717,34.0,76.0784285
KOR,"Korea, Rep.",2011,27393.455357272,2.992,5.90292883,34.5,77.0671142
KOR,"Korea, Rep.",2012,27944.0564190045,2.812,5.9576025,30.2,77.2653285
KOR,"Korea, Rep.",2013,28732.711152033,3.067,6.06858635,30.6,75.1378455
KOR,"Korea, Rep.",2014,29470.6732991655,3.082,6.24487352,29.0,74.408685
KOR,"Korea, Rep.",2015,30171.7906545222,3.546,6.46202612,28.0,74.6415719
KOR,"Korea, Rep.",2016,31005.4072876388,3.65,6.6356945,27.2,74.4078722
KOR,"Korea, Rep.",2017,31979.9027302467,3.653,6.79827499,25.8,74.3374479
KOR,"Korea, Rep.",2018,32852.8887488942,3.824,7.14222002,28.6,78.2996628
KOR,"Korea, Rep.",2019,33496.3113815643,3.746,7.69397116,28.6,82.9882538
KWT,Kuwait,2006,41137.969927672,1.3,1.8213098,2.7,50.6809704
KWT,Kuwait,2007,41113.8693942735,1.5,1.92673647,2.6,49.7692539
KWT,Kuwait,2008,39852.5129115699,1.753,1.92400301,2.9,49.4146533
KWT,Kuwait,2009,35124.0853941026,1.641,2.70638776,2.7,53.4075431
KWT,Kuwait,2010,32568.4981754501,1.816,2.67879915,2.5,53.848201
KWT,Kuwait,2011,33545.346271839,3.597,2.33303547,2.3,51.9908868
KWT,Kuwait,2014,31073.1537300624,2.9,2.9159987,2.5,54.0802401
KWT,Kuwait,2015,29882.2126495698,1.947,4.21497965,2.6,55.9637415
KWT,Kuwait,2016,29454.4426388829,2.164,4.73096323,2.6,51.2857028
LAO,Lao PDR,2010,1564.91068311647,0.708,2.91154933,6.0,34.6136495
LAO,Lao PDR,2015,2121.01339097363,2.006,2.45366454,5.6,44.4577174
LAO,Lao PDR,2017,2351.57441747595,3.268,2.52606821,5.6,46.802184
LBN,Lebanon,2007,7179.34520092306,8.984,8.55984211,2.9,46.1490418
LBN,Lebanon,2009,8375.48851252821,6.355,7.0073576,3.0,45.0903616
LBN,Lebanon,2019,8064.04873416236,11.301,8.68533897,2.8,39.2409451
LBR,Liberia,2007,574.609394348543,5.551,4.32884932,4.9,25.5469088
LBR,Liberia,2010,621.783295071575,2.266,8.43860245,4.9,31.4440409
LBR,Liberia,2014,707.157694930142,2.079,8.09817886,4.9,29.6599879
LBR,Liberia,2016,668.031513175601,3.081,9.88514519,4.5,28.8306674
LBR,Liberia,2017,671.260899835355,5.931,9.91087437,4.5,28.8259308
LBY,Libya,2012,12599.258882136,19.0,3.95612097,5.7,24.1596226
LCA,St. Lucia,2006,10045.6504032593,16.0,5.1270175,7.6,65.9666184
LCA,St. Lucia,2007,10147.4432459936,14.0,5.54166603,7.1,67.1925406
LCA,St. Lucia,2008,10583.4310172598,12.72,5.09061956,8.0,67.2332738
LCA,St. Lucia,2009,10219.8024011561,15.37,5.24410772,7.2,68.5492043
LCA,St. Lucia,2011,10576.8979743596,18.857,5.06134319,7.2,72.0607087
LCA,St. Lucia,2012,10517.2777635533,19.062,4.92510271,8.7,67.4873897
LCA,St. Lucia,2013,10279.4155096001,22.209,5.07107592,8.3,67.491856
LCA,St. Lucia,2016,10644.1612913407,16.559,4.51095486,7.4,55.2171825
LCA,St. Lucia,2017,10960.4843512477,18.894,4.45561934,7.9,55.220943
LCA,St. Lucia,2018,11233.8883578457,19.116,4.27262402,8.0,55.2415828
LCA,St. Lucia,2019,11077.9479823807,15.344,4.290905,7.9,57.1924772
LKA,Sri Lanka,2006,2426.34872826822,6.476,3.85019565,18.3,45.7225878
LKA,Sri Lanka,2007,2573.54361719411,5.96,3.82258177,20.0,47.0295098
LKA,Sri Lanka,2008,2708.58593724377,5.206,3.85482955,17.5,46.9117938
LKA,Sri Lanka,2009,2787.27350463737,5.853,4.05676842,22.7,49.4814008
LKA,Sri Lanka,2010,2993.01410960302,4.784,3.7414515,21.9,47.7331656
LKA,Sri Lanka,2011,3232.37349786435,4.118,3.5819521,17.9,48.1592055
LKA,Sri Lanka,2012,3484.79048392653,3.974,3.30659294,16.6,47.9577187
LKA,Sri Lanka,2013,3728.93585962083,4.186,3.69365358,15.2,48.5462523
LKA,Sri Lanka,2014,3929.92061307909,4.157,3.46786141,13.1,54.0569792
LKA,Sri Lanka,2015,4057.71582716521,4.519,3.6826396,15.1,53.0872671
LKA,Sri Lanka,2016,4214.74117217382,4.242,3.61788416,14.8,50.6200095
LKA,Sri Lanka,2017,4436.00789131029,4.046,3.33093429,14.4,49.9814465
LKA,Sri Lanka,2018,4493.03574617534,4.318,3.6418879,14.2,49.4433819
LKA,Sri Lanka,2019,4455.78188788143,4.67,3.70119572,14.0,49.9535152
LSO,Lesotho,2008,971.881366821351,35.462,7.66648197,57.8,41.9305761
LSO,Lesotho,2013,1093.95323489272,24.582,10.97986031,87.6,42.547078
LSO,Lesotho,2019,1040.99351014117,16.876,21.92373085,72.4,38.2270795
LTU,Lithuania,2006,10577.2145522871,5.78,5.85725737,35.2,62.0345145
LTU,Lithuania,2007,11889.3545234657,4.25,5.75978613,34.5,60.3695406
LTU,Lithuania,2008,12324.5197331387,5.826,6.29010201,37.8,57.0876642
LTU,Lithuania,2009,10612.9204044582,13.785,7.34499836,39.2,61.7728797
LTU,Lithuania,2010,10884.1161852582,17.814,6.9058671,37.2,62.5650427
LTU,Lithuania,2011,11836.7200384033,15.39,6.54017687,38.1,62.6075784
LTU,Lithuania,2012,12516.6184065667,13.365,6.30798101,35.0,65.0568113
LTU,Lithuania,2013,13145.8069309969,11.77,6.15501022,40.5,65.1204866
LTU,Lithuania,2014,13753.1895982305,10.698,6.22244453,35.6,66.7899366
LTU,Lithuania,2015,14269.8039878287,9.12,6.47396851,34.9,68.4405239
LTU,Lithuania,2016,14823.107153522,7.862,6.64928818,32.8,67.7749803
LTU,Lithuania,2017,15695.9993288456,7.073,6.44472837,29.7,66.0837298
LTU,Lithuania,2018,16604.9021440809,6.147,6.46896172,27.4,68.0850852
LTU,Lithuania,2019,17431.7239081591,6.255,6.94472647,26.1,67.8873629
LUX,Luxembourg,2006,105618.332853323,4.731,6.6364212,15.2,87.2127822
LUX,Luxembourg,2007,112422.146493735,4.065,6.15803099,14.0,86.5902799
LUX,Luxembourg,2008,110096.656683086,5.06,6.23101091,13.4,86.9453938
LUX,Luxembourg,2009,104576.122195434,5.194,6.94993162,11.3,88.3429036
LUX,Luxembourg,2010,106545.854916218,4.423,6.66263008,12.0,87.3191993
LUX,Luxembourg,2011,105292.012346074,5.122,5.95225334,11.9,89.2339083
LUX,Luxembourg,2012,104489.298083328,5.03,5.29404306,11.3,88.3510448
LUX,Luxembourg,2013,105340.41498623,6.045,5.23557377,11.3,87.024776
LUX,Luxembourg,2014,105585.401767492,6.044,5.23040915,12.7,86.9661503
LUX,Luxembourg,2015,105462.012584423,6.796,5.08113575,12.2,88.275779
LUX,Luxembourg,2016,108351.452194449,6.669,5.07103872,10.2,88.1416813
LUX,Luxembourg,2017,107142.05542835,5.523,5.13535357,9.8,89.1473708
LUX,Luxembourg,2018,106788.661202756,5.589,5.27355194,10.6,89.1039445
LUX,Luxembourg,2019,107591.899505248,5.592,5.46640301,11.3,89.8818589
LVA,Latvia,2006,11507.4648265658,7.03,6.02127075,23.2,59.6438178
LVA,Latvia,2007,12810.0409502542,6.052,5.81969213,20.9,57.3152623
LVA,Latvia,2008,12506.6945041012,7.739,5.86603212,26.4,57.9579416
LVA,Latvia,2009,10675.425174228,17.515,6.2683239,26.3,59.6535379
LVA,Latvia,2010,10500.8666223014,19.482,6.22420359,22.5,62.2370357
LVA,Latvia,2011,11018.5152421583,16.206,5.91758251,22.7,62.4202431
LVA,Latvia,2012,11971.0107466522,15.047,5.62075043,23.5,63.1971542
LVA,Latvia,2013,12353.5386135301,11.867,5.60404825,20.6,65.060776
LVA,Latvia,2014,12731.6771959342,10.846,5.66363621,20.7,68.3450712
LVA,Latvia,2015,13321.9753140616,9.873,5.84916782,21.6,66.1498453
LVA,Latvia,2016,13787.3367440023,9.643,6.35184479,21.3,64.7237353
LVA,Latvia,2017,14382.8612727134,8.715,6.18721867,21.4,64.3896637
LVA,Latvia,2018,15120.0698171804,7.412,6.40854263,18.1,66.8588792
LVA,Latvia,2019,15328.3859933295,6.312,6.86276913,20.1,67.4626841
MAR,Morocco,2006,2489.99291992188,9.668,4.56586647,9.3,45.0071082
MAR,Morocco,2007,2540.615234375,9.56,4.80759001,9.3,45.9655136
MAR,Morocco,2008,2648.58569335938,9.566,4.83789158,9.3,45.4284873
MAR,Morocco,2009,2710.66650390625,8.96,5.27312183,9.2,45.9436313
MAR,Morocco,2010,2767.04223632813,9.09,5.41861057,9.2,49.0676398
MAR,Morocco,2011,2879.53930664063,8.912,5.37019396,9.2,48.1264617
MAR,Morocco,2012,2927.45043945313,8.99,5.39619017,8.9,47.4286781
MAR,Morocco,2013,3008.185546875,9.233,5.25540543,8.0,47.0830645
MAR,Morocco,2014,3051.458984375,9.7,5.41626596,7.7,46.0979352
MAR,Morocco,2015,3146.24780273438,9.46,5.10435581,7.4,46.7442758
MAR,Morocco,2016,3124.42504882813,9.3,5.09203386,7.2,48.6246078
MDA,Moldova,2006,2017.17730062908,4.26,10.54445267,19.7,34.9557126
MDA,Moldova,2007,2082.51260097669,2.749,11.02066803,17.2,36.6284077
MDA,Moldova,2008,2249.22589719372,2.097,10.94920063,19.1,37.1967797
MDA,Moldova,2009,2116.94357544097,3.024,13.6766243,19.7,36.8304505
MDA,Moldova,2010,2269.51116145996,2.972,10.13112831,20.5,39.5938113
MDA,Moldova,2011,2402.94446306051,2.677,9.09670353,15.3,40.0762894
MDA,Moldova,2012,2389.08666147529,2.189,9.13962078,17.0,40.4034039
MDA,Moldova,2013,2605.85029986142,1.894,8.68300343,17.0,41.5935899
MDA,Moldova,2014,2737.80185056647,1.45,8.73206043,17.2,42.3200321
MDA,Moldova,2015,2749.55137054338,1.781,8.50013351,16.2,39.1125524
MDA,Moldova,2016,2910.95486872376,1.591,7.62106228,15.9,39.6467127
MDA,Moldova,2017,3085.33305844263,1.622,7.1278038,14.9,43.5127419
MDA,Moldova,2018,3267.9961042872,1.239,6.70760345,14.4,47.1483109
MDA,Moldova,2019,3438.67732670712,1.502,6.49662447,14.7,46.0297022
MDG,Madagascar,2010,447.417143030687,4.278,4.69762659,5.7,38.5761288
MDG,Madagascar,2012,442.641500123543,0.599,3.91105914,5.6,33.6671671
MDG,Madagascar,2015,445.320069480568,1.785,5.0062542,5.5,31.9055311
MDV,Maldives,2009,8313.4098369723,11.697,10.0928812,2.9,48.2904487
MDV,Maldives,2014,9612.07861806739,3.846,7.91345072,2.7,47.9981584
MDV,Maldives,2016,9909.07669723415,5.771,10.23337078,3.1,50.0486178
MDV,Maldives,2019,11194.9253748064,4.562,7.50238085,2.7,51.477378
MEX,Mexico,2006,9813.82804186659,3.566,5.40647888,4.0,49.685491
MEX,Mexico,2007,9877.69532636562,3.628,5.50668049,4.1,48.2335983
MEX,Mexico,2008,9826.34218448486,3.874,5.44587374,4.4,51.4690774
MEX,Mexico,2009,9074.11881448129,5.356,5.84786463,4.6,53.3610427
MEX,Mexico,2010,9389.06722076504,5.303,5.4897337,4.5,49.9711645
MEX,Mexico,2011,9575.93437734618,5.175,5.30093002,5.2,53.2634999
MEX,Mexico,2012,9782.51776251839,4.892,5.42140484,4.9,55.1941472
MEX,Mexico,2013,9738.71059661101,4.921,5.5773263,5.2,55.6731428
MEX,Mexico,2014,9862.4812534745,4.819,5.35336781,5.7,53.8959477
MEX,Mexico,2015,10021.2386113616,4.311,5.52738619,5.6,53.2847969
MEX,Mexico,2016,10100.5021195819,3.853,5.38499022,5.6,53.8304719
MEX,Mexico,2017,10193.7727188313,3.419,5.3117938,5.9,51.5346523
MEX,Mexico,2018,10296.8690940459,3.275,5.23821402,5.4,50.8168666
MEX,Mexico,2019,10159.4448367696,3.477,5.3013463,5.3,51.171928
MKD,North Macedonia,2006,3866.74650622977,36.392,7.38314581,9.7,44.6618757
MKD,North Macedonia,2007,4140.63354809364,35.231,6.57065344,9.4,44.6860563
MKD,North Macedonia,2008,4392.5507164151,33.93,6.55317593,9.4,45.8778911
MKD,North Macedonia,2009,4405.20045750867,32.351,6.52846384,9.7,46.7777662
MKD,North Macedonia,2010,4582.36517512347,33.135,6.71369696,7.1,41.1732977
MKD,North Macedonia,2011,4711.13027870081,31.502,6.51887369,7.4,44.4563271
MKD,North Macedonia,2012,4708.05168535923,31.096,6.61468363,10.0,49.474154
MKD,North Macedonia,2013,4863.68088666968,29.017,6.71928358,9.7,49.7245968
MKD,North Macedonia,2014,5053.75001236367,28.215,6.28993368,9.3,54.0746013
MKD,North Macedonia,2015,5262.68671928674,26.395,6.34227896,9.2,49.9349423
MKD,North Macedonia,2016,5429.94678358359,24.312,6.37943363,9.3,48.971073
MKD,North Macedonia,2017,5510.81862920922,22.857,6.43909454,9.3,49.4017192
MKD,North Macedonia,2018,5698.39334484489,21.208,6.45699358,9.4,51.9896735
MKD,North Macedonia,2019,5961.58475399191,17.414,7.06654119,9.4,49.0421098
MLI,Mali,2006,797.10053288464,6.665,5.4559021,4.5,33.514271
MLI,Mali,2007,784.893915013531,11.706,5.2530427,4.6,34.5407888
MLI,Mali,2009,803.486738930068,1.665,5.21225691,4.6,35.6915559
MLI,Mali,2010,821.181286586904,8.071,4.67867136,4.5,33.3657731
MLI,Mali,2011,818.399030997125,6.9,4.01485014,4.5,35.3537589
MLI,Mali,2013,788.819448208696,6.351,3.96408582,4.5,34.75555
MLI,Mali,2014,813.97566128646,6.375,4.48158312,4.4,30.9247572
MLI,Mali,2015,838.11986940103,7.729,4.11143351,4.3,33.0954079
MLI,Mali,2016,860.75307554569,1.367,3.77377558,4.2,33.2650453
MLI,Mali,2017,878.561348378099,7.414,3.67425752,4.1,34.3855283
MLI,Mali,2018,892.978322787306,1.62,3.73251104,4.1,32.304991
MLI,Mali,2019,909.751069706998,3.193,3.82943797,4.1,30.0408787
MLT,Malta,2006,18479.2043785147,6.798,8.84659672,6.8,69.4564
MLT,Malta,2007,19342.3162783941,6.472,8.18593979,5.5,71.1183174
MLT,Malta,2008,20064.4517895547,5.977,7.82490158,6.4,73.5107582
MLT,Malta,2009,19635.9067186725,6.896,7.88854265,6.9,70.5809955
MLT,Malta,2010,20750.6382477568,6.861,7.89857197,7.5,70.5465212
MLT,Malta,2011,20867.9213022084,6.388,8.31816673,6.8,70.556636
MLT,Malta,2012,21529.3882643778,6.203,8.24921417,6.0,72.1816272
MLT,Malta,2013,22626.4876843887,6.115,8.30319595,6.8,74.4396885
MLT,Malta,2014,23866.0555833557,5.737,8.88463974,7.1,72.0387467
MLT,Malta,2015,25529.6693210673,5.389,8.70199776,7.2,70.9586197
MLT,Malta,2016,25969.4999809345,4.694,8.69928074,5.8,72.9304475
MLT,Malta,2017,28546.6464943104,4.008,8.31366253,5.5,71.0115775
MLT,Malta,2018,29536.7913868949,3.956,8.11269569,6.0,71.0561918
MLT,Malta,2019,29522.6480165028,4.08,8.89282227,6.1,70.662952
MMR,Myanmar,2014,1099.24387750099,3.868,4.14940882,3.2,26.0569487
MMR,Myanmar,2015,1166.73305546337,0.766,5.19711542,3.2,26.8902786
MMR,Myanmar,2017,1290.5640902569,1.356,4.6921258,3.0,27.0022334
MMR,Myanmar,2018,1361.5683126412,0.767,4.53514671,2.9,25.6752646
MMR,Myanmar,2019,1440.98988236734,0.407,3.814466,2.9,25.7175242
MNE,Montenegro,2011,6110.65726880215,19.759,7.96692181,20.9,44.8981458
MNE,Montenegro,2012,5948.37632539014,19.808,8.29550457,21.0,49.5291436
MNE,Montenegro,2013,6138.24865275199,19.585,8.47144604,20.4,51.1741933
MNE,Montenegro,2014,6272.08821761355,18.054,8.00086784,20.6,57.41865
MNE,Montenegro,2015,6421.00005731419,17.555,9.02188778,20.7,57.4437911
MNE,Montenegro,2016,6634.38197201003,17.732,8.63302994,20.8,56.1982403
MNE,Montenegro,2017,6840.90834101224,16.082,7.98255396,21.1,56.9180812
MNE,Montenegro,2018,7159.46778433252,15.19,8.34355545,21.2,55.0439421
MNE,Montenegro,2019,7470.29237568568,15.128,8.32983208,21.0,55.2321136
MNG,Mongolia,2006,2209.74321787628,7.193,3.74971509,23.7,40.2133095
MNG,Mongolia,2007,2403.72416258662,7.193,4.07522774,23.6,38.2836557
MNG,Mongolia,2008,2576.71295838607,5.565,4.55693007,23.8,37.9990439
MNG,Mongolia,2009,2498.72967493254,5.86,4.45980072,23.6,39.1572133
MNG,Mongolia,2010,2611.67326563924,6.549,3.73945642,23.4,40.8907936
MNG,Mongolia,2011,3010.81642672623,4.769,3.58612084,22.7,40.7519827
MNG,Mongolia,2012,3318.16496597089,3.905,3.85800076,21.7,40.7114186
MNG,Mongolia,2013,3628.90708069575,4.231,4.08932018,21.0,41.6177432
MNG,Mongolia,2014,3830.35892049593,4.798,4.20989752,20.0,45.4144662
MNG,Mongolia,2015,3838.92126989984,4.861,4.23154545,20.0,44.866662
MNG,Mongolia,2016,3817.91962716702,7.235,4.58008575,20.1,44.3627936
MNG,Mongolia,2017,3956.2049437134,6.359,4.33954191,19.2,42.6445022
MNG,Mongolia,2018,4183.85566447661,5.377,4.53449297,18.6,45.5577939
MNG,Mongolia,2019,4337.8167085432,9.024,4.49497986,17.9,44.7572467
MOZ,Mozambique,2015,610.563774706589,3.426,6.60972881,13.9,40.0610803
MRT,Mauritania,2012,1492.69966692583,9.864,2.64919329,3.1,38.6936523
MRT,Mauritania,2017,1580.01453100123,10.336,3.41947556,3.1,35.3834265
MRT,Mauritania,2019,1609.15396170643,10.416,3.09176588,3.1,35.3171652
MUS,Mauritius,2006,6819.92708580325,9.04,3.60573649,9.2,63.2096878
MUS,Mauritius,2007,7180.23173197486,8.475,3.52321672,10.3,63.2214864
MUS,Mauritius,2008,7545.15683789094,7.17,3.93896508,6.7,67.4865633
MUS,Mauritius,2009,7778.25811331163,7.257,4.17035627,9.1,66.822305
MUS,Mauritius,2010,8100.95282599507,7.654,4.51898289,7.8,65.5996417
MUS,Mauritius,2011,8423.28220250903,7.447,4.25059652,9.0,65.8607943
MUS,Mauritius,2012,8694.84560747968,7.472,4.21993399,9.6,70.5816974
MUS,Mauritius,2013,8968.51243536773,7.322,4.620821,8.2,69.3503873
MUS,Mauritius,2014,9297.64820128968,7.467,5.38024664,10.2,71.8078568
MUS,Mauritius,2015,9630.5437837507,7.41,5.55042362,7.9,71.9363001
MUS,Mauritius,2016,9997.89198315532,6.814,5.54289532,8.1,72.739377
MUS,Mauritius,2017,10383.8832682578,6.752,5.59857273,9.6,71.3453769
MUS,Mauritius,2018,10805.4615213739,6.426,5.60310221,8.7,69.4936139
MUS,Mauritius,2019,11111.3423669526,6.331,5.69508171,9.5,68.0541381
MWI,Malawi,2011,517.833736624232,1.736,5.32226658,7.3,39.9852505
MWI,Malawi,2013,525.357645516557,4.978,8.22379494,6.4,40.2491487
MWI,Malawi,2017,544.795729220349,3.77,7.58438921,5.9,40.0975086
MYS,Malaysia,2007,7769.59693350488,3.227,3.07041144,4.4,68.6942469
MYS,Malaysia,2008,7976.11785374773,3.341,3.00692558,4.5,66.5275006
MYS,Malaysia,2009,7700.46111294033,3.694,3.2610569,4.6,65.070113
MYS,Malaysia,2010,8118.92270511981,3.252,3.16474271,4.5,70.0195183
MYS,Malaysia,2011,8400.32248683558,3.055,3.31451917,4.6,68.8710281
MYS,Malaysia,2012,8710.52671359902,3.035,3.45786357,4.6,68.3782913
MYS,Malaysia,2013,8964.80724896203,3.113,3.51276922,4.4,68.2768986
MYS,Malaysia,2014,9341.73055971278,2.883,3.71036959,4.6,69.2141509
MYS,Malaysia,2015,9648.6797937523,3.1,3.82201481,4.8,67.6059224
MYS,Malaysia,2016,9901.47960179812,3.4,3.70085335,5.1,66.4538797
MYS,Malaysia,2017,10293.7629205362,3.36,3.71472311,5.4,66.1388399
MYS,Malaysia,2018,10610.1950240479,3.3,3.75944281,5.4,68.0473561
MYS,Malaysia,2019,10902.9834855856,3.3,3.83991051,5.7,67.2315239
NAM,Namibia,2008,4036.38187484707,37.583,10.67726994,14.1,58.5900919
NAM,Namibia,2010,4165.12990200988,22.12,10.62278938,12.9,56.0309459
NAM,Namibia,2012,4420.96741373862,16.771,10.20360184,10.2,59.0771238
NAM,Namibia,2013,4549.26759093897,19.028,10.08887577,10.2,57.8626989
NAM,Namibia,2014,4701.95694189098,18.521,8.4089098,10.9,57.4938848
NAM,Namibia,2016,4648.62713460213,23.352,9.32231045,10.7,55.908958
NAM,Namibia,2018,4400.47537705743,19.877,8.62148285,9.9,57.438306
NER,Niger,2011,434.986264873953,0.316,4.87323856,5.4,37.8143043
NER,Niger,2012,463.066265496402,2.177,4.30732679,5.5,39.8709936
NER,Niger,2014,482.74524741946,0.524,4.45377159,5.5,39.8920029
NER,Niger,2017,497.172608329608,7.769,5.57609606,5.3,38.6065315
NER,Niger,2019,526.60361746086,0.531,5.66642094,5.3,38.4169834
NGA,Nigeria,2011,2370.97657091881,3.77,3.32077932,4.4,29.5352331
NGA,Nigeria,2013,2495.34106573862,3.711,3.4206934,4.1,32.2468183
NGA,Nigeria,2014,2583.61556958171,4.562,3.34840417,3.9,30.8288399
NGA,Nigeria,2015,2585.73360671797,4.311,3.58194995,3.7,33.5709036
NGA,Nigeria,2016,2481.81490350403,7.06,3.64773679,3.7,33.4681925
NGA,Nigeria,2017,2441.71236404537,8.389,3.74762511,3.6,34.6017808
NGA,Nigeria,2019,2431.53528475874,4.448,2.98547053,3.5,32.5216168
NIC,Nicaragua,2006,1644.37193565251,5.313,6.35756445,4.6,34.1402323
NIC,Nicaragua,2007,1703.20780299405,4.891,6.95643044,4.9,34.3341183
NIC,Nicaragua,2008,1736.65740610408,6.2,7.16700697,5.1,33.6979392
NIC,Nicaragua,2009,1655.72028962416,8.157,7.68584394,5.0,35.0483672
NIC,Nicaragua,2010,1704.37875049059,7.828,7.71019173,4.8,35.4785214
NIC,Nicaragua,2012,1876.1759720149,5.208,7.48836899,4.4,36.6817835
NIC,Nicaragua,2013,1941.45628552626,5.276,7.63869238,5.3,37.0573739
NIC,Nicaragua,2014,2006.64869646533,4.52,7.97716141,4.5,36.5433032
NIC,Nicaragua,2015,2074.45620634731,4.7,7.96303272,4.2,36.6623686
NIC,Nicaragua,2016,2140.14405941606,3.9,8.04877567,4.4,36.056526
NIC,Nicaragua,2017,2209.63273423213,3.3,8.32754421,4.4,41.6630439
NIC,Nicaragua,2018,2107.3396261623,5.2,8.4993515,4.5,36.3551589
NLD,Netherlands,2006,43841.0915818567,5.007,9.03575516,9.6,85.4723168
NLD,Netherlands,2007,45445.542186196,4.153,9.00052166,8.4,85.5128129
NLD,Netherlands,2008,46227.1987545514,3.658,9.21819305,9.0,85.7285404
NLD,Netherlands,2009,44304.4041948677,4.352,9.90839005,9.5,85.8905927
NLD,Netherlands,2010,44659.2793901474,4.991,10.09452248,9.8,85.099748
NLD,Netherlands,2011,45239.7198745589,4.977,10.14537811,10.1,87.3846556
NLD,Netherlands,2012,44631.8855633239,5.821,10.45467281,10.7,88.6857153
NLD,Netherlands,2013,44487.0378593394,7.241,10.50247383,11.8,88.0978759
NLD,Netherlands,2014,45042.0515907444,7.419,10.45699596,11.6,88.612248
NLD,Netherlands,2015,45793.8135434697,6.872,10.18857956,11.8,88.8292083
NLD,Netherlands,2016,46655.0340264754,6.007,9.89148426,11.9,89.4892666
NLD,Netherlands,2017,47670.0858101833,4.837,9.93712521,12.1,90.3198724
NLD,Netherlands,2018,48463.0055608731,3.832,9.85083961,11.4,90.8032877
NLD,Netherlands,2019,49254.024789064,3.379,9.93616295,11.8,91.4720745
NOR,Norway,2006,75428.8816534082,3.397,7.8822999,12.8,89.0345585
NOR,Norway,2007,77205.7545984008,2.493,8.01673985,11.8,88.5597394
NOR,Norway,2008,76876.8705028009,2.521,7.91507673,11.8,84.7214452
NOR,Norway,2009,74688.7531445371,3.1,9.03254128,13.0,86.0844943
NOR,Norway,2010,74505.4313586335,3.527,8.8581152,12.4,85.9512775
NOR,Norway,2011,74563.8349085669,3.196,8.73474026,13.3,86.591153
NOR,Norway,2012,75669.0612719716,3.129,8.72188568,11.4,89.2646824
NOR,Norway,2013,75711.2410395262,3.425,8.87431335,11.8,88.9471751
NOR,Norway,2014,76430.7374974687,3.486,9.28297901,11.6,89.3339128
NOR,Norway,2015,77220.9524311414,4.296,10.06992245,12.5,88.8100598
NOR,Norway,2016,77532.2750022669,4.68,10.53049755,12.6,89.458967
NOR,Norway,2017,78961.7757906168,4.164,10.22983646,12.1,91.4668285
NOR,Norway,2018,79313.2889434042,3.801,9.96037865,12.0,89.0113774
NOR,Norway,2019,79937.5097885912,3.684,10.43807507,11.8,89.1522784
NPL,Nepal,2008,666.865095417138,1.378,3.81756353,8.3,31.5758422
NPL,Nepal,2015,875.543635474862,3.1,5.46615553,8.5,28.7198131
NPL,Nepal,2017,951.857298563641,10.66,4.72174025,8.7,33.3015495
NZL,New Zealand,2006,35649.0258495224,3.852,8.63846684,13.1,87.2268499
NZL,New Zealand,2007,36400.0153308952,3.606,8.32899952,12.3,86.6856334
NZL,New Zealand,2008,35722.2274262581,4.039,8.65133667,12.4,86.6780697
NZL,New Zealand,2009,35352.6428453692,5.867,9.13566399,11.5,89.5863681
NZL,New Zealand,2010,35476.3713609154,6.209,9.09511089,12.6,86.5023949
NZL,New Zealand,2011,35961.911959259,6.035,9.10748196,11.4,89.5047285
NZL,New Zealand,2012,36588.819747177,6.487,9.20243168,12.7,89.6998415
NZL,New Zealand,2013,37240.0279166822,5.842,8.9393549,12.2,88.9729832
NZL,New Zealand,2014,38025.4674998632,5.43,8.97204113,11.3,90.8814351
NZL,New Zealand,2015,38648.7302562109,5.409,8.88920593,11.7,89.258822
NZL,New Zealand,2016,39205.0341298225,5.147,8.76869011,12.2,86.779933
NZL,New Zealand,2017,39667.6884236272,4.737,8.61795807,12.7,86.0992134
NZL,New Zealand,2018,40257.9139260803,4.331,8.56966972,11.4,84.4641774
NZL,New Zealand,2019,40615.7266946543,4.112,8.61898708,11.0,84.0805878
OMN,Oman,2008,22007.7338963517,4.142,1.75567567,6.8,56.0810434
OMN,Oman,2016,18830.6057208608,3.266,4.17580843,4.7,54.4782689
OMN,Oman,2017,18277.945563615,1.677,3.95418668,4.7,53.4953095
OMN,Oman,2018,18269.6769435562,1.8,3.21469474,4.7,53.5065773
OMN,Oman,2019,18089.586668488,2.765,3.80648994,4.9,55.3079939
PAK,Pakistan,2006,1243.94142602543,0.582,2.73132491,9.2,40.9037472
PAK,Pakistan,2007,1265.35567539842,0.398,2.62370729,9.1,41.0735907
PAK,Pakistan,2008,1258.05188934452,0.423,2.56806731,9.0,35.9210693
PAK,Pakistan,2009,1269.07432116444,0.535,2.49995875,8.8,36.200124
PAK,Pakistan,2010,1256.69482201323,0.653,2.42967653,8.8,36.22957
PAK,Pakistan,2011,1261.83161907857,0.796,2.23121333,8.7,35.2850418
PAK,Pakistan,2012,1275.48806898966,3.667,2.22185278,8.8,38.7006114
PAK,Pakistan,2013,1309.70080446386,2.954,2.4164784,8.9,38.5071064
PAK,Pakistan,2014,1343.30778121043,1.827,2.48899078,8.9,38.0755445
PAK,Pakistan,2015,1380.47020838317,3.566,2.49493265,9.0,39.4682574
PAK,Pakistan,2016,1452.18658269177,2.285,2.57026362,9.1,41.026367
PAK,Pakistan,2018,1561.68169819559,4.083,2.82844949,8.9,41.4757961
PAK,Pakistan,2019,1573.8330826937,4.83,2.84736943,8.9,41.6806369
PAN,Panama,2006,8557.9801770364,9.111,6.54604864,5.7,50.5244713
PAN,Panama,2007,9507.64641073854,6.783,7.35227633,4.9,52.5227488
PAN,Panama,2009,10267.0633151993,5.105,6.9857955,4.8,53.2349249
PAN,Panama,2010,10698.0717633911,5.832,7.22332573,4.2,53.721251
PAN,Panama,2011,11761.4988547604,3.922,6.83196259,3.8,53.7761823
PAN,Panama,2012,12668.2945474105,3.714,6.50450659,3.6,55.8430758
PAN,Panama,2013,13236.8306754449,3.732,6.52210426,3.4,55.5098189
PAN,Panama,2014,13611.5490809559,4.444,6.91532087,4.1,55.7389103
PAN,Panama,2015,14082.6548502728,4.402,6.93698502,2.9,57.5817581
PAN,Panama,2016,14474.1243636349,4.843,7.09378099,3.3,59.066869
PAN,Panama,2017,15045.5456426827,5.461,7.16492653,3.2,58.0172633
PAN,Panama,2018,15375.6500855703,5.313,7.60132933,2.9,57.6756338
PAN,Panama,2019,15602.5315209709,6.409,8.13541794,2.9,61.0079753
PER,Peru,2006,4091.36268615581,4.172,4.409585,2.7,38.3484354
PER,Peru,2007,4407.79121686416,4.078,4.42611313,2.6,38.7163319
PER,Peru,2008,4778.52642172313,4.025,4.53098345,2.7,39.4415413
PER,Peru,2009,4801.17153740507,3.964,4.95976877,3.3,43.5436404
PER,Peru,2010,5167.39259325937,3.595,4.70582962,3.5,47.4948266
PER,Peru,2011,5453.45718713631,3.477,4.52216864,3.3,48.1723049
PER,Peru,2012,5740.04346272472,3.238,4.72939587,3.2,49.204691
PER,Peru,2013,6021.46142765232,3.575,4.71272659,3.1,49.2958115
PER,Peru,2014,6103.91864749969,3.208,4.90967321,2.9,47.4749568
PER,Peru,2015,6231.71150338894,3.272,4.90453625,2.7,46.5035997
PER,Peru,2016,6392.25474941014,3.741,4.89353323,2.6,48.0215612
PER,Peru,2017,6457.41940254721,3.691,4.80915499,2.7,49.9120761
PER,Peru,2018,6593.14437459526,3.492,5.0835557,2.8,48.2135515
PER,Peru,2019,6626.26083494969,3.379,5.12525272,2.8,52.2664708
PHL,Philippines,2006,2110.42044781284,4.052,3.77762938,2.0,50.2983996
PHL,Philippines,2007,2209.34651083329,3.434,3.75318074,1.9,52.0082814
PHL,Philippines,2008,2264.9462907288,3.72,3.86315918,2.0,50.9115979
PHL,Philippines,2009,2256.72554835463,3.858,4.16451931,2.3,50.7727229
PHL,Philippines,2010,2373.14312064664,3.605,4.13107872,2.4,51.2799648
PHL,Philippines,2011,2416.75212064542,3.592,4.02518559,2.7,52.8918663
PHL,Philippines,2012,2533.74141964959,3.504,4.17709208,2.4,55.6852603
PHL,Philippines,2013,2654.41506933978,3.497,4.27408695,2.4,56.0614632
PHL,Philippines,2014,2776.92005909479,3.6,3.70313668,2.3,60.1755923
PHL,Philippines,2015,2909.85818010301,3.068,3.8982749,2.3,59.274047
PHL,Philippines,2016,3076.3374186759,2.695,3.95484328,2.2,56.2005872
PHL,Philippines,2017,3247.4503878362,2.552,3.96042776,2.2,54.7710745
PHL,Philippines,2018,3410.93647976109,2.338,3.9538188,2.2,55.5875464
PHL,Philippines,2019,3575.88170922922,2.237,4.16646004,2.2,54.875588
PNG,Papua New Guinea,2010,2140.50939027384,2.002,2.10756016,2.6,38.0060321
PNG,Papua New Guinea,2011,2102.03192060639,2.624,2.29397798,2.6,38.0542669
POL,Poland,2006,9137.65850849801,13.794,5.78148365,17.1,57.3147645
POL,Poland,2007,9760.7042604352,9.551,5.86390114,15.7,55.7849285
POL,Poland,2008,10187.2017910883,7.069,6.35196781,17.0,59.3020561
POL,Poland,2009,10446.5289138524,8.131,6.57037735,19.2,60.4228425
POL,Poland,2010,10808.3975674238,9.578,6.43533468,18.6,61.9844209
POL,Poland,2011,11370.313427173,9.576,6.24533606,18.0,62.5902655
POL,Poland,2012,11542.2353368014,10.031,6.22854042,18.5,63.0116543
POL,Poland,2013,11628.2286809525,10.293,6.44993687,18.2,64.0632258
POL,Poland,2014,12093.1622787394,8.971,6.39059496,17.4,69.011587
POL,Poland,2015,12637.5220324406,7.475,6.36490345,15.9,68.2915982
POL,Poland,2016,13026.1858988718,6.141,6.5470438,13.8,65.9236394
POL,Poland,2017,13695.6452848724,4.867,6.53713226,13.3,63.461552
POL,Poland,2018,14551.0850277089,3.835,6.25094128,12.7,64.7981864
POL,Poland,2019,15221.3090624454,3.267,6.38906956,11.3,64.234619
PRT,Portugal,2006,19529.3122100477,7.649,9.35422611,11.5,67.4823984
PRT,Portugal,2007,19979.5706280792,7.965,9.25186634,12.6,67.0800588
PRT,Portugal,2008,20014.4749330004,7.553,9.58307838,13.1,68.7035976
PRT,Portugal,2009,19371.1318876855,9.432,10.13070393,13.1,70.9220767
PRT,Portugal,2010,19698.6836791397,10.771,10.01858425,13.6,65.6166708
PRT,Portugal,2011,19389.6395896162,12.715,9.71847439,12.3,68.0243655
PRT,Portugal,2012,18679.7626789594,15.509,9.64000225,13.5,69.0760206
PRT,Portugal,2013,18597.7214623964,16.237,9.39476109,12.5,69.1208449
PRT,Portugal,2014,18836.8967978906,13.88,9.33570766,14.2,69.4932212
PRT,Portugal,2015,19215.7813014347,12.405,9.33309937,13.2,72.9656451
PRT,Portugal,2016,19662.82312462,11.058,9.39989281,11.4,72.6031483
PRT,Portugal,2017,20364.1962735946,8.878,9.32668972,12.0,75.2574904
PRT,Portugal,2018,20997.7745987013,6.966,9.42121029,11.7,71.9545074
PRT,Portugal,2019,21569.1874752919,6.422,9.50868607,11.5,71.0506386
PRY,Paraguay,2006,4349.31197066182,5.277,5.01927567,4.2,33.8718193
PRY,Paraguay,2007,4540.38235899198,4.713,5.02042723,3.8,33.9392647
PRY,Paraguay,2008,4788.6631877791,4.415,5.03776026,3.6,34.9621719
PRY,Paraguay,2009,4727.59685811395,5.46,5.52496862,4.4,36.1948566
PRY,Paraguay,2010,5191.05014254402,4.569,5.46593952,3.5,36.420242
PRY,Paraguay,2011,5342.19015717376,4.67,5.82225847,4.6,36.7122348
PRY,Paraguay,2012,5230.26244858764,4.085,6.53144598,4.6,36.4824628
PRY,Paraguay,2013,5583.12274473463,4.385,6.0642848,4.9,36.5389885
PRY,Paraguay,2014,5794.4764468976,5.034,6.62719059,5.9,36.9819642
PRY,Paraguay,2015,5879.33792308671,4.556,6.69165802,5.7,36.0687116
PRY,Paraguay,2016,6041.95879367268,5.255,6.67556572,5.3,38.1443957
PRY,Paraguay,2017,6243.13363139058,6.138,6.60902548,6.1,38.8443202
PRY,Paraguay,2018,6354.2392005297,6.217,6.74497652,6.0,41.6272611
PRY,Paraguay,2019,6243.53620897773,6.595,7.16081905,6.0,42.2719023
QAT,Qatar,2006,68036.6212164734,0.872,2.288064,6.8,58.981154
QAT,Qatar,2007,64614.0465071968,0.517,2.07008052,8.4,63.8304381
QAT,Qatar,2008,64393.5954479866,0.308,1.63775349,8.3,65.2511368
QAT,Qatar,2009,63939.8050831437,0.313,2.38356304,8.4,71.2981921
QAT,Qatar,2010,74271.9022959058,0.454,1.87017763,8.2,70.0924275
QAT,Qatar,2011,83533.4963791019,0.564,1.599962,8.0,70.9408518
QAT,Qatar,2012,82441.7405083009,0.481,1.74822152,7.4,70.2942915
QAT,Qatar,2013,77379.6735599552,0.267,2.07620168,6.7,73.5009934
QAT,Qatar,2014,71756.0649338302,0.193,2.42293572,6.3,70.454238
QAT,Qatar,2015,68985.2946961507,0.163,3.63581347,6.1,71.4469466
QAT,Qatar,2016,67294.4585771356,0.143,3.54971433,6.1,71.3532322
QAT,Qatar,2017,64497.6987225375,0.133,3.21237087,5.8,70.2034412
QAT,Qatar,2018,64410.8171280981,0.104,2.96176219,5.8,67.0161522
QAT,Qatar,2019,63430.4607609581,0.1,3.18468714,5.8,69.663893
ROU,Romania,2006,6876.77841417966,7.27,5.07106066,12.9,42.5316841
ROU,Romania,2007,7483.97375820611,6.413,5.02223349,11.6,41.9983483
ROU,Romania,2008,8318.00342795388,5.787,5.02277184,11.7,41.5058701
ROU,Romania,2009,7924.87058070212,6.859,5.27816248,12.2,41.6206754
ROU,Romania,2010,7660.70667630517,6.959,5.63882685,13.2,46.9432834
ROU,Romania,2011,8044.57194920892,7.177,4.47503996,12.1,47.8694759
ROU,Romania,2012,8234.28553425194,6.794,4.50939083,12.6,47.638551
ROU,Romania,2013,8287.95844089676,7.096,5.2240696,12.2,50.4486805
ROU,Romania,2014,8661.47397274241,6.802,5.0276823,11.3,50.3717113
ROU,Romania,2015,8977.01748158196,6.812,4.94292021,11.5,51.1153654
ROU,Romania,2016,9286.87678236598,5.901,5.08012772,10.2,49.0223916
ROU,Romania,2017,10106.2269557253,4.927,5.18878555,10.1,49.0059945
ROU,Romania,2018,10714.1701157127,4.187,5.51454878,10.2,49.355108
ROU,Romania,2019,11197.3162915853,3.912,5.69924641,9.7,48.5141794
RUS,Russian Federation,2006,7949.89697265625,7.162,4.76654387,44.8,35.3555263
RUS,Russian Federation,2007,8640.40625,6.105,4.74792528,41.7,37.2876864
RUS,Russian Federation,2008,9093.7001953125,6.325,4.90364122,40.7,36.5122958
RUS,Russian Federation,2009,8381.8681640625,8.458,5.64392471,38.4,35.7070412
RUS,Russian Federation,2010,8755.1201171875,7.407,4.97111797,38.1,35.6283415
RUS,Russian Federation,2011,9120.8203125,6.571,4.79491472,35.9,35.6187517
RUS,Russian Federation,2012,9464.0107421875,5.484,4.93637276,34.4,35.1716326
RUS,Russian Federation,2013,9601.537109375,5.513,5.08104849,33.5,36.98092
RUS,Russian Federation,2014,9493.8125,5.212,5.1820941,33.8,47.4684664
RUS,Russian Federation,2015,9277.7138671875,5.615,5.29604626,32.0,45.0710518
RUS,Russian Federation,2016,9269.3173828125,5.591,5.28970337,31.0,44.9980608
RUS,Russian Federation,2017,9418.99609375,5.238,5.35890055,28.2,47.1232942
RUS,Russian Federation,2018,9674.787109375,4.871,5.35520792,27.1,48.1709302
RUS,Russian Federation,2019,9882.0244140625,4.513,5.64849091,25.1,52.1461979
RWA,Rwanda,2012,647.436613845487,3.438,8.1021471,6.0,49.5913373
RWA,Rwanda,2014,682.709499066795,1.169,6.98448992,5.8,50.5563848
RWA,Rwanda,2017,765.845359390541,11.875,5.37623835,5.6,57.4987691
RWA,Rwanda,2018,808.704812752127,10.759,5.45722818,5.6,56.7310978
RWA,Rwanda,2019,863.872077583172,11.236,4.91471481,5.6,55.7922219
SAU,Saudi Arabia,2006,21616.3355772516,6.254,3.61922002,4.0,47.579204
SAU,Saudi Arabia,2007,21196.7926036633,5.734,3.56229162,4.3,48.6124747
SAU,Saudi Arabia,2008,21629.8405734551,5.085,2.97100711,4.6,49.9245436
SAU,Saudi Arabia,2009,20577.5453445336,5.377,4.29042768,5.0,50.4049334
SAU,Saudi Arabia,2010,21830.1424272816,5.55,3.64786148,5.5,53.073876
SAU,Saudi Arabia,2012,23643.0358324647,5.622,3.98779845,6.4,51.2044443
SAU,Saudi Arabia,2013,23057.3494468535,5.6,4.42293596,6.5,49.8606797
SAU,Saudi Arabia,2014,23404.7306039825,5.877,5.15800905,6.6,52.8043993
SAU,Saudi Arabia,2015,23256.1549553531,5.6,5.8620224,6.3,52.9975543
SAU,Saudi Arabia,2016,22783.0328538685,5.6,6.24142838,6.3,56.8213355
SAU,Saudi Arabia,2017,23035.1199977707,5.89,6.03126049,6.2,54.7809656
SAU,Saudi Arabia,2018,24393.5188306638,6.029,5.34063101,6.1,56.5030836
SAU,Saudi Arabia,2019,24905.6697428558,5.636,5.46743011,6.0,56.4333535
SDN,Sudan,2008,1381.62561035156,15.566,5.42313576,4.1,25.8668562
SDN,Sudan,2009,1301.34729003906,13.0,6.39496326,4.1,27.4996056
SDN,Sudan,2011,1388.21813964844,17.44,5.61579561,4.1,25.6491299
SEN,Senegal,2006,1118.7830430051,11.1,3.76337624,7.0,41.1530001
SEN,Senegal,2011,1139.74447892639,2.853,4.21416712,6.5,46.4693043
SEN,Senegal,2015,1218.00613555438,6.757,4.37789631,6.4,48.1766856
SEN,Senegal,2016,1257.40906916238,4.455,4.25606871,6.3,47.7480792
SEN,Senegal,2017,1312.10932775878,4.078,4.16359377,6.2,50.7623495
SEN,Senegal,2019,1379.60875249843,2.863,4.49531031,6.0,53.7598532
SGP,Singapore,2006,44159.4101820552,4.48,2.9347465,11.7,94.0903284
SGP,Singapore,2007,46178.8139470199,3.9,2.83749056,10.7,95.6676507
SGP,Singapore,2008,44601.5799302699,3.96,3.19488454,10.4,95.925595
SGP,Singapore,2009,43331.8746638962,5.86,3.39370513,10.5,93.3599333
SGP,Singapore,2010,48752.0515441859,4.12,3.1982615,9.9,93.6769719
SGP,Singapore,2011,50713.5326393594,3.89,3.1539185,9.6,92.7010182
SGP,Singapore,2012,51679.352717333,3.718,3.32392788,11.3,94.9863419
SGP,Singapore,2013,53298.9728558286,3.862,3.68225336,10.3,93.6220464
SGP,Singapore,2014,54681.9336458253,3.743,3.87132597,10.2,93.3818933
SGP,Singapore,2015,55645.6068614606,3.785,4.18061399,9.0,93.8738309
SGP,Singapore,2016,57076.5241936787,4.084,4.37989521,9.1,95.0042168
SGP,Singapore,2017,59493.3758595703,4.163,4.35978413,9.0,94.4261072
SGP,Singapore,2018,61101.5252578902,3.878,4.07275724,9.4,94.4482054
SGP,Singapore,2019,61106.3119775351,3.125,4.40746737,11.2,94.9771682
SLB,Solomon Islands,2009,1930.46287614922,2.016,6.6096673,15.8,34.3608811
SLB,Solomon Islands,2013,2136.72116177034,0.694,4.58030891,15.4,34.5384069
SLE,Sierra Leone,2014,1032.23789355905,4.678,15.11886978,6.2,30.9604681
SLE,Sierra Leone,2018,1015.6678297205,1.646,5.29927444,6.6,32.3906127
SLV,El Salvador,2006,3302.34817354347,6.505,8.69338894,6.6,43.1190471
SLV,El Salvador,2007,3359.1623024135,6.406,8.47836304,7.9,43.1643867
SLV,El Salvador,2008,3420.44927357443,5.884,8.49585915,6.8,42.553932
SLV,El Salvador,2009,3337.81150878211,7.332,8.83749676,8.6,44.824803
SLV,El Salvador,2010,3398.49346060363,4.893,8.90416241,6.1,47.2970654
SLV,El Salvador,2011,3515.19664634846,4.297,8.87645435,8.0,45.7816782
SLV,El Salvador,2012,3600.31912505518,3.843,8.60625362,6.8,46.2276637
SLV,El Salvador,2013,3665.90044167854,3.693,9.05235958,6.4,46.8970397
SLV,El Salvador,2014,3713.94992016222,4.154,8.5989418,5.8,49.0592944
SLV,El Salvador,2015,3790.34089108162,3.998,8.75833225,6.9,45.4063483
SLV,El Salvador,2016,3875.84691357954,4.418,8.71456337,5.7,45.0266455
SLV,El Salvador,2017,3954.84014277572,4.385,8.42286873,6.1,44.5116454
SLV,El Salvador,2018,4046.16291720583,4.006,8.322752,6.0,44.241356
SLV,El Salvador,2019,4143.11437097867,4.17,8.80846119,6.1,44.6381812
SOM,"Somalia, Fed. Rep.",2019,494.444039712384,18.828,2.40617251,7.9,12.2348482
SRB,Serbia,2006,5016.41289322251,20.851,8.28575706,19.5,44.758528
SRB,Serbia,2007,5431.27887426624,18.063,9.01782608,18.7,44.5485559
SRB,Serbia,2008,5735.94772695749,13.67,9.12807178,18.0,45.0068457
SRB,Serbia,2009,5578.0119741931,16.116,8.98933506,19.5,46.8141732
SRB,Serbia,2010,5690.70327182682,19.204,9.15153027,17.2,46.8152212
SRB,Serbia,2011,5737.00120175811,22.959,8.75940418,18.0,45.7020802
SRB,Serbia,2012,5739.3075023532,24.0,8.95716667,18.2,45.6508238
SRB,Serbia,2013,5793.33614525565,22.154,8.93188286,17.9,46.5369286
SRB,Serbia,2014,5716.54047153506,19.223,8.85966778,17.0,53.3985172
SRB,Serbia,2015,5820.3215576888,17.66,8.46289921,16.4,50.5063767
SRB,Serbia,2016,6024.95754653784,15.257,8.15184307,15.2,52.4828166
SRB,Serbia,2017,6200.26118592152,13.477,7.89965153,0.6,53.5512889
SRB,Serbia,2018,6524.08029755191,12.733,8.18469906,11.3,54.1095364
SRB,Serbia,2019,6870.75810896296,10.395,8.28762531,11.4,52.6343108
STP,Sao Tome and Principe,2006,1157.0861446542,16.65,7.10559654,1.5,31.5273604
STP,Sao Tome and Principe,2012,1225.6945255615,13.594,7.07299662,1.5,36.081041
STP,Sao Tome and Principe,2017,1375.59403284199,6.657,7.46631384,1.5,40.7292235
SUR,Suriname,2009,8276.69079768793,8.711,4.97810316,24.4,49.9966031
SUR,Suriname,2010,8603.90786745855,7.154,4.6978569,25.5,50.0118122
SUR,Suriname,2011,9003.28597674886,7.545,4.40932178,24.3,49.2552668
SUR,Suriname,2012,9140.92898611536,8.1,4.28435707,25.2,51.3128816
SUR,Suriname,2013,9303.46008775809,6.602,4.48738098,25.1,51.1241716
SUR,Suriname,2014,9224.24378410547,6.945,4.52127838,24.7,50.0904536
SUR,Suriname,2015,8813.61705392067,7.222,5.80808163,24.8,50.072217
SUR,Suriname,2016,8293.31553031406,7.917,5.99283743,24.4,50.6703112
SVK,Slovak Republic,2006,12430.2015488557,13.395,6.8522706,14.5,64.9890003
SVK,Slovak Republic,2007,13770.9602691527,11.16,7.17538357,14.0,62.9013989
SVK,Slovak Republic,2008,14497.1114407172,9.514,6.95978355,12.7,63.7645112
SVK,Slovak Republic,2009,13680.7537106597,12.023,7.95280409,13.1,64.1709165
SVK,Slovak Republic,2010,14596.1477776887,14.387,7.67065239,13.6,60.3353716
SVK,Slovak Republic,2011,14950.8735178599,13.634,7.31452227,12.9,60.6032227
SVK,Slovak Republic,2012,15159.6570420004,13.966,7.52780581,12.6,61.430173
SVK,Slovak Republic,2013,15249.8824513785,14.226,7.48013163,12.3,60.4719231
SVK,Slovak Republic,2014,15647.6491763517,11.536,6.86543369,12.9,65.2069308
SVK,Slovak Republic,2015,16442.0760860018,11.492,6.74109745,12.4,63.8746246
SVK,Slovak Republic,2016,16740.7413996428,9.679,7.06081343,12.3,65.5394255
SVK,Slovak Republic,2017,17195.2888721963,8.142,6.73388767,12.3,62.4352091
SVK,Slovak Republic,2018,17869.0149173679,6.544,6.63677502,12.2,61.6389123
SVK,Slovak Republic,2019,18250.9802475637,5.761,6.91102982,12.1,59.8649255
SVN,Slovenia,2006,20166.5323431214,5.95,7.8671999,27.9,66.6016329
SVN,Slovenia,2007,21485.780992381,4.818,7.54076052,22.9,66.0814587
SVN,Slovenia,2008,22175.2369557321,4.371,7.89287567,20.6,70.4420524
SVN,Slovenia,2009,20307.6188322273,5.858,8.6420126,22.5,70.9491602
SVN,Slovenia,2010,20444.1201295876,7.236,8.63941956,20.7,66.7615716
SVN,Slovenia,2011,20535.4155754108,8.166,8.60054302,21.6,67.4058609
SVN,Slovenia,2012,19894.8697964548,8.841,8.79263687,22.0,68.0873096
SVN,Slovenia,2013,19704.2186005128,10.103,8.84043884,22.2,67.4943545
SVN,Slovenia,2014,20228.7081986391,9.668,8.58487225,19.6,71.3685561
SVN,Slovenia,2015,20697.2748530619,8.962,8.57742882,21.0,71.2158233
SVN,Slovenia,2016,21309.7122138949,8.0,8.5691185,19.0,74.67346
SVN,Slovenia,2017,22397.7634988337,6.564,8.2588892,20.9,75.4494767
SVN,Slovenia,2018,23293.966665323,5.108,8.35228634,17.8,76.6205375
SVN,Slovenia,2019,23943.1800949889,4.446,8.56564522,19.8,76.0758989
SWE,Sweden,2006,48078.3520110084,7.066,8.0421772,15.0,86.7097829
SWE,Sweden,2007,49262.152916545,6.161,7.9882226,14.5,89.7790914
SWE,Sweden,2008,48428.6587081751,6.235,8.22603607,15.0,89.7862352
SWE,Sweden,2009,45974.3911151254,8.351,8.77742958,15.7,91.4146193
SWE,Sweden,2010,48205.5492512742,8.61,8.32384682,14.7,89.1761479
SWE,Sweden,2011,49356.5905257047,7.804,10.50179005,14.2,89.9131035
SWE,Sweden,2012,48789.7906883637,7.976,10.834198,15.0,90.2247989
SWE,Sweden,2013,48928.4994141291,8.052,10.9872179,15.9,89.1206664
SWE,Sweden,2014,49557.6183647959,7.954,11.07212639,14.8,88.6060706
SWE,Sweden,2015,51188.1652120493,7.432,10.93069172,15.7,86.9421622
SWE,Sweden,2016,51626.3235312369,6.99,10.95692444,14.6,86.5662432
SWE,Sweden,2017,51894.3748177808,6.718,10.94730949,15.0,87.8289379
SWE,Sweden,2018,52203.0872589761,6.365,11.09132671,14.9,88.642499
SWE,Sweden,2019,53024.4099494317,6.833,10.93444347,14.7,88.1363537
SWZ,Eswatini,2007,2928.46845823015,28.242,7.93004131,53.9,39.858985
SWZ,Eswatini,2016,3500.17688847942,22.718,6.82044792,32.8,46.5114453
SYC,Seychelles,2011,13843.7116081878,4.114,4.35539675,7.9,62.9830269
SYC,Seychelles,2014,14395.6158118771,3.841,4.43609142,7.9,62.4827984
SYC,Seychelles,2015,15333.1051727105,4.151,4.24428654,8.0,64.1264286
SYC,Seychelles,2016,16962.6753972731,3.965,4.71349716,8.0,67.1504773
SYC,Seychelles,2017,17921.5731976918,3.715,4.47661018,8.3,63.3720998
SYC,Seychelles,2018,18628.1862276696,3.528,4.41706038,8.2,63.9890235
SYC,Seychelles,2019,19481.6461053742,2.966,4.25269794,8.1,62.2651148
SYR,Syrian Arab Republic,2006,1420.72014052107,8.168,3.79620314,1.4,31.4629424
SYR,Syrian Arab Republic,2007,1411.68909698729,8.422,3.73920178,1.4,32.6819813
SYR,Syrian Arab Republic,2008,1423.59407304833,10.94,3.41378117,1.4,36.2838694
SYR,Syrian Arab Republic,2009,1484.40718049155,8.141,3.57431221,1.4,37.442941
SYR,Syrian Arab Republic,2010,1526.36518590261,8.613,3.35286307,1.5,37.8431962
SYR,Syrian Arab Republic,2011,1542.71903961106,14.896,2.6616261,1.5,37.9439512
TCD,Chad,2018,898.834794005046,1.135,3.2893219,6.6,28.4343341
TGO,Togo,2006,678.890227390526,4.229,4.30967808,11.0,20.6076396
TGO,Togo,2010,686.014185396121,10.624,4.33284378,10.4,24.9789334
TGO,Togo,2011,706.442158827353,1.982,4.38927078,10.4,25.015037
TGO,Togo,2015,813.894676975085,2.204,6.24738503,9.7,30.1761041
TGO,Togo,2017,851.735728621337,3.744,6.50210476,9.0,32.2214828
TGO,Togo,2019,900.166602437871,2.036,5.91268635,8.8,35.1629664
THA,Thailand,2006,4551.5250018314,1.22,3.09970832,8.9,54.6647876
THA,Thailand,2007,4760.66708464831,1.176,3.19277525,8.4,54.2776202
THA,Thailand,2008,4805.76393990836,1.176,3.45933938,8.1,53.3669421
THA,Thailand,2009,4737.45679763314,1.489,3.61939645,8.0,55.9956569
THA,Thailand,2010,5059.35747831657,0.622,3.39009809,8.1,54.0252135
THA,Thailand,2011,5070.23740191942,0.662,3.56825495,8.0,53.713907
THA,Thailand,2012,5403.87846036273,0.579,3.5229404,7.9,54.8456403
THA,Thailand,2013,5516.61164164135,0.249,3.45313334,7.5,54.254093
THA,Thailand,2014,5541.46599361845,0.576,3.68448091,7.8,53.8461108
THA,Thailand,2015,5688.85335397884,0.597,3.8522861,8.0,52.6510813
THA,Thailand,2016,5857.78052935926,0.688,3.93900609,8.5,53.1751287
THA,Thailand,2017,6076.74307700082,0.83,3.85276842,8.4,54.3886359
THA,Thailand,2018,6314.19948412043,0.765,3.87040329,8.8,54.7516616
THA,Thailand,2019,6434.53770518034,0.716,3.78911877,8.8,54.0667732
TJK,Tajikistan,2006,649.163328755334,2.197,5.03254795,3.6,25.9786107
TJK,Tajikistan,2007,686.48090192413,2.317,5.54050112,3.7,27.4868211
TJK,Tajikistan,2008,726.185491338269,2.436,5.91206694,3.8,27.3750725
TJK,Tajikistan,2009,739.212878526331,11.498,5.85579777,3.9,27.9737947
TJK,Tajikistan,2016,997.352614556708,0.081,6.96349716,4.3,36.1671178
TKM,Turkmenistan,2010,3902.54200118683,4.0,3.20879436,8.5,18.0588494
TLS,Timor-Leste,2007,961.848462090269,5.646,5.64793253,2.6,27.9486536
TLS,Timor-Leste,2010,1195.38067803197,3.301,6.47058821,3.0,25.6604677
TLS,Timor-Leste,2013,1281.92864092574,4.05,8.5323782,3.3,25.4567391
TLS,Timor-Leste,2015,1319.59297370991,3.678,7.69146681,3.5,32.090957
TLS,Timor-Leste,2016,1333.6585468432,4.657,6.94250727,3.6,32.0977508
TON,Tonga,2006,3775.24848570829,1.087,5.47225046,4.0,38.7718231
TON,Tonga,2016,4419.8147470039,1.054,5.22591066,4.1,48.9366863
TON,Tonga,2018,4583.55968565688,2.248,6.12240648,4.0,55.3405159
TTO,Trinidad and Tobago,2006,17021.2241679562,6.268,4.15431976,11.3,52.8173043
TTO,Trinidad and Tobago,2007,17758.6995224652,5.544,4.1536026,11.2,53.8682711
TTO,Trinidad and Tobago,2008,18285.2735441992,4.627,3.6575706,13.7,53.4371641
TTO,Trinidad and Tobago,2009,17461.9640940055,5.28,5.48676443,11.2,56.1723642
TTO,Trinidad and Tobago,2010,17938.0949459463,4.033,5.08042908,11.3,56.1182631
TTO,Trinidad and Tobago,2011,17746.509252615,3.425,4.72197914,9.9,56.9835726
TTO,Trinidad and Tobago,2012,18835.6674122954,3.718,4.62851572,9.5,57.79999
TTO,Trinidad and Tobago,2013,19392.1974593783,2.683,4.80224705,10.9,57.0339306
TTO,Trinidad and Tobago,2014,20032.5402001718,2.477,4.87381697,10.5,57.7974837
TTO,Trinidad and Tobago,2015,19887.2327716498,2.428,5.6525383,10.2,57.4099527
TTO,Trinidad and Tobago,2016,18331.034459758,3.207,6.47465849,9.8,57.4444133
TTO,Trinidad and Tobago,2019,17225.361633712,3.523,6.90704823,8.7,56.9038346
TUN,Tunisia,2006,3444.5513526091,12.51,5.13109922,3.7,61.507041
TUN,Tunisia,2007,3642.11977444786,12.365,5.17542839,3.6,62.5005624
TUN,Tunisia,2008,3760.11828478704,12.444,5.1644063,3.5,61.4693002
TUN,Tunisia,2009,3835.25011939301,13.29,5.40595293,3.5,61.9131372
TUN,Tunisia,2010,3906.90625867605,13.049,5.60950756,3.5,58.1843458
TUN,Tunisia,2011,3784.7412903401,18.334,6.12299299,3.4,54.12445
TUN,Tunisia,2012,3900.04620132702,17.63,6.28984737,3.4,53.9023545
TUN,Tunisia,2013,3947.58763533174,15.934,6.51394987,3.3,50.1357795
TUN,Tunisia,2014,4021.59954703591,14.259,6.45006084,3.2,51.1111655
TUN,Tunisia,2015,4014.94773686432,15.159,6.21339941,3.1,51.0695475
TUN,Tunisia,2016,4015.28893802703,15.557,6.24778175,3.1,50.2261845
TUN,Tunisia,2017,4062.80606534519,15.33,6.18557453,3.1,52.3589057
TUN,Tunisia,2018,4127.97005697994,15.459,5.9375186,3.2,53.3457442
TUN,Tunisia,2019,4153.27978615515,17.153,6.02461243,3.3,52.4136018
TUR,Turkiye,2006,8078.5153787571,10.233,5.14591694,2.7,52.8800113
TUR,Turkiye,2007,8477.53328393352,10.281,5.23760796,2.5,55.0674616
TUR,Turkiye,2008,8447.93976396947,10.97,5.21761751,2.4,53.8712791
TUR,Turkiye,2009,7925.30110421185,14.024,5.49438715,2.4,55.8382459
TUR,Turkiye,2010,8472.57809050119,11.881,5.02053452,2.4,56.4736084
TUR,Turkiye,2011,9265.85910238578,9.784,4.6530509,2.2,57.6042976
TUR,Turkiye,2012,9588.32066531438,9.21,4.44444656,2.2,58.8220358
TUR,Turkiye,2013,10269.4489140773,9.717,4.37099934,2.3,57.1877853
TUR,Turkiye,2014,10597.9801881716,9.912,4.32517862,2.3,60.6603143
TUR,Turkiye,2015,11064.6494504662,10.302,4.11690426,2.3,57.8182771
TUR,Turkiye,2016,11279.6169531569,10.905,4.28469229,2.3,55.4087042
TUR,Turkiye,2017,12005.6459824832,10.916,4.17974997,2.3,56.9298118
TUR,Turkiye,2018,12255.0082146169,10.958,4.12101603,2.3,52.2695935
TUR,Turkiye,2019,12238.2950220128,13.731,4.35954332,2.4,55.4219261
TZA,Tanzania,2006,704.502746582031,3.299,7.598279,5.3,43.0774642
TZA,Tanzania,2008,752.540466308594,0.343,5.55704737,5.8,41.2982177
TZA,Tanzania,2009,772.929565429688,2.5,5.06306362,5.5,42.385049
TZA,Tanzania,2010,801.29931640625,1.314,5.22392178,5.0,42.533823
TZA,Tanzania,2011,838.999267578125,3.474,5.0559845,4.8,41.7713471
TZA,Tanzania,2012,851.910705566406,1.437,5.01779366,4.3,39.6484529
TZA,Tanzania,2013,882.8115234375,2.935,4.64643383,4.4,40.2125686
TZA,Tanzania,2014,913.811218261719,2.125,4.01492071,4.2,41.9613677
UGA,Uganda,2009,749.342865535423,3.6,5.78845549,6.8,41.9060844
UGA,Uganda,2010,768.624091660131,1.401,6.80890226,6.3,42.6276598
UGA,Uganda,2011,816.516366587228,0.881,6.6959095,6.3,42.0579617
UGA,Uganda,2012,823.580468285493,3.551,6.10853958,5.7,41.3771021
UGA,Uganda,2013,828.988669729986,1.914,5.78252411,5.2,42.0634196
UGA,Uganda,2014,845.978664791099,1.566,5.33653069,4.8,45.3640692
UGA,Uganda,2017,871.093880017151,3.428,3.99852037,4.4,44.2525868
UGA,Uganda,2019,920.939101515671,2.563,3.79341364,4.6,41.2885677
UKR,Ukraine,2006,2298.13232421875,6.81,6.4171896,30.8,34.3093972
UKR,Ukraine,2007,2498.35205078125,6.351,6.01776791,31.5,35.8757316
UKR,Ukraine,2008,2567.69409179688,6.363,5.49754429,30.9,35.2942427
UKR,Ukraine,2009,2188.17016601563,8.84,6.60991716,26.3,35.421496
UKR,Ukraine,2010,2285.93383789063,8.1,6.81387615,24.5,35.5721055
UKR,Ukraine,2011,2418.12084960938,7.856,6.81669855,23.0,35.2979254
UKR,Ukraine,2012,2426.92944335938,7.529,7.11789227,23.1,37.8091089
UKR,Ukraine,2013,2432.41625976563,7.17,6.94358015,22.6,36.9490299
UKR,Ukraine,2014,2308.6435546875,9.27,7.19506168,24.4,41.2156954
UKR,Ukraine,2015,2094.47387695313,9.14,7.78352833,21.6,40.5690047
UKR,Ukraine,2016,2156.0830078125,9.35,7.55205393,21.4,41.3103761
UKR,Ukraine,2017,2217.7529296875,9.5,7.44610357,20.6,41.9349724
UKR,Ukraine,2018,2308.6669921875,8.799,7.52051353,21.9,44.2785291
UKR,Ukraine,2019,2398.07836914063,8.194,7.09389353,21.6,44.0890082
URY,Uruguay,2006,11574.470540231,10.844,7.70998907,15.5,61.9172924
URY,Uruguay,2007,12310.482735502,9.403,7.46167231,17.4,62.2393067
URY,Uruguay,2008,13165.83628166,8.025,8.09081745,15.1,63.5760753
URY,Uruguay,2009,13691.71420689,7.74,7.91611385,15.0,64.1374281
URY,Uruguay,2010,14722.3780081191,7.158,7.87757301,16.0,64.1740801
URY,Uruguay,2011,15443.9961926395,6.307,7.91521358,16.8,62.9792159
URY,Uruguay,2012,15949.3176985435,6.451,8.03330803,17.8,60.8927014
URY,Uruguay,2013,16639.4054750651,6.444,8.0844841,15.8,60.7534181
URY,Uruguay,2014,17122.0364563225,6.547,8.038908,17.4,64.3057238
URY,Uruguay,2015,17125.9016800298,7.488,8.25703716,18.6,63.6979874
URY,Uruguay,2016,17357.2349992841,7.841,8.63852501,21.1,62.8174455
URY,Uruguay,2017,17611.6036800874,7.89,8.71702194,20.8,60.8641479
URY,Uruguay,2018,17608.94412947,8.336,8.9001112,21.2,61.8662013
URY,Uruguay,2019,17758.4384273402,8.836,9.240695,21.2,64.7176785
USA,United States,2006,53596.315236412,4.623,14.70878792,12.1,81.4716942
USA,United States,2007,54152.8292673551,4.622,14.91832542,12.4,81.4203931
USA,United States,2008,53703.962897927,5.784,15.20723629,12.7,80.7495938
USA,United States,2009,51863.6183416558,9.254,16.20067596,12.8,79.0823119
USA,United States,2010,52812.6829869279,9.633,16.19722366,13.1,79.1364129
USA,United States,2011,53215.5362314388,8.949,16.14000511,13.4,79.6872017
USA,United States,2012,54000.8410778217,8.069,16.11975479,13.5,81.0674724
USA,United States,2013,54728.860179812,7.375,15.95227051,13.5,81.5277163
USA,United States,2014,55665.2411187802,6.168,16.1415844,14.0,82.4573621
USA,United States,2015,56849.4697923159,5.28,16.40155411,14.4,81.921098
USA,United States,2016,57430.8499298804,4.869,16.69203949,15.1,82.2968867
USA,United States,2017,58435.9707535619,4.355,16.63827515,15.9,82.4298488
USA,United States,2018,59817.6556798612,3.896,16.51312637,15.7,83.2803088
USA,United States,2019,61047.9648238812,3.669,16.54486084,16.1,81.4636929
UZB,Uzbekistan,2006,1807.87328626177,0.2,4.75141335,8.8,24.5895494
UZB,Uzbekistan,2007,1951.57878907892,4.99,4.54267979,8.6,28.6967992
UZB,Uzbekistan,2008,2095.38214534409,4.89,4.70447445,8.5,31.676325
UZB,Uzbekistan,2009,2228.0552685669,5.0,4.79649639,8.0,33.0626836
UZB,Uzbekistan,2010,2359.64199067641,5.4,5.29938841,8.1,28.9990778
UZB,Uzbekistan,2011,2512.68783806993,5.0,5.26245499,8.5,29.5025944
UZB,Uzbekistan,2012,2657.09909084172,4.9,5.54822111,8.9,29.0640209
UZB,Uzbekistan,2013,2823.00205379328,4.9,5.71896601,8.9,29.7826135
UZB,Uzbekistan,2014,2990.56339751192,5.1,4.43092394,9.0,38.1999687
UZB,Uzbekistan,2015,3172.89899391083,5.2,4.73596573,9.2,39.3387622
UZB,Uzbekistan,2016,3327.90932206401,5.2,4.71504498,9.1,39.7336021
UZB,Uzbekistan,2017,3425.78819696408,5.8,4.30888557,8.8,41.2569478
UZB,Uzbekistan,2018,3559.85436594803,9.3,4.55261564,8.6,40.8414796
UZB,Uzbekistan,2019,3733.50435754861,9.0,4.83520985,8.0,41.6021647
VCT,St. Vincent and the Grenadines,2008,7019.9950843874,18.792,3.8878386,4.2,67.2332738
VNM,Viet Nam,2007,1788.9485028957,2.026,4.62917614,6.7,42.9876172
VNM,Viet Nam,2009,1927.13427057454,1.737,4.48502922,6.9,45.1319815
VNM,Viet Nam,2010,2027.58184375924,1.114,5.07146072,7.0,44.393486
VNM,Viet Nam,2011,2132.90453762087,0.999,4.97468519,7.2,44.713939
VNM,Viet Nam,2012,2224.11404253256,1.027,5.00178242,7.4,44.8283573
VNM,Viet Nam,2013,2320.08431444934,1.316,4.41233158,7.5,45.0931207
VNM,Viet Nam,2014,2439.28655744423,1.256,4.69078779,7.6,52.921779
VNM,Viet Nam,2015,2577.56885340113,1.848,4.71140909,7.7,53.278707
VNM,Viet Nam,2016,2715.57887431272,1.848,4.86994743,7.7,52.3972727
VNM,Viet Nam,2017,2868.13680013379,1.874,4.99014759,7.7,52.7084431
VNM,Viet Nam,2018,3048.28327602145,1.161,5.02678823,7.6,51.6994735
VNM,Viet Nam,2019,3241.07648966529,1.681,4.97407484,7.5,52.136435
VUT,Vanuatu,2006,3129.08540327369,8.006,3.32229328,19.2,56.7105357
VUT,Vanuatu,2009,3249.66193798709,4.565,3.25181413,19.8,51.2653371
VUT,Vanuatu,2010,3214.3726213639,1.848,3.52637076,19.5,53.4456553
VUT,Vanuatu,2019,3349.5593410421,5.444,3.49615431,18.0,37.7998477
WSM,Samoa,2006,3820.92239453139,1.294,4.88451385,13.0,51.4961104
WSM,Samoa,2011,4201.45663738908,5.677,5.38357162,12.8,50.5198728
WSM,Samoa,2012,4007.91092846814,8.752,4.9883461,12.7,50.5237519
WSM,Samoa,2014,3967.23730470679,8.723,6.36147165,12.8,63.5856826
WSM,Samoa,2017,4393.37316255965,9.4,5.16343021,12.6,67.3896543
WSM,Samoa,2018,4321.00518344962,1.045,4.77525806,12.6,67.4138621
YEM,"Yemen, Rep.",2006,2234.74266863312,15.701,5.52930164,5.8,35.3534361
YEM,"Yemen, Rep.",2007,2235.75075901067,15.333,5.82077599,5.8,35.5492199
YEM,"Yemen, Rep.",2008,2244.04491655237,14.971,5.76191616,6.0,35.5628443
YEM,"Yemen, Rep.",2009,2257.46902086832,14.627,5.98619986,5.9,31.8471426
YEM,"Yemen, Rep.",2010,2356.19960422096,17.821,5.15932894,5.7,31.2432639
YEM,"Yemen, Rep.",2014,1950.1625450589,13.467,5.8377471,5.7,23.7781582
ZAF,South Africa,2006,5650.9883176549,28.342,6.87650871,23.6,58.7777773
ZAF,South Africa,2007,5891.42069421698,26.54,6.90510845,24.6,57.7990956
ZAF,South Africa,2008,6009.71963138635,22.407,7.14832258,26.7,57.2731757
ZAF,South Africa,2009,5847.05811084505,23.523,7.64941454,26.7,58.6564816
ZAF,South Africa,2010,5953.94506512821,24.683,7.79358244,24.6,56.6288359
ZAF,South Africa,2011,6067.12482726885,24.639,7.94434404,22.4,57.2747409
ZAF,South Africa,2012,6121.55783860713,24.727,8.00428867,22.9,57.4905229
ZAF,South Africa,2013,6170.87670863373,24.561,8.10322285,23.7,57.8248395
ZAF,South Africa,2014,6155.00589462516,24.89,7.87136555,24.1,57.784499
ZAF,South Africa,2015,6112.27382485974,25.149,8.05304241,24.5,56.0942459
ZAF,South Africa,2016,6095.295060428,26.536,8.07959366,24.4,55.2548767
ZAF,South Africa,2017,6125.6920507497,27.035,7.97711372,25.2,55.6720559
ZAF,South Africa,2018,6117.2701406047,26.906,8.0819664,24.1,54.2202351
ZAF,South Africa,2019,6032.82972598668,28.468,8.24652863,23.5,55.0228162
ZMB,Zambia,2008,1053.58612301068,7.934,4.49370766,9.7,35.634093
ZMB,Zambia,2010,1183.41712409199,13.186,4.13426876,10.1,37.3534908
ZMB,Zambia,2012,1258.78938578996,7.855,4.04541731,9.4,41.6129795
ZMB,Zambia,2015,1295.87788680068,11.888,4.42974281,8.7,41.0407283
ZMB,Zambia,2017,1308.76829240086,4.529,4.78156233,8.5,42.3325326
ZMB,Zambia,2018,1321.25045711573,5.032,4.76996708,8.1,41.5797263
ZMB,Zambia,2019,1301.18132976178,5.538,6.75330257,7.3,39.2906596
ZWE,Zimbabwe,2011,1184.93421020563,5.368,8.081707,20.7,24.632719
ZWE,Zimbabwe,2012,1360.15230034275,11.069,6.91838741,19.7,24.9430514
ZWE,Zimbabwe,2014,1381.25404125871,4.774,8.1335125,18.2,27.9891204
ZWE,Zimbabwe,2019,1357.53087818754,7.373,3.23268151,14.1,29.8556453
