Country Code,Country Name,Year,GDP per capita (constant 2015 US$),Unemployment (%),Current health expenditure (% of GDP),Suicide rate,Government Effectiveness (0-100)
ABW,Aruba,2006,28885.9118700469,,,,75.5894989
ABW,Aruba,2007,29556.8384686554,5.706,,,75.6761298
ABW,Aruba,2008,29870.6648077005,,,,75.7437017
ABW,Aruba,2009,26204.0597361984,,,,78.5303953
ABW,Aruba,2010,25429.2180974853,10.605,,,70.8310747
ABW,Aruba,2011,26093.0542083227,8.9,,,70.8150237
ABW,Aruba,2012,25444.7336646687,,,,70.8190661
ABW,Aruba,2013,26680.1411206342,,,,70.823581
ABW,Aruba,2014,26773.8229102391,,,,64.8884981
ABW,Aruba,2015,27458.2201537506,,,,64.8548269
ABW,Aruba,2016,27587.2498040483,,,,64.8665322
ABW,Aruba,2017,28548.8904317739,,,,64.8703335
ABW,Aruba,2018,29419.208623316,,,,68.9696501
ABW,Aruba,2019,29700.3634670565,,,,68.9899885
ABW,Aruba,2020,22718.2294445007,,,,68.9319034
AFG,Afghanistan,2006,367.75831169358,,10.62276554,4.9,19.7251611
AFG,Afghanistan,2007,410.757728879097,,9.90467453,4.8,20.3667652
AFG,Afghanistan,2008,417.647282647498,2.494,10.25649548,4.6,18.9072348
AFG,Afghanistan,2009,488.830652491949,,9.81848717,4.4,21.0312529
AFG,Afghanistan,2010,542.871030476037,,8.56967163,4.3,20.5072949
AFG,Afghanistan,2011,525.42698276582,,8.56190777,4.1,20.1457819
AFG,Afghanistan,2012,568.929021458341,1.692,7.89716864,4.0,22.1784637
AFG,Afghanistan,2013,580.603833333096,,8.80596447,4.0,22.155125
AFG,Afghanistan,2014,575.146245808546,7.915,9.52887821,3.9,21.6960634
AFG,Afghanistan,2015,565.569730408751,,10.10534763,4.0,22.7349885
AFG,Afghanistan,2016,563.872336723147,,11.81859016,4.0,23.7741041
AFG,Afghanistan,2017,562.769574140988,11.184,12.62081718,4.1,23.2985617
AFG,Afghanistan,2018,553.125151688293,,14.20841885,4.1,19.6224247
AFG,Afghanistan,2019,557.861533207459,,14.83131981,4.1,19.1785042
AFG,Afghanistan,2020,527.834554499306,11.71,15.53361416,,17.960381
AGO,Angola,2006,3065.05576244155,,2.39833426,8.6,22.32086
AGO,Angola,2007,3336.36332465491,,2.65790844,7.4,23.8657146
AGO,Angola,2008,3559.19522512538,,2.97807598,7.5,25.6001193
AGO,Angola,2009,3494.80724466468,3.782,3.30655909,6.7,30.0018643
AGO,Angola,2010,3540.79159568681,9.431,2.36373854,7.0,32.8394682
AGO,Angola,2011,3528.16824373698,16.774,2.35561895,6.6,31.706399
AGO,Angola,2012,3682.35229323075,,2.13677311,6.9,31.523145
AGO,Angola,2013,3716.29718727597,,2.4297719,6.9,31.3397218
AGO,Angola,2014,3746.81619978931,9.579,2.15680027,6.4,33.062878
AGO,Angola,2015,3641.72893920253,,2.29966879,6.5,33.1054157
AGO,Angola,2016,3505.59634681792,,2.39068723,6.2,32.8806234
AGO,Angola,2017,3378.07588102598,,2.4379425,6.0,32.5164175
AGO,Angola,2018,3246.87857140997,,2.29887486,6.0,32.3152788
AGO,Angola,2019,3105.59971242672,16.431,2.20394278,6.1,33.6134335
AGO,Angola,2020,2847.24241578243,16.033,2.81688905,,31.5783465
ALB,Albania,2006,2894.36032580174,13.8,5.56553745,7.8,39.3747666
ALB,Albania,2007,3105.8796756386,15.966,5.85639858,8.1,41.2841189
ALB,Albania,2008,3345.98161761476,13.06,5.44421673,8.2,41.9592911
ALB,Albania,2009,3459.24695646692,13.674,5.75751925,8.1,45.7016855
ALB,Albania,2010,3579.82413181046,14.086,6.16333199,7.8,45.5763318
ALB,Albania,2011,3677.89457937717,13.481,6.11026192,7.9,46.4976012
ALB,Albania,2012,3771.84781862015,13.376,6.08504725,5.2,44.742022
ALB,Albania,2013,3895.89975621942,15.866,6.20897436,5.3,44.410272
ALB,Albania,2014,4045.11934884933,18.055,6.35884142,5.0,52.8982848
ALB,Albania,2015,4199.53912925398,17.193,6.38810158,4.8,54.9095937
ALB,Albania,2016,4431.55635814168,15.418,6.65018797,4.7,55.1796244
ALB,Albania,2017,4648.23078660658,13.616,6.50111914,4.7,56.3191004
ALB,Albania,2018,4893.82375538717,12.304,6.59002447,4.5,56.5605037
ALB,Albania,2019,5072.43648354739,11.466,6.78144073,4.3,51.85865
ALB,Albania,2020,4980.61699524696,11.639,7.46513748,,51.704282
AND,Andorra,2006,41322.0529213846,,4.95078182,,
AND,Andorra,2007,40789.1589697748,,4.94078732,,
AND,Andorra,2008,37775.1261404342,,5.6787138,,
AND,Andorra,2009,35604.3840098196,,6.09363031,,
AND,Andorra,2010,36277.2644425331,,7.68835258,,
AND,Andorra,2011,37637.4868342866,,7.62052774,,
AND,Andorra,2012,36206.9784356446,,6.71966314,,
AND,Andorra,2013,35684.1694347737,,6.79758358,,
AND,Andorra,2014,37300.6244197096,,6.77313089,,
AND,Andorra,2015,38654.9347217207,,6.91368532,,
AND,Andorra,2016,40085.020598622,,6.94162941,,
AND,Andorra,2017,39361.0622648699,,7.07158232,,
AND,Andorra,2018,39242.1448975099,,7.37781096,,
AND,Andorra,2019,39346.275035865,,7.32238626,,
AND,Andorra,2020,34536.6499222556,,8.78462029,,
ARE,United Arab Emirates,2006,56629.9713117545,,2.3254137,8.3,68.3991062
ARE,United Arab Emirates,2007,52038.6229393122,,2.56602693,8.3,68.9070715
ARE,United Arab Emirates,2008,47922.6941430472,4.007,2.92857623,8.5,67.4521493
ARE,United Arab Emirates,2009,42672.1946222627,,4.05000162,8.5,68.535224
ARE,United Arab Emirates,2010,42328.84668186,,3.74433136,8.4,67.5228828
ARE,United Arab Emirates,2011,43687.7919424546,,3.56666398,8.2,70.6448963
ARE,United Arab Emirates,2012,43958.5779670713,,3.33596373,7.9,73.8196342
ARE,United Arab Emirates,2013,44312.6320463505,,3.50222182,7.5,74.5237897
ARE,United Arab Emirates,2014,44257.6652085451,,3.53405499,7.0,78.873242
ARE,United Arab Emirates,2015,44910.3458860776,,3.46609354,6.5,78.6403765
ARE,United Arab Emirates,2016,45168.4955973912,1.636,3.89580107,6.0,78.783119
ARE,United Arab Emirates,2017,43293.0202360765,2.462,4.00854969,5.6,78.1385983
ARE,United Arab Emirates,2018,43377.802601486,2.236,4.09854221,6.0,78.7848806
ARE,United Arab Emirates,2019,43468.4534705013,2.331,4.40291262,6.4,78.5272687
ARE,United Arab Emirates,2020,39878.4663896389,4.294,5.82477045,,70.8554731
ARG,Argentina,2006,11870.2791559298,10.078,7.70940399,8.6,52.3494326
ARG,Argentina,2007,12811.9021206578,8.469,7.86196613,8.3,51.3571012
ARG,Argentina,2008,13197.3570267029,7.837,8.24087811,8.7,49.9591637
ARG,Argentina,2009,12285.3784651865,8.645,9.56852913,8.4,50.2033942
ARG,Argentina,2010,13387.1553748458,7.714,9.4852438,8.6,51.4811813
ARG,Argentina,2011,14040.6189124444,7.18,9.51042366,8.5,52.7352059
ARG,Argentina,2012,13754.4254235596,7.217,9.8851881,9.1,51.3675738
ARG,Argentina,2013,13946.0950832252,7.1,9.92091465,8.6,51.0243674
ARG,Argentina,2014,13456.1319159151,7.268,9.79773045,9.3,54.804979
ARG,Argentina,2015,13679.6264980954,,10.27364159,8.3,53.6485129
ARG,Argentina,2016,13265.8860639123,,10.05355549,8.3,58.0051769
ARG,Argentina,2017,13520.1129846159,8.347,10.26057911,8.9,57.0891516
ARG,Argentina,2018,13058.3285449954,9.22,10.17289257,9.2,56.3521358
ARG,Argentina,2019,12706.3978108968,9.843,10.11911297,8.4,56.4534275
ARG,Argentina,2020,11393.0505957877,11.461,10.67246342,,54.2362181
ARM,Armenia,2006,2551.43546358452,,5.85007095,5.9,46.6745943
ARM,Armenia,2007,2919.3734936373,28.373,5.49814034,5.8,44.2327773
ARM,Armenia,2008,3141.33193500774,22.974,6.63976622,4.8,45.5087366
ARM,Armenia,2009,2716.97436280471,19.295,8.44377708,4.8,50.5537618
ARM,Armenia,2010,2796.08143428043,19.523,9.23538303,6.8,48.5546988
ARM,Armenia,2011,2943.83687119315,18.884,9.37588882,6.8,51.1194758
ARM,Armenia,2012,3159.75860786889,17.511,9.13455009,7.4,51.9498386
ARM,Armenia,2013,3266.29882999873,16.576,10.32345009,6.4,52.6967611
ARM,Armenia,2014,3393.09252326884,17.498,10.17827892,6.3,48.7616298
ARM,Armenia,2015,3512.39350276709,18.261,10.11762714,6.2,48.5715237
ARM,Armenia,2016,3533.88503607007,17.617,9.95194912,5.7,49.2870403
ARM,Armenia,2017,3815.3747426037,17.704,10.36270332,3.0,51.1345469
ARM,Armenia,2018,4027.83393010979,10.589,10.00543404,2.1,47.9754653
ARM,Armenia,2019,4343.45839583019,9.794,11.3798008,3.3,46.417589
ARM,Armenia,2020,4032.09043454955,8.055,12.24056244,,44.7767568
ASM,American Samoa,2006,12794.7565021718,,,,45.4722208
ASM,American Samoa,2007,13092.3111393408,,,,55.597945
ASM,American Samoa,2008,12809.4633079683,,,,55.6655169
ASM,American Samoa,2009,12342.0575384016,,,,55.9014565
ASM,American Samoa,2010,12446.3086265015,9.202,,,55.9462322
ASM,American Samoa,2011,12521.8095058644,,,,55.9198894
ASM,American Samoa,2012,12068.2667374983,,,,55.9265237
ASM,American Samoa,2013,11871.7937192729,,,,55.9339338
ASM,American Samoa,2014,12203.0894714284,,,,66.2726692
ASM,American Samoa,2015,12727.4102651386,,,,66.2174152
ASM,American Samoa,2016,12665.2829921268,,,,66.236622
ASM,American Samoa,2017,11930.7771236826,,,,66.2428596
ASM,American Samoa,2018,12412.6024074562,,,,66.2771005
ASM,American Samoa,2019,12524.0160252283,,,,66.3104743
ASM,American Samoa,2020,13194.274740128,,,,66.2151577
ATG,Antigua and Barbuda,2006,19259.6486517907,,4.11220551,0.5,62.5515349
ATG,Antigua and Barbuda,2007,20770.2689732844,,3.92354655,0.4,62.6184185
ATG,Antigua and Barbuda,2008,20464.786306605,,3.69396091,0.3,62.6705848
ATG,Antigua and Barbuda,2009,17746.700856041,,3.69979143,0.0,62.8527383
ATG,Antigua and Barbuda,2010,16135.397384487,,4.75770044,0.2,65.9853236
ATG,Antigua and Barbuda,2011,15633.9091131821,,4.81000614,0.2,65.9589828
ATG,Antigua and Barbuda,2012,15989.3900199779,,4.81754541,0.0,65.9656171
ATG,Antigua and Barbuda,2013,15748.1952024226,,4.9103117,0.0,65.9730272
ATG,Antigua and Barbuda,2014,15967.284996712,,5.32218313,0.4,52.8872095
ATG,Antigua and Barbuda,2015,16077.6340769406,,4.90963078,0.4,59.5246902
ATG,Antigua and Barbuda,2016,16635.895232831,,4.93979549,0.5,59.543897
ATG,Antigua and Barbuda,2017,16992.9327495236,,4.66318989,0.0,46.1646729
ATG,Antigua and Barbuda,2018,18042.1596435727,8.78,4.6865654,0.4,46.1989138
ATG,Antigua and Barbuda,2019,18525.2588907167,,4.27709961,0.4,46.2322895
ATG,Antigua and Barbuda,2020,14950.8942397208,,5.68408012,,39.444246
AUS,Australia,2006,51682.8925230537,4.782,7.97161102,10.6,85.5303708
AUS,Australia,2007,52671.325846724,4.377,8.0517149,10.9,85.3140561
AUS,Australia,2008,53497.275355342,4.234,8.24737453,11.6,85.0644202
AUS,Australia,2009,53430.5274781651,5.561,8.54273987,11.2,83.4351669
AUS,Australia,2010,53768.349733441,5.211,8.4193306,11.7,84.6485281
AUS,Australia,2011,54296.2321324814,5.081,8.53425312,11.2,84.4677746
AUS,Australia,2012,55465.4462872577,5.224,8.67020702,11.7,84.4838431
AUS,Australia,2013,55966.1509270561,5.662,8.7465601,11.5,82.8811134
AUS,Australia,2014,56571.8062524437,6.077,9.82833862,12.7,86.2376023
AUS,Australia,2015,56970.3613028094,6.054,10.13642025,13.2,83.9328327
AUS,Australia,2016,57632.9995925594,5.714,10.08958244,12.2,82.934005
AUS,Australia,2017,57991.771347333,5.604,10.10880566,13.1,83.3122495
AUS,Australia,2018,58772.7063152213,5.345,10.08907509,12.4,84.8771645
AUS,Australia,2019,59181.2997904131,5.143,10.25421429,12.5,83.7468389
AUS,Australia,2020,58377.7670517802,6.394,10.70324135,,82.5570088
AUT,Austria,2006,42120.1557002022,5.32,9.64073944,16.4,85.8292099
AUT,Austria,2007,43568.8302243941,4.909,9.60482597,16.0,85.8374347
AUT,Austria,2008,44063.8642019916,4.198,9.83415222,15.8,84.9775249
AUT,Austria,2009,42372.4758254763,5.371,10.31152916,16.0,83.0126094
AUT,Austria,2010,43035.4073531933,4.883,10.31620026,16.1,85.3867651
AUT,Austria,2011,44146.1956805294,4.637,10.1370182,16.5,81.7606984
AUT,Austria,2012,44221.4599530893,4.909,10.30198097,16.3,80.9035185
AUT,Austria,2013,43851.3675497404,5.367,10.40574837,16.2,81.9429919
AUT,Austria,2014,43838.8345892137,5.674,10.51159096,16.5,84.2574778
AUT,Austria,2015,43915.228020857,5.802,10.51688385,16.0,82.4687154
AUT,Austria,2016,44362.6702805116,6.064,10.51713753,15.5,83.5831747
AUT,Austria,2017,45056.6385912412,5.561,10.57132816,15.4,82.719903
AUT,Austria,2018,45951.5819164034,4.933,10.5157156,15.7,82.5356457
AUT,Austria,2019,46550.5622459492,4.56,10.62530422,14.6,85.421111
AUT,Austria,2020,43428.6983137234,5.201,11.41292953,,88.4396396
AZE,Azerbaijan,2006,3556.83212858133,6.615,2.07059145,4.7,34.551275
AZE,Azerbaijan,2007,4412.20326117932,6.326,1.99422264,4.9,35.6019929
AZE,Azerbaijan,2008,4778.12452736673,5.856,2.04814458,4.7,35.3498798
AZE,Azerbaijan,2009,5118.43395494687,5.74,2.76541352,4.6,37.2240986
AZE,Azerbaijan,2010,5300.11048729062,5.63,2.64634848,4.6,34.6235951
AZE,Azerbaijan,2011,5149.20665913206,5.42,2.59547186,4.5,35.8656752
AZE,Azerbaijan,2012,5193.17501119552,5.19,3.15682149,4.4,35.6234046
AZE,Azerbaijan,2013,5425.99559780578,4.97,3.22551084,4.3,39.5491523
AZE,Azerbaijan,2014,5508.60265612676,4.91,3.58703041,4.2,43.0677538
AZE,Azerbaijan,2015,5500.50364628486,4.96,4.34131384,4.1,44.4626386
AZE,Azerbaijan,2016,5272.71817141861,5.0,4.42241955,4.0,48.8845413
AZE,Azerbaijan,2017,5229.25259993413,5.0,4.07396507,4.0,48.7051372
AZE,Azerbaijan,2018,5261.92938234432,4.9,3.83661342,4.0,48.3097216
AZE,Azerbaijan,2019,5346.95318604114,5.004,4.18188763,4.1,50.2593949
AZE,Azerbaijan,2020,5087.50022783627,7.243,5.84817696,,50.2315219
BDI,Burundi,2006,255.105582251925,3.185,8.71264839,8.9,25.292301
BDI,Burundi,2007,254.311725516331,,9.1855402,8.4,24.9266212
BDI,Burundi,2008,256.012461554496,1.634,7.74147511,7.9,27.010501
BDI,Burundi,2009,252.582019875886,,9.23238468,7.7,30.1262963
BDI,Burundi,2010,253.308577749924,,11.28196716,7.6,27.9955953
BDI,Burundi,2011,254.242110648215,,10.06996346,7.4,28.7632802
BDI,Burundi,2012,256.180393931874,,8.63756466,7.1,28.2619278
BDI,Burundi,2013,259.311117203355,,8.62834644,7.0,33.8934702
BDI,Burundi,2014,261.296721752002,1.572,7.21081543,6.7,34.3112483
BDI,Burundi,2015,254.402585226788,,6.29044485,6.4,33.341087
BDI,Burundi,2016,258.061970804063,,7.06148243,6.4,30.4939438
BDI,Burundi,2017,261.725839287239,,6.95230389,6.4,33.4177917
BDI,Burundi,2018,267.508692172687,,7.29396152,6.3,31.3256171
BDI,Burundi,2019,270.411005710809,,9.05940628,6.2,32.3510733
BDI,Burundi,2020,263.463876362597,1.03,10.70776176,,30.0796307
BEL,Belgium,2006,39371.0858277448,8.246,9.1325655,20.2,81.0520455
BEL,Belgium,2007,40520.0843207009,7.459,9.1392889,18.7,80.7495277
BEL,Belgium,2008,40380.9075004042,6.976,9.60036659,20.3,81.5168043
BEL,Belgium,2009,39293.637546825,7.908,10.54393387,20.6,85.2630058
BEL,Belgium,2010,39991.5646206286,8.293,10.41325188,20.5,83.601141
BEL,Belgium,2011,40236.9596308558,7.14,10.41302204,21.1,86.262061
BEL,Belgium,2012,40074.492800399,7.542,10.5865345,20.8,86.366277
BEL,Belgium,2013,40007.8997891411,8.425,10.63787556,19.5,86.6440446
BEL,Belgium,2014,40533.9135027898,8.523,10.62032604,19.4,81.4454661
BEL,Belgium,2015,40893.804537772,8.482,10.88387299,18.6,81.0024536
BEL,Belgium,2016,41172.8862831209,7.83,10.89833736,19.3,77.6297152
BEL,Belgium,2017,41619.328629169,7.09,10.94042683,18.9,73.7080936
BEL,Belgium,2018,42208.3625650272,5.941,10.9937973,18.7,75.2725459
BEL,Belgium,2019,43006.4042308863,5.364,10.85831451,18.3,73.128901
BEL,Belgium,2020,40769.0218072962,5.545,11.46253014,,74.0821421
BEN,Benin,2006,900.62053578735,,3.28773856,8.6,37.8629513
BEN,Benin,2007,926.740113754071,,2.93715644,8.5,39.5939708
BEN,Benin,2008,943.203380303862,,2.65178108,8.2,40.9814785
BEN,Benin,2009,936.565651071554,,2.89953876,8.5,42.3719379
BEN,Benin,2010,928.246655329144,1.041,3.01848245,8.4,41.965764
BEN,Benin,2011,927.716412836707,2.647,2.99865556,8.5,42.6538004
BEN,Benin,2012,943.918771531001,,3.07562971,8.3,41.5909397
BEN,Benin,2013,982.399206290516,2.198,2.86880755,8.3,41.2327711
BEN,Benin,2014,1014.4330062135,,2.69111967,8.2,42.6469716
BEN,Benin,2015,1002.41886879614,,2.72813416,8.1,40.8204781
BEN,Benin,2016,1006.03926633023,,3.62042856,8.0,41.7194491
BEN,Benin,2017,1032.90471194182,,3.67389345,8.0,42.2673155
BEN,Benin,2018,1071.50452156932,,3.4364984,7.9,44.2934018
BEN,Benin,2019,1114.17304526443,1.214,3.00206876,7.8,45.2472224
BEN,Benin,2020,1126.65404122154,,3.0512166,,47.6695739
BFA,Burkina Faso,2006,514.113131757062,2.353,5.17043304,8.1,35.1200398
BFA,Burkina Faso,2007,519.26101218434,3.3,5.77535009,8.1,37.176733
BFA,Burkina Faso,2008,533.471299938288,,4.96721601,8.0,39.9058431
BFA,Burkina Faso,2009,533.470084831931,,5.19683933,8.0,40.6308678
BFA,Burkina Faso,2010,561.847221302489,,5.28967237,8.0,41.2608152
BFA,Burkina Faso,2011,581.603658737407,,4.64868164,7.9,41.0743898
BFA,Burkina Faso,2012,600.731343697818,,4.60267258,8.3,39.3018866
BFA,Burkina Faso,2013,616.741331164082,,5.56331587,8.3,39.1840753
BFA,Burkina Faso,2014,624.576885187665,6.481,5.00027227,8.0,40.398786
BFA,Burkina Faso,2015,630.124750752312,,5.13192415,8.0,38.6413732
BFA,Burkina Faso,2016,648.420480176012,,5.95284653,7.8,41.133628
BFA,Burkina Faso,2017,669.276310328333,,6.12075186,7.7,41.4057995
BFA,Burkina Faso,2018,694.492813126351,4.695,4.94427681,7.6,41.9626977
BFA,Burkina Faso,2019,717.021595096634,1.56,5.35001135,7.5,39.1372366
BFA,Burkina Faso,2020,713.8421779224,,6.89469957,,39.0734329
BGD,Bangladesh,2006,779.419570444998,3.591,2.10646582,5.0,32.9859828
BGD,Bangladesh,2007,825.508229964537,,2.17268491,4.9,34.3692692
BGD,Bangladesh,2008,866.45815762135,,2.11878848,4.7,34.9122454
BGD,Bangladesh,2009,901.729626251937,5.0,2.18321705,4.6,35.5014129
BGD,Bangladesh,2010,943.66422864236,3.379,2.28807664,4.4,35.6476611
BGD,Bangladesh,2011,995.579947155662,2.504,2.36418128,4.0,35.060823
BGD,Bangladesh,2012,1050.39140404066,,2.3537879,3.7,35.8085681
BGD,Bangladesh,2013,1103.15695907123,4.426,2.29574466,3.5,36.2926406
BGD,Bangladesh,2014,1159.40753475981,,2.27915168,3.5,38.018204
BGD,Bangladesh,2015,1224.38647668165,,2.27217698,3.4,38.610465
BGD,Bangladesh,2016,1299.83091360792,4.2,2.38938212,3.4,40.9618614
BGD,Bangladesh,2017,1373.75363740186,4.372,2.36720181,3.5,40.1951079
BGD,Bangladesh,2018,1462.25050255713,,2.31622243,3.6,39.2969731
BGD,Bangladesh,2019,1564.20802445636,,2.12712646,3.7,39.7312669
BGD,Bangladesh,2020,1604.6659234742,,2.18254924,,37.3141497
BGR,Bulgaria,2006,5630.08907245392,8.951,6.52544546,13.4,48.1042197
BGR,Bulgaria,2007,6049.05136726418,6.878,6.15651751,12.5,48.2758754
BGR,Bulgaria,2008,6465.05231071194,5.609,6.28281593,13.2,46.4819779
BGR,Bulgaria,2009,6289.04666609216,6.817,6.59577608,12.3,50.198574
BGR,Bulgaria,2010,6429.04599233108,10.279,7.09477949,12.4,45.5887877
BGR,Bulgaria,2011,6605.64616736859,11.26,7.10250568,11.0,45.8854626
BGR,Bulgaria,2012,6693.76983060797,12.27,7.53903675,12.5,47.4089366
BGR,Bulgaria,2013,6793.08253592745,12.941,7.14167452,10.5,48.3607447
BGR,Bulgaria,2014,6941.37319825776,11.424,7.68306208,10.4,48.3403771
BGR,Bulgaria,2015,7269.02586513711,9.143,7.39363575,9.8,49.2069931
BGR,Bulgaria,2016,7586.89174668116,7.575,7.45975018,9.7,50.0007097
BGR,Bulgaria,2017,7899.11056589871,6.164,7.49624491,10.3,50.3792401
BGR,Bulgaria,2018,8194.79296320014,5.211,7.34086275,9.7,50.8647631
BGR,Bulgaria,2019,8626.5750265742,4.148,7.11813641,9.7,52.0393472
BGR,Bulgaria,2020,8440.51416964556,5.037,8.44060898,,50.217808
BHR,Bahrain,2006,23095.0181330228,0.0,2.98138189,8.2,56.7433553
BHR,Bahrain,2007,23112.4888058398,5.6,3.16071057,9.6,58.116667
BHR,Bahrain,2008,23127.2148040048,3.7,3.07321215,9.2,57.1781236
BHR,Bahrain,2009,22206.9371985225,4.0,4.15054226,8.6,58.5058682
BHR,Bahrain,2010,22224.0736166249,1.128,3.92259479,8.2,59.1084209
BHR,Bahrain,2011,23288.0449398313,1.233,3.7181015,7.9,59.7662121
BHR,Bahrain,2012,23894.8804447088,1.198,3.95061135,7.4,57.8638325
BHR,Bahrain,2013,24271.6278814506,,4.14491081,7.1,58.3192076
BHR,Bahrain,2014,24135.4991304849,,4.2369051,7.4,59.6177453
BHR,Bahrain,2015,23734.0551143019,0.894,4.75126362,7.4,60.0496495
BHR,Bahrain,2016,23715.2791328712,,4.62360859,7.7,59.5585616
BHR,Bahrain,2017,23606.8867501313,,4.30236721,8.1,59.5605585
BHR,Bahrain,2018,24059.7838641562,,3.94324946,8.6,59.4713513
BHR,Bahrain,2019,24873.6640060134,,3.78430986,8.9,59.8219367
BHR,Bahrain,2020,23586.9309581516,,4.55685711,,59.5184622
BHS,"Bahamas, The",2006,33541.850748701,7.604,4.30935764,3.5,73.2672044
BHS,"Bahamas, The",2007,33549.3360007274,7.853,4.49598694,3.2,73.3237826
BHS,"Bahamas, The",2008,32331.8246135092,8.712,4.86261654,3.3,73.3679127
BHS,"Bahamas, The",2009,30581.3342198488,14.2,5.1500144,3.3,70.3370819
BHS,"Bahamas, The",2010,30657.4319059659,,5.25594234,3.6,70.3576945
BHS,"Bahamas, The",2011,30492.6738528071,14.521,5.32398558,3.7,70.3455692
BHS,"Bahamas, The",2012,31553.4919490645,14.7,5.3190918,3.5,70.3486239
BHS,"Bahamas, The",2013,30368.2631244189,16.184,5.68411207,3.1,70.3520344
BHS,"Bahamas, The",2014,30658.5344563722,13.8,5.64133978,3.3,65.8683095
BHS,"Bahamas, The",2015,30719.405417469,12.0,5.244627,3.5,65.8428728
BHS,"Bahamas, The",2016,30152.1619246021,12.7,5.65515327,3.6,65.8517159
BHS,"Bahamas, The",2017,30974.7477261317,9.8,6.6036396,3.4,65.8545859
BHS,"Bahamas, The",2018,31537.2423841956,10.0,5.83890343,3.5,65.8703491
BHS,"Bahamas, The",2019,31117.6299132391,9.336,5.70484161,3.5,65.8857138
BHS,"Bahamas, The",2020,24791.6704945106,,7.3983264,,62.7607215
BIH,Bosnia and Herzegovina,2006,3419.75887457192,31.11,8.88362694,10.7,38.097697
BIH,Bosnia and Herzegovina,2007,3665.08966529499,28.984,9.25501442,11.5,36.3248457
BIH,Bosnia and Herzegovina,2008,3929.03297717336,23.405,9.48630238,10.8,37.9542604
BIH,Bosnia and Herzegovina,2009,3877.53540078456,24.068,9.0152092,10.7,38.1093245
BIH,Bosnia and Herzegovina,2010,3981.20985692032,27.312,9.01212692,10.5,37.5624712
BIH,Bosnia and Herzegovina,2011,4094.25329541877,27.582,9.1712122,10.6,37.1032657
BIH,Bosnia and Herzegovina,2012,4139.91732773657,28.01,9.4791584,10.4,39.8385143
BIH,Bosnia and Herzegovina,2013,4306.73175072214,27.49,9.43616295,10.6,40.8764808
BIH,Bosnia and Herzegovina,2014,4412.67617817734,27.517,9.4710331,10.6,46.7141784
BIH,Bosnia and Herzegovina,2015,4662.25869219448,27.695,9.24086571,10.7,42.3437382
BIH,Bosnia and Herzegovina,2016,4876.53471495633,25.408,9.13943481,10.5,43.2921786
BIH,Bosnia and Herzegovina,2017,5099.81602856447,20.527,8.81797314,10.5,42.188083
BIH,Bosnia and Herzegovina,2018,5360.25201017633,18.4,8.76100445,10.8,38.3790948
BIH,Bosnia and Herzegovina,2019,5583.29721276458,15.692,8.92544365,10.9,35.9073884
BIH,Bosnia and Herzegovina,2020,5490.75366635139,15.868,9.70311832,,37.6300761
BLR,Belarus,2006,4291.68647163264,1.2,5.57366323,40.9,32.0717424
BLR,Belarus,2007,4682.20676719042,1.0,5.6917243,36.8,32.1221122
BLR,Belarus,2008,5177.64534775676,0.8,5.29448891,36.7,30.9659532
BLR,Belarus,2009,5200.77418555423,5.803,5.3906498,36.5,30.9609114
BLR,Belarus,2010,5616.0941173307,0.827,5.65694332,35.9,30.823205
BLR,Belarus,2011,5941.68999156239,0.6,4.87452745,36.2,30.5863126
BLR,Belarus,2012,6052.6373706236,0.614,5.24538946,29.9,30.45526
BLR,Belarus,2013,6115.43288098707,0.508,5.69563103,27.9,31.842233
BLR,Belarus,2014,6212.91667418659,0.488,5.38792181,26.3,42.0231841
BLR,Belarus,2015,5967.05595058777,0.91,6.06528044,24.3,44.8438484
BLR,Belarus,2016,5811.20159182547,5.844,5.91054153,24.2,44.9504697
BLR,Belarus,2017,5964.89668834561,5.648,5.75974846,23.3,47.4233446
BLR,Belarus,2018,6165.91320019277,4.763,5.52699471,22.8,46.8691706
BLR,Belarus,2019,6267.73508743505,4.165,5.86133814,21.2,46.6988759
BLR,Belarus,2020,6251.98898968645,4.049,6.40607214,,39.3477492
BLZ,Belize,2006,6435.58767337678,9.394,3.54883528,5.6,42.2112195
BLZ,Belize,2007,6465.82885846045,8.508,4.05345058,5.2,41.2414626
BLZ,Belize,2008,6187.95885023655,8.182,4.51286459,4.4,41.1571066
BLZ,Belize,2009,5997.68447156383,,4.50473404,6.2,41.2555711
BLZ,Belize,2010,5937.75398343789,,4.47716761,6.9,45.9600421
BLZ,Belize,2011,5802.24344531492,,4.52904415,6.8,46.123053
BLZ,Belize,2012,5902.74234696881,14.271,4.34283972,6.3,46.125709
BLZ,Belize,2013,6013.07879895362,8.349,4.42128754,5.9,46.1286742
BLZ,Belize,2014,6116.49578852783,8.244,4.87071466,6.0,42.843992
BLZ,Belize,2015,6154.62264230369,7.578,4.65988731,6.0,43.6770108
BLZ,Belize,2016,6012.21296983668,7.0,4.77207184,5.8,43.3169037
BLZ,Belize,2017,5767.61921963762,6.596,4.62228823,7.0,43.3199875
BLZ,Belize,2018,5707.61059954436,9.346,4.75529861,6.5,43.6589881
BLZ,Belize,2019,5864.14611827109,9.053,4.81608105,7.1,44.0054261
BLZ,Belize,2020,5006.48453276935,,5.33901167,,43.9561997
BMU,Bermuda,2006,128662.931924261,,,,65.5504056
BMU,Bermuda,2007,132595.482654866,,,,65.6370384
BMU,Bermuda,2008,129525.177139097,,,,65.7046083
BMU,Bermuda,2009,121727.584908744,4.482,,,65.9405498
BMU,Bermuda,2010,118382.908990645,6.493,,,65.9853236
BMU,Bermuda,2011,113937.835700983,,,,65.9589828
BMU,Bermuda,2012,108040.575659203,8.438,,,65.9656171
BMU,Bermuda,2013,107860.394791964,6.663,,,65.9730272
BMU,Bermuda,2014,103941.982606956,9.0,,,79.658129
BMU,Bermuda,2015,104855.366822135,,,,79.6028749
BMU,Bermuda,2016,104190.876720334,,,,79.6220817
BMU,Bermuda,2017,107734.608357327,,,,79.6283194
BMU,Bermuda,2018,106843.163739391,,,,79.6625603
BMU,Bermuda,2019,106709.881238843,,,,79.695934
BMU,Bermuda,2020,98846.4458079644,,,,79.6006175
BOL,Bolivia,2006,2221.42722588941,5.08,4.66087532,5.9,41.9219449
BOL,Bolivia,2007,2283.42733535297,5.175,4.6968894,6.1,42.6003099
BOL,Bolivia,2008,2383.25032547517,2.603,4.60677242,6.0,41.8555164
BOL,Bolivia,2009,2422.57579380245,2.973,5.17444515,6.0,44.3051712
BOL,Bolivia,2010,2481.4070083834,,5.20230532,6.0,45.3984074
BOL,Bolivia,2011,2568.52051674406,2.255,5.17306805,6.1,46.1441847
BOL,Bolivia,2012,2657.2388497837,2.066,5.2539444,6.0,46.5251981
BOL,Bolivia,2013,2793.51457124054,2.437,5.57465124,6.0,48.176534
BOL,Bolivia,2014,2900.90241571477,2.021,5.89613628,6.2,43.8181258
BOL,Bolivia,2015,2996.01289811344,3.111,6.55064964,6.4,42.9388516
BOL,Bolivia,2016,3077.57057582774,3.498,6.83333063,6.6,44.8708347
BOL,Bolivia,2017,3160.16421247588,3.655,6.4901948,6.4,45.2529642
BOL,Bolivia,2018,3204.53670838005,3.519,6.60399437,6.3,44.2577026
BOL,Bolivia,2019,3207.38695231128,3.682,6.88792992,6.2,42.4377306
BOL,Bolivia,2020,2765.09271788602,7.903,8.0225811,,42.1659752
BRA,Brazil,2006,7622.04007133264,9.692,8.24952507,4.7,43.9751032
BRA,Brazil,2007,8003.25413096047,9.28,8.20182991,4.9,43.8153647
BRA,Brazil,2008,8330.76459841304,8.268,8.01128483,5.1,49.0298834
BRA,Brazil,2009,8246.09706995094,9.419,8.39480495,5.1,50.8491962
BRA,Brazil,2010,8792.63436120342,,7.94516611,5.0,51.1910415
BRA,Brazil,2011,9067.99316348047,7.578,7.78819132,5.2,50.6454423
BRA,Brazil,2012,9167.49923929815,7.251,7.73637724,5.4,51.2325195
BRA,Brazil,2013,9366.73932434359,7.071,7.9766016,5.6,54.0327461
BRA,Brazil,2014,9338.34278278114,6.755,8.39644146,5.6,50.9451174
BRA,Brazil,2015,8936.19661712113,8.538,8.90929985,5.9,49.360564
BRA,Brazil,2016,8577.84376650911,11.58,9.16901684,6.0,49.3855865
BRA,Brazil,2017,8628.25308908043,12.792,9.47125053,6.6,49.2990606
BRA,Brazil,2018,8722.33630317935,12.329,9.46475029,7.0,47.3268322
BRA,Brazil,2019,8771.44051292177,11.936,9.61449146,6.9,52.1733223
BRA,Brazil,2020,8435.01143254978,13.697,9.62326527,,49.6410809
BRB,Barbados,2006,24193.1384344674,,5.90468073,1.6,78.8169418
BRB,Barbados,2007,24579.0897752594,,5.36863089,1.5,77.1456
BRB,Barbados,2008,24605.4523230752,,5.73821974,1.0,81.0790533
BRB,Barbados,2009,23250.8017659349,10.0,6.30137348,1.5,76.9759334
BRB,Barbados,2010,21285.0039393558,10.7,5.97029495,1.6,75.124993
BRB,Barbados,2011,21200.1949825923,,6.05910301,1.0,76.15042
BRB,Barbados,2012,20534.8825878653,,6.85218811,0.5,76.4337875
BRB,Barbados,2013,20521.1209928514,11.546,6.48274279,0.3,74.8551722
BRB,Barbados,2014,20636.0327188055,12.3,6.09732294,0.6,73.9918285
BRB,Barbados,2015,20429.4747123553,9.803,6.09170628,0.6,73.9657327
BRB,Barbados,2016,20673.7682337375,8.247,6.19479513,0.6,70.3579881
BRB,Barbados,2017,20766.5518491129,8.62,6.0020504,0.6,70.3609339
BRB,Barbados,2018,20674.3547847984,8.321,5.83037996,0.6,70.3771055
BRB,Barbados,2019,20687.6467427909,8.41,5.67476797,0.6,66.4876637
BRB,Barbados,2020,17056.9868669781,,6.7272892,,63.2123108
BRN,Brunei Darussalam,2006,38229.3565684183,,1.9072516,2.9,63.8852644
BRN,Brunei Darussalam,2007,36174.516515486,,1.94145441,2.6,63.9418426
BRN,Brunei Darussalam,2008,34126.6941563969,,1.87612021,2.1,64.5232597
BRN,Brunei Darussalam,2009,32855.6021602466,,2.39306617,1.8,66.5032831
BRN,Brunei Darussalam,2010,33121.3178241724,,2.27826095,1.3,65.8004304
BRN,Brunei Darussalam,2011,33754.3640783713,1.721,1.86409724,1.9,65.7777081
BRN,Brunei Darussalam,2012,33544.5389457877,,1.85097206,2.1,65.8823655
BRN,Brunei Darussalam,2013,32381.0739795231,,1.898314,1.8,67.044453
BRN,Brunei Darussalam,2014,31148.7297405401,6.862,1.91436803,1.8,73.4752106
BRN,Brunei Darussalam,2015,30625.1287744656,,2.38708901,1.9,73.4543492
BRN,Brunei Darussalam,2016,29492.4145927789,,2.54828691,2.6,70.3112194
BRN,Brunei Darussalam,2017,29524.65912789,9.316,2.27022862,3.3,71.0459331
BRN,Brunei Darussalam,2018,29200.1952024222,8.7,2.41600895,3.1,71.1784033
BRN,Brunei Darussalam,2019,29996.2407223175,6.6,2.23100758,2.7,72.2837064
BRN,Brunei Darussalam,2020,30015.9588506697,7.409,2.45359564,,72.2477155
BTN,Bhutan,2006,1701.11878173586,3.129,4.08523893,4.5,55.0185696
BTN,Bhutan,2007,1952.25734603779,3.7,3.83774948,4.4,55.3198605
BTN,Bhutan,2008,2017.76018913403,,3.14842224,4.3,56.395284
BTN,Bhutan,2009,2148.56480375034,3.961,3.29665017,4.3,59.3753192
BTN,Bhutan,2010,2378.72810760985,3.3,3.25758624,4.2,59.7610769
BTN,Bhutan,2011,2552.48871073094,3.143,3.02062726,4.3,60.5021391
BTN,Bhutan,2012,2654.74798946027,2.054,3.25988412,4.3,61.3969587
BTN,Bhutan,2013,2671.07460201171,2.9,3.34862685,4.4,63.7814722
BTN,Bhutan,2014,2797.81883971908,2.63,3.23226452,4.4,59.5033367
BTN,Bhutan,2015,2954.04081911097,2.45,3.43653083,4.5,58.4359592
BTN,Bhutan,2016,3173.36773217431,,3.27756715,4.5,59.9085054
BTN,Bhutan,2017,3211.80903275593,,3.11215067,4.6,60.7370501
BTN,Bhutan,2018,3300.55006461736,3.35,3.06896734,4.6,61.8106419
BTN,Bhutan,2019,3467.38598979356,2.72,3.37511158,4.6,60.7638148
BTN,Bhutan,2020,3092.12428399363,5.03,4.08451509,,60.7464143
BWA,Botswana,2006,5865.00026521361,17.782,4.87599421,32.0,58.3854845
BWA,Botswana,2007,6085.6354476126,,5.52080727,29.3,62.3612343
BWA,Botswana,2008,6158.61629368051,,5.89747286,28.4,61.5045386
BWA,Botswana,2009,5179.4138607146,16.169,6.62081194,25.1,62.2843721
BWA,Botswana,2010,5584.5034321846,17.863,6.26718187,24.4,61.6696456
BWA,Botswana,2011,5850.07858575461,20.01,5.86915016,22.7,61.9017624
BWA,Botswana,2012,5742.91924452636,,6.35010576,22.6,62.0834707
BWA,Botswana,2013,6284.97678002618,19.997,6.49913645,21.6,61.9897019
BWA,Botswana,2014,6547.12254115892,,5.8804059,19.6,61.4141667
BWA,Botswana,2015,6141.20394726616,,6.10287762,19.0,62.4125588
BWA,Botswana,2016,6490.83463593483,,5.76837635,17.8,61.7655901
BWA,Botswana,2017,6662.57644805467,,6.62986994,17.4,59.4217418
BWA,Botswana,2018,6843.84612027739,,6.04010344,17.4,58.0832291
BWA,Botswana,2019,6951.73189051146,20.094,6.12193203,16.1,59.1830198
BWA,Botswana,2020,6254.24806241091,21.017,6.1213398,,57.3754551
CAF,Central African Republic,2006,439.294330902768,,4.31108665,15.7,18.8662429
CAF,Central African Republic,2007,450.762785401893,,4.6338892,15.4,19.593632
CAF,Central African Republic,2008,450.313616886022,,4.02635765,15.1,19.5832062
CAF,Central African Republic,2009,492.215398914836,,4.68325615,16.0,21.6953517
CAF,Central African Republic,2010,519.141456408484,,3.56699872,15.8,23.9356081
CAF,Central African Republic,2011,532.38295493852,,3.67561865,15.4,24.037452
CAF,Central African Republic,2012,553.729578314912,,3.91814446,14.7,23.6371891
CAF,Central African Republic,2013,349.821171688973,,4.76660204,14.9,21.8104992
CAF,Central African Republic,2014,351.561554911625,,4.56557369,15.6,19.7449007
CAF,Central African Republic,2015,366.322853938121,,5.03434181,14.4,19.8810905
CAF,Central African Republic,2016,376.858254120398,,5.44402313,13.7,20.9741186
CAF,Central African Republic,2017,387.35795131742,,6.66541576,14.3,20.9503735
CAF,Central African Republic,2018,395.020015455909,,10.99484062,12.8,21.5152476
CAF,Central African Republic,2019,401.82582161435,,7.76081514,12.3,20.5863718
CAF,Central African Republic,2020,398.834274122139,,8.98488045,,19.9905214
CAN,Canada,2006,41663.5541588166,6.484,9.33188725,11.2,86.2985807
CAN,Canada,2007,42106.9147186165,6.156,9.4346962,11.5,86.7389781
CAN,Canada,2008,42067.610977795,6.284,9.59427929,11.5,87.255246
CAN,Canada,2009,40376.4559330928,8.46,10.70402527,12.0,86.1303355
CAN,Canada,2010,41164.3812486578,8.178,10.70066547,12.1,86.3553689
CAN,Canada,2011,42043.6842044008,7.659,10.40518665,11.3,87.4317529
CAN,Canada,2012,42320.6856530018,7.429,10.5407114,11.8,88.9811361
CAN,Canada,2013,42851.2135876232,7.178,10.43559265,12.1,87.3705121
CAN,Canada,2014,43643.2794910996,7.049,10.28115654,12.7,88.5534493
CAN,Canada,2015,43594.2379080706,6.986,10.76397896,13.0,87.8298556
CAN,Canada,2016,43551.3863558236,7.067,11.05626965,11.9,87.6329908
CAN,Canada,2017,44339.4332217878,6.444,10.9242115,13.0,89.2743247
CAN,Canada,2018,44907.3887994469,5.842,10.92262077,12.0,87.0103408
CAN,Canada,2019,45100.336805859,5.688,11.04823494,11.8,87.3026719
CAN,Canada,2020,42366.1710935265,9.657,13.01732922,,84.157378
CC BY-4.0,NY.GDP.PCAP.KD,2006,,,,,
CC BY-4.0,NY.GDP.PCAP.KD,2007,,,,,
CC BY-4.0,NY.GDP.PCAP.KD,2008,,,,,
CC BY-4.0,NY.GDP.PCAP.KD,2009,,,,,
CC BY-4.0,NY.GDP.PCAP.KD,2010,,,,,
CC BY-4.0,NY.GDP.PCAP.KD,2011,,,,,
CC BY-4.0,NY.GDP.PCAP.KD,2012,,,,,
CC BY-4.0,NY.GDP.PCAP.KD,2013,,,,,
CC BY-4.0,NY.GDP.PCAP.KD,2014,,,,,
CC BY-4.0,NY.GDP.PCAP.KD,2015,,,,,
CC BY-4.0,NY.GDP.PCAP.KD,2016,,,,,
CC BY-4.0,NY.GDP.PCAP.KD,2017,,,,,
CC BY-4.0,NY.GDP.PCAP.KD,2018,,,,,
CC BY-4.0,NY.GDP.PCAP.KD,2019,,,,,
CC BY-4.0,NY.GDP.PCAP.KD,2020,,,,,
CHE,Switzerland,2006,80448.9696781612,3.995,9.5802002,18.8,87.3153202
CHE,Switzerland,2007,82909.1358291459,3.641,9.41693783,19.5,87.812603
CHE,Switzerland,2008,83934.7657221246,3.35,9.53167725,18.8,87.671873
CHE,Switzerland,2009,81288.642957612,4.109,10.1415062,16.0,86.8540031
CHE,Switzerland,2010,83069.4276373455,4.808,9.9907856,14.5,86.2603227
CHE,Switzerland,2011,83307.3180998465,4.409,10.10393143,14.6,87.1610319
CHE,Switzerland,2012,83354.0207485188,4.491,10.33511066,14.7,89.0475918
CHE,Switzerland,2013,83914.0245080812,4.747,10.59444523,15.1,88.0028763
CHE,Switzerland,2014,85004.8134534,4.826,10.6751194,14.7,92.1264669
CHE,Switzerland,2015,85265.06205193,4.801,10.97983074,15.0,90.9279414
CHE,Switzerland,2016,85951.2234148345,4.918,11.20248795,14.1,91.9981422
CHE,Switzerland,2017,86362.360972862,4.797,11.37471581,14.6,92.0825467
CHE,Switzerland,2018,88581.0826935584,4.713,11.19891071,14.5,92.4115084
CHE,Switzerland,2019,88932.4119306425,4.394,11.42588997,14.5,91.3100572
CHE,Switzerland,2020,86293.9183441155,4.817,11.98960876,,89.4428946
CHI,Channel Islands,2006,,,,,
CHI,Channel Islands,2007,,,,,
CHI,Channel Islands,2008,,,,,
CHI,Channel Islands,2009,67617.8205403696,,,,
CHI,Channel Islands,2010,64722.9832990297,,,,
CHI,Channel Islands,2011,65006.4871287216,,,,
CHI,Channel Islands,2012,60861.9006460501,,,,
CHI,Channel Islands,2013,60780.669022098,,,,
CHI,Channel Islands,2014,61892.8083445708,,,,
CHI,Channel Islands,2015,61847.8212238857,,,,
CHI,Channel Islands,2016,62434.1859444218,,,,
CHI,Channel Islands,2017,63393.3938698644,,,,
CHI,Channel Islands,2018,63859.9826096615,,,,
CHI,Channel Islands,2019,64594.5213908684,,,,
CHI,Channel Islands,2020,58636.7036143365,,,,
CHL,Chile,2006,10611.6144012877,7.804,6.07235622,10.0,76.1682677
CHL,Chile,2007,11051.3450717678,7.136,6.21259642,11.0,76.3464332
CHL,Chile,2008,11356.0922105983,7.796,6.73954487,12.2,74.6117875
CHL,Chile,2009,11116.4093443103,9.689,7.25026846,12.7,76.1195896
CHL,Chile,2010,11649.2897090856,8.547,6.81958389,11.6,73.8059826
CHL,Chile,2011,12252.8441074615,7.492,6.79947519,11.7,75.4676122
CHL,Chile,2012,12882.834417927,6.79,7.01951265,10.5,76.3044361
CHL,Chile,2013,13182.7329619856,6.361,7.47552681,9.8,75.1706397
CHL,Chile,2014,13285.9540361192,6.761,7.84150171,9.9,72.7752143
CHL,Chile,2015,13433.9202987032,6.605,8.3513937,10.0,71.7692468
CHL,Chile,2016,13505.097711133,6.926,8.55767059,10.0,70.2689929
CHL,Chile,2017,13473.3458532934,7.3,9.090518,9.3,70.0470996
CHL,Chile,2018,13763.0068844795,7.673,9.15040398,8.8,71.4772443
CHL,Chile,2019,13631.9284885172,7.559,9.30968475,9.0,71.6978367
CHL,Chile,2020,12680.7761524378,11.18,9.69734573,,68.3104978
CHN,China,2006,3883.27464370816,1.752,3.88655019,12.1,43.6399135
CHN,China,2007,4409.69709445986,1.581,3.61737728,11.5,46.5742262
CHN,China,2008,4811.34486346262,1.924,3.83627748,11.1,48.6122958
CHN,China,2009,5237.78809982377,2.17,4.27631998,10.7,48.4565415
CHN,China,2010,5764.65012366375,2.912,4.15821123,10.2,48.8715196
CHN,China,2011,6275.71634288814,2.748,4.26719379,9.6,49.3150533
CHN,China,2012,6723.09003744607,2.776,4.49046612,9.0,48.7736773
CHN,China,2013,7197.937319496,2.929,4.63882637,8.6,48.5983195
CHN,China,2014,7686.37369520403,3.058,4.69880247,8.4,60.8608268
CHN,China,2015,8175.33285077393,3.296,4.85367584,8.1,61.716004
CHN,China,2016,8679.22528805041,3.831,4.88338089,8.2,61.9022563
CHN,China,2017,9221.35045639842,3.775,4.9695034,8.1,62.5939326
CHN,China,2018,9798.57890566402,4.93,5.06933308,8.1,61.6672656
CHN,China,2019,10356.2924890582,5.15,5.26516867,8.1,64.3807019
CHN,China,2020,10573.3794064211,5.61,5.50441837,,62.3749054
CIV,Cote d'Ivoire,2006,1437.77453798586,,3.92861462,11.6,24.5400527
CIV,Cote d'Ivoire,2007,1420.1738958245,,4.19379663,11.5,24.0884828
CIV,Cote d'Ivoire,2008,1454.62731800082,,4.1387105,10.6,24.8852482
CIV,Cote d'Ivoire,2009,1473.9183699329,,4.63971424,11.0,29.0066377
CIV,Cote d'Ivoire,2010,1540.52927270246,,4.57494831,11.4,27.0081055
CIV,Cote d'Ivoire,2011,1426.46463864534,,4.39700699,11.1,27.8419914
CIV,Cote d'Ivoire,2012,1503.43433046682,7.223,4.4273715,11.3,30.6005962
CIV,Cote d'Ivoire,2013,1632.32712787006,4.255,3.71773791,11.1,33.3779839
CIV,Cote d'Ivoire,2014,1742.53693001178,,3.7310183,10.5,37.3050032
CIV,Cote d'Ivoire,2015,1814.71855088017,,3.2198832,10.0,39.6748365
CIV,Cote d'Ivoire,2016,1889.27777949938,1.896,3.32101274,9.6,39.4727587
CIV,Cote d'Ivoire,2017,1972.81431788947,3.272,3.24693036,9.2,39.7545161
CIV,Cote d'Ivoire,2018,2013.32307598499,,3.0916779,9.0,41.464396
CIV,Cote d'Ivoire,2019,2093.09994335779,2.401,3.18916845,8.9,41.8297433
CIV,Cote d'Ivoire,2020,2055.08483996432,,3.62327886,,41.8599477
CMR,Cameroon,2006,1277.32990712342,,3.73662829,11.7,30.2536644
CMR,Cameroon,2007,1295.73067471287,3.063,3.79498792,11.4,32.7796098
CMR,Cameroon,2008,1295.02211276052,,3.65843678,11.2,33.9440888
CMR,Cameroon,2009,1290.89961351149,,3.49997187,11.1,35.215891
CMR,Cameroon,2010,1290.9013745759,4.111,3.57742167,10.8,35.4148073
CMR,Cameroon,2011,1297.3064962694,,3.85282946,10.8,34.9653023
CMR,Cameroon,2012,1319.66961634054,,3.9310236,10.6,35.1510433
CMR,Cameroon,2013,1347.2130636706,,3.63136435,10.4,35.8814248
CMR,Cameroon,2014,1381.81938454907,3.534,4.34148788,10.0,40.1575498
CMR,Cameroon,2015,1415.00009710569,,4.12600517,9.5,39.1544678
CMR,Cameroon,2016,1435.61830727839,,4.02253723,9.2,39.4310532
CMR,Cameroon,2017,1444.90682916573,,3.79293942,9.0,39.1860216
CMR,Cameroon,2018,1461.01969999317,,3.61970162,8.9,38.1570168
CMR,Cameroon,2019,1470.31785276187,,3.65157914,9.0,36.9914062
CMR,Cameroon,2020,1434.51913723409,,4.25051928,,35.2575226
COD,"Congo, Dem. Rep.",2006,358.454382275579,,4.06210661,7.4,20.2884758
COD,"Congo, Dem. Rep.",2007,377.62283005586,,3.89384961,7.2,19.6737433
COD,"Congo, Dem. Rep.",2008,393.640517898615,,4.31254816,7.1,19.3620363
COD,"Congo, Dem. Rep.",2009,383.726254541217,,4.51133156,7.3,19.2692455
COD,"Congo, Dem. Rep.",2010,403.722373878525,,3.72224283,7.2,18.7197886
COD,"Congo, Dem. Rep.",2011,389.119308449762,,3.19435549,7.1,19.4759277
COD,"Congo, Dem. Rep.",2012,408.966232816288,4.485,3.2215035,6.9,20.7485057
COD,"Congo, Dem. Rep.",2013,464.526715460494,,3.34057522,6.8,24.7191457
COD,"Congo, Dem. Rep.",2014,481.830241883776,,3.72520614,6.7,24.1015706
COD,"Congo, Dem. Rep.",2015,495.826633014883,,3.74785447,6.6,22.7050622
COD,"Congo, Dem. Rep.",2016,480.461377880475,5.006,4.20027828,6.5,24.4177362
COD,"Congo, Dem. Rep.",2017,482.854682128541,,4.00057793,6.5,22.9749957
COD,"Congo, Dem. Rep.",2018,495.312105711027,,3.24127173,6.7,21.8032194
COD,"Congo, Dem. Rep.",2019,482.524295129472,,3.508039,6.7,20.6527595
COD,"Congo, Dem. Rep.",2020,470.852950000929,1.466,3.97694445,,18.6573441
COG,"Congo, Rep.",2006,2226.0233547376,,1.70861316,9.6,26.2882081
COG,"Congo, Rep.",2007,2004.10103961966,,1.90200174,9.3,25.8366383
COG,"Congo, Rep.",2008,2061.55829880574,,2.2392714,8.9,29.4228992
COG,"Congo, Rep.",2009,2211.31572382028,19.86,2.1422224,9.3,29.4570117
COG,"Congo, Rep.",2010,2332.28508055953,,1.85172856,9.0,29.6078546
COG,"Congo, Rep.",2011,2307.49384399715,,1.75237322,8.7,29.8896101
COG,"Congo, Rep.",2012,2467.06102906839,10.0,1.90971065,8.9,30.9720606
COG,"Congo, Rep.",2013,2390.65754938662,,1.94347155,8.2,29.7639123
COG,"Congo, Rep.",2014,2488.68118548992,,1.97311735,7.5,33.2695369
COG,"Congo, Rep.",2015,2439.35189403696,,2.45668483,6.8,35.1011694
COG,"Congo, Rep.",2016,2174.19310251224,,2.59422994,6.7,35.5456286
COG,"Congo, Rep.",2017,2003.27121075187,,2.36476016,6.6,34.452266
COG,"Congo, Rep.",2018,1909.9560382117,,1.75584984,6.5,32.3426501
COG,"Congo, Rep.",2019,1885.51080877731,,2.34771276,6.5,33.0230392
COG,"Congo, Rep.",2020,1725.51040049963,,4.01775074,,28.522118
COL,Colombia,2006,4694.03442939175,,6.33546638,4.1,47.3721387
COL,Colombia,2007,4947.25260813108,10.252,6.49102163,4.1,47.6552903
COL,Colombia,2008,5048.57187245249,10.52,6.84192181,4.2,47.8037707
COL,Colombia,2009,5046.97121757727,11.319,7.31134558,4.1,46.498165
COL,Colombia,2010,5214.24547620131,11.153,7.07130194,3.8,48.4497477
COL,Colombia,2011,5517.1011086899,10.288,6.78076792,3.7,50.308668
COL,Colombia,2012,5675.75617978305,9.959,6.74601603,3.8,49.2991597
COL,Colombia,2013,5910.80592301166,9.246,7.01724052,3.7,50.389734
COL,Colombia,2014,6121.83982019825,8.799,7.18553209,3.8,47.3102698
COL,Colombia,2015,6248.51490534512,8.572,7.52338505,4.1,48.7347465
COL,Colombia,2016,6316.07067782542,8.922,7.53117037,4.2,49.1031212
COL,Colombia,2017,6309.67745292518,9.086,7.67864323,4.7,48.4448128
COL,Colombia,2018,6353.5464285392,9.36,7.71777487,4.0,49.1252583
COL,Colombia,2019,6439.96359812647,10.28,7.83404827,3.9,49.905261
COL,Colombia,2020,5891.95523215403,15.568,8.69751263,,49.7272276
COM,Comoros,2006,1227.24669435092,,5.77341843,5.4,20.3786221
COM,Comoros,2007,1212.6966173611,,5.41753864,5.3,20.4124956
COM,Comoros,2008,1235.97280465287,,5.06897497,5.4,18.8546018
COM,Comoros,2009,1250.90237145763,,4.92694378,5.0,19.4722897
COM,Comoros,2010,1272.60716208007,,4.99181557,5.6,19.6364633
COM,Comoros,2011,1299.11093449408,,5.3021183,5.1,18.3457187
COM,Comoros,2012,1313.58187559666,,5.17354631,5.2,20.4194254
COM,Comoros,2013,1343.54683280656,,5.10299301,5.2,21.6300548
COM,Comoros,2014,1342.3295858321,8.142,5.23849726,5.5,25.6459333
COM,Comoros,2015,1329.37048235986,,4.60089922,5.5,23.9131853
COM,Comoros,2016,1345.6261652831,,4.65263557,5.5,25.0229682
COM,Comoros,2017,1369.41180275963,,5.26807451,5.4,26.1499223
COM,Comoros,2018,1391.84570443267,,4.90318584,5.4,25.801886
COM,Comoros,2019,1389.36488014859,,5.18044472,5.4,25.2242139
COM,Comoros,2020,1359.7070891825,,5.902421,,24.6076926
CPV,Cabo Verde,2006,2683.83943856892,,3.82406759,13.1,54.0316456
CPV,Cabo Verde,2007,3056.97102851154,,3.84218621,13.5,56.9949259
CPV,Cabo Verde,2008,3238.44159287498,,3.26951575,14.0,54.864468
CPV,Cabo Verde,2009,3159.58698693977,13.517,3.55867004,14.4,54.8576976
CPV,Cabo Verde,2010,3194.61667734233,10.666,4.08085394,14.8,53.4369716
CPV,Cabo Verde,2011,3309.20121643898,,3.92527819,14.8,53.8897665
CPV,Cabo Verde,2012,3341.7421054836,,4.6740551,14.9,53.5134878
CPV,Cabo Verde,2013,3361.09387702205,,4.82468271,14.6,52.782447
CPV,Cabo Verde,2014,3383.8422809791,,4.85231543,14.4,55.0804735
CPV,Cabo Verde,2015,3415.06266730931,31.313,4.40073681,14.4,57.626596
CPV,Cabo Verde,2016,3560.1400729534,,4.36134005,14.4,56.9759272
CPV,Cabo Verde,2017,3719.71306047915,12.241,4.48070955,14.2,57.5511532
CPV,Cabo Verde,2018,3853.67940035241,12.2,4.78548193,13.4,58.0567541
CPV,Cabo Verde,2019,4115.90283469406,11.3,4.82431316,12.9,58.8059906
CPV,Cabo Verde,2020,3255.93628984058,,7.03399324,,59.0207517
CRI,Costa Rica,2006,9160.29437313379,5.74,6.93530846,8.4,54.6014973
CRI,Costa Rica,2007,9779.51150221827,4.49,6.99642611,5.7,56.0930792
CRI,Costa Rica,2008,10104.9092352005,4.781,7.4685483,5.5,56.7144673
CRI,Costa Rica,2009,9883.67568633785,7.713,7.86019182,5.6,59.1647619
CRI,Costa Rica,2010,10285.0856777667,7.171,8.02937698,6.9,59.1700876
CRI,Costa Rica,2011,10612.4694960426,9.518,8.12197781,6.9,58.4202309
CRI,Costa Rica,2012,11001.5193084396,9.11,7.78642273,6.6,59.7703284
CRI,Costa Rica,2013,11151.1437937744,8.218,7.68229342,6.7,57.9180366
CRI,Costa Rica,2014,11422.6735972442,8.499,7.66376209,5.6,58.4756853
CRI,Costa Rica,2015,11714.7106121672,8.415,7.59196186,6.7,58.3338139
CRI,Costa Rica,2016,12084.4351419988,8.085,7.31724358,7.7,57.4755918
CRI,Costa Rica,2017,12468.5654849336,7.729,7.04522991,6.1,57.8331129
CRI,Costa Rica,2018,12708.8042828359,9.01,7.28587723,7.2,58.2016549
CRI,Costa Rica,2019,12944.013449341,10.807,7.2212491,8.1,57.2585713
CRI,Costa Rica,2020,12322.2359458534,16.432,7.82545757,,55.7310024
CUB,Cuba,2006,5799.41163668615,1.913,8.2719059,12.7,42.2879533
CUB,Cuba,2007,6215.76603727772,1.788,10.9674921,12.2,42.3173838
CUB,Cuba,2008,6469.08507847668,1.583,11.31422806,12.9,42.9716245
CUB,Cuba,2009,6561.25305093006,1.67,12.29053974,13.7,43.0517806
CUB,Cuba,2010,6716.49048497058,2.5,10.6880827,14.4,39.7525017
CUB,Cuba,2011,6902.16397571139,3.175,11.31298637,14.1,39.7425542
CUB,Cuba,2012,7109.24834185635,3.498,9.29940987,13.8,42.1090936
CUB,Cuba,2013,7307.82004410741,3.288,10.43099499,13.9,42.1116116
CUB,Cuba,2014,7392.48324633027,2.7,12.14121914,13.4,51.3083356
CUB,Cuba,2015,7727.91997207998,2.4,12.81404305,14.0,51.2895644
CUB,Cuba,2016,7774.0698462623,2.0,12.21769619,13.4,50.658147
CUB,Cuba,2017,7927.27769431767,1.7,11.47201538,14.5,50.0984373
CUB,Cuba,2018,8120.43123558256,1.7,11.01842499,14.3,47.2258128
CUB,Cuba,2019,8124.75282059108,,11.08501148,14.5,49.2365733
CUB,Cuba,2020,7252.28811179844,,12.48641968,,49.2032171
CUW,Curacao,2006,20913.6630394407,,,,
CUW,Curacao,2007,21011.1570622011,,,,
CUW,Curacao,2008,21202.4305115575,,,,
CUW,Curacao,2009,20952.8998451864,,,,
CUW,Curacao,2010,20706.4374577658,,,,
CUW,Curacao,2011,20518.0986087103,9.775,,,
CUW,Curacao,2012,20277.5111916571,,,,
CUW,Curacao,2013,19921.4770634064,13.029,,,
CUW,Curacao,2014,19529.5286704975,12.607,,,
CUW,Curacao,2015,19361.8130008678,11.708,,,
CUW,Curacao,2016,18953.0537415003,,,,
CUW,Curacao,2017,18651.4798142441,,,,
CUW,Curacao,2018,18355.1767135889,13.434,,,
CUW,Curacao,2019,17980.5298177114,,,,
CUW,Curacao,2020,14849.9698474917,19.1,,,
CYM,Cayman Islands,2006,96066.6290832355,2.622,,,75.5894989
CYM,Cayman Islands,2007,96202.7379415493,3.824,,,75.6761298
CYM,Cayman Islands,2008,93115.3168416314,3.972,,,75.7437017
CYM,Cayman Islands,2009,84001.4215657607,6.039,,,70.8037909
CYM,Cayman Islands,2010,79483.0972813604,6.682,,,70.8310747
CYM,Cayman Islands,2011,78233.0187551876,6.781,,,70.8150237
CYM,Cayman Islands,2012,77074.3890872511,6.212,,,70.8190661
CYM,Cayman Islands,2013,76038.879554035,6.273,,,70.823581
CYM,Cayman Islands,2014,76104.6215727416,4.697,,,73.0454064
CYM,Cayman Islands,2015,76379.2095108681,4.2,,,73.0117371
CYM,Cayman Islands,2016,77031.8643873625,,,,73.0234405
CYM,Cayman Islands,2017,77717.1752058822,,,,73.0272418
CYM,Cayman Islands,2018,79305.769672996,,,,73.0481072
CYM,Cayman Islands,2019,80714.5718222987,,,,73.0684456
CYM,Cayman Islands,2020,75199.6446006284,,,,68.9319034
CYP,Cyprus,2006,26395.490234375,4.593,5.46357489,3.5,74.767013
CYP,Cyprus,2007,27156.806640625,3.946,5.35744858,3.1,75.3228709
CYP,Cyprus,2008,27449.212890625,3.756,6.01430845,6.1,78.3482398
CYP,Cyprus,2009,26183.673828125,5.594,6.46531534,4.5,77.0922184
CYP,Cyprus,2010,26090.037109375,6.359,6.50055742,5.3,80.0872935
CYP,Cyprus,2011,25538.76953125,7.942,6.43139076,4.3,80.4883167
CYP,Cyprus,2012,24285.484375,12.097,6.53638792,5.4,80.215801
CYP,Cyprus,2013,22711.708984375,16.131,6.92774534,5.7,79.967882
CYP,Cyprus,2014,22373.56640625,16.277,6.93137264,5.4,73.0995288
CYP,Cyprus,2015,23088.4296875,15.026,6.79382181,4.7,72.2822422
CYP,Cyprus,2016,24477.974609375,13.006,6.65254688,4.6,71.7249844
CYP,Cyprus,2017,25665.990234375,11.155,6.62192535,3.7,73.013106
CYP,Cyprus,2018,26962.392578125,8.504,6.78446245,4.2,68.0766854
CYP,Cyprus,2019,28167.146484375,7.155,6.99843168,3.6,70.7350252
CYP,Cyprus,2020,26895.671875,7.755,8.64796448,,70.8350822
CZE,Czechia,2006,16107.3042502688,7.141,6.16489983,14.5,67.0031441
CZE,Czechia,2007,16892.542854974,5.316,5.99029112,14.1,63.289033
CZE,Czechia,2008,17190.6470333289,4.392,6.33855247,14.2,66.7378013
CZE,Czechia,2009,16272.8084766719,6.662,7.2650013,15.0,67.7742279
CZE,Czechia,2010,16665.9317825137,7.281,7.47836781,15.0,65.2210394
CZE,Czechia,2011,16926.2846674435,6.712,7.47281456,16.1,65.761941
CZE,Czechia,2012,16772.3539223328,6.979,7.53974962,16.7,65.507341
CZE,Czechia,2013,16759.7808635642,6.953,7.44831276,15.7,64.8149452
CZE,Czechia,2014,17118.0425571578,6.108,7.53919601,14.8,68.8746252
CZE,Czechia,2015,17931.5987670768,5.048,7.29346752,13.6,69.4313931
CZE,Czechia,2016,18359.0978103904,3.952,7.32258606,13.0,70.9387577
CZE,Czechia,2017,19257.6930680911,2.893,7.24190664,13.9,71.3371618
CZE,Czechia,2018,19736.6295261285,2.246,7.37173605,13.6,71.2863312
CZE,Czechia,2019,20360.0599221814,2.015,7.48754358,12.2,70.2287496
CZE,Czechia,2020,19233.1469549829,2.55,8.96995831,,72.4487589
DEU,Germany,2006,37459.261328042,10.277,9.96236897,12.8,84.3496463
DEU,Germany,2007,38593.0749910508,8.732,9.83482933,12.4,85.5563033
DEU,Germany,2008,39009.8477636357,7.508,10.03185749,12.5,85.1272438
DEU,Germany,2009,36940.4078672661,7.88,10.97003078,12.8,85.7953189
DEU,Germany,2010,38526.7371042695,7.043,10.8311739,13.2,81.2566005
DEU,Germany,2011,40722.4849268242,5.967,10.52106953,13.2,83.3429828
DEU,Germany,2012,40834.5088218456,5.372,10.59356213,12.9,85.5302347
DEU,Germany,2013,40884.8926759028,5.316,10.7432127,13.4,86.5440284
DEU,Germany,2014,41602.4661281668,4.979,10.76819706,13.4,89.5580615
DEU,Germany,2015,41929.7549110722,4.612,10.92317677,13.3,89.4963851
DEU,Germany,2016,42516.9337063103,4.104,10.97133732,13.0,88.3965749
DEU,Germany,2017,43543.4807050551,3.781,11.05091095,12.6,88.091681
DEU,Germany,2018,43905.8550061973,3.384,11.18380833,12.9,86.3768371
DEU,Germany,2019,44235.2658954682,3.163,11.42805386,12.3,88.0532013
DEU,Germany,2020,42372.8726784255,3.881,12.46780777,,85.9752286
DJI,Djibouti,2006,,,4.21972466,7.5,31.0590843
DJI,Djibouti,2007,,,4.05262756,7.5,34.2829708
DJI,Djibouti,2008,,,3.6125772,7.6,35.556768
DJI,Djibouti,2009,,,3.63905573,7.8,37.0715194
DJI,Djibouti,2010,,,3.35699701,8.2,37.1610864
DJI,Djibouti,2011,,,3.37387872,8.5,37.2413182
DJI,Djibouti,2012,,,3.29730988,8.7,36.3886921
DJI,Djibouti,2013,2140.13769442336,,2.91782117,9.0,37.3089426
DJI,Djibouti,2014,2253.14082249768,,2.95930099,9.2,37.9137352
DJI,Djibouti,2015,2376.12554719873,,3.3475771,9.0,36.7102806
DJI,Djibouti,2016,2502.85181449431,,2.74166131,9.3,37.479315
DJI,Djibouti,2017,2596.45134698268,26.064,2.47976375,9.7,36.1890273
DJI,Djibouti,2018,2677.1650334451,,2.530864,9.7,36.329487
DJI,Djibouti,2019,2781.94350113484,,2.41347837,9.6,38.6444045
DJI,Djibouti,2020,2773.40661780097,,2.33861232,,38.2156211
DMA,Dominica,2006,7698.53701483824,,4.78092194,,58.7412167
DMA,Dominica,2007,8106.18951878325,,4.79109955,,61.1408382
DMA,Dominica,2008,8682.57378179773,,5.04968786,,61.1815695
DMA,Dominica,2009,8582.71481435718,,4.98329306,,61.3237987
DMA,Dominica,2010,8574.27308682238,,5.15711927,,64.7178574
DMA,Dominica,2011,8553.8384670104,,5.33450365,,63.2706778
DMA,Dominica,2012,8532.34388117289,,5.79509926,,63.2755427
DMA,Dominica,2013,8459.6586988024,,5.34749842,,63.2809773
DMA,Dominica,2014,8576.26367623609,,5.26141691,,53.6844921
DMA,Dominica,2015,8282.59874702141,,5.15941811,,53.6439727
DMA,Dominica,2016,8499.52291903149,,5.12308073,,52.2301999
DMA,Dominica,2017,7985.6341102129,,5.46245432,,42.418553
DMA,Dominica,2018,8261.16492553236,,6.18495989,,42.443663
DMA,Dominica,2019,8624.51695993537,,5.16903925,,42.4681391
DMA,Dominica,2020,7302.94454951254,,6.06806135,,43.8260959
DNK,Denmark,2006,53823.1590295482,3.897,9.15257931,14.7,93.3933109
DNK,Denmark,2007,54113.9771471341,3.801,9.30215549,12.6,94.1967981
DNK,Denmark,2008,53572.5346568185,3.683,9.46797943,13.1,93.0783683
DNK,Denmark,2009,50635.9118061988,6.409,10.62873173,12.9,93.4702392
DNK,Denmark,2010,51209.4492757775,7.746,10.59621811,11.8,88.674883
DNK,Denmark,2011,51667.5313210425,7.769,10.39758492,12.6,91.0587374
DNK,Denmark,2012,51470.689845427,7.798,10.53344631,12.8,89.5815207
DNK,Denmark,2013,51970.3909324806,7.384,10.29778957,12.1,89.431129
DNK,Denmark,2014,52368.3625969272,6.925,10.31388664,12.0,86.5250025
DNK,Denmark,2015,53094.0133607574,6.278,10.3754549,10.9,86.2304917
DNK,Denmark,2016,54300.2039621991,5.989,10.28229332,10.9,87.0248227
DNK,Denmark,2017,55601.0145717787,5.833,10.1137991,11.3,86.8339582
DNK,Denmark,2018,56355.0733084714,5.131,10.14163208,11.4,88.6832634
DNK,Denmark,2019,57114.6227336347,5.018,10.18468761,10.7,89.1490916
DNK,Denmark,2020,55934.5555945523,5.644,10.69237614,,90.227523
DOM,Dominican Republic,2006,4904.71715839398,5.654,3.99365425,4.7,37.9807899
DOM,Dominican Republic,2007,5204.78500652254,5.158,4.08935308,4.8,37.5637078
DOM,Dominican Republic,2008,5308.92664966814,4.764,4.56442022,4.8,37.7601838
DOM,Dominican Republic,2009,5294.64953374426,5.467,4.76706171,4.9,38.2950247
DOM,Dominican Republic,2010,5666.45633430206,5.212,4.92896748,4.7,37.5182672
DOM,Dominican Republic,2011,5773.57403459156,6.087,5.04506636,4.9,38.2440211
DOM,Dominican Republic,2012,5860.29893321013,6.722,5.05897284,5.2,41.6009825
DOM,Dominican Republic,2013,6075.03399972737,7.351,4.92594242,5.5,43.2203855
DOM,Dominican Republic,2014,6430.27811051339,6.719,4.80942917,6.1,49.1620833
DOM,Dominican Republic,2015,6800.95309395474,7.605,4.73534584,6.4,45.4478652
DOM,Dominican Republic,2016,7177.75376475488,7.284,4.58582401,6.4,46.6104504
DOM,Dominican Republic,2017,7379.39978067137,5.832,4.44562674,5.7,45.2306502
DOM,Dominican Republic,2018,7818.70593240469,5.861,4.21765518,5.2,44.4024905
DOM,Dominican Republic,2019,8117.04639185786,6.356,4.36808872,4.9,45.5172726
DOM,Dominican Republic,2020,7395.8734262396,6.126,4.96490288,,44.3335692
DZA,Algeria,2006,4279.61547120827,12.274,3.18999887,3.7,37.0497518
DZA,Algeria,2007,4339.25055772831,13.79,3.62011433,3.5,36.7240995
DZA,Algeria,2008,4367.56538017541,11.333,3.98331022,3.4,37.2559537
DZA,Algeria,2009,4336.10054052949,10.164,4.89210796,3.2,37.761123
DZA,Algeria,2010,4456.6102741643,9.962,4.64001417,3.0,39.6206596
DZA,Algeria,2011,4501.3543013352,9.961,4.82567501,3.0,37.2941554
DZA,Algeria,2012,4518.43978956464,10.969,5.63658524,2.9,38.5167643
DZA,Algeria,2013,4543.23444006767,9.829,5.64541769,2.9,40.6276868
DZA,Algeria,2014,4634.10149179952,10.602,6.01484108,2.8,45.2110876
DZA,Algeria,2015,4685.05902729002,11.206,6.33435678,2.7,44.4268928
DZA,Algeria,2016,4768.73140081027,10.202,6.00080872,2.6,43.0877306
DZA,Algeria,2017,4742.90075532529,11.707,5.9484539,2.5,41.1681878
DZA,Algeria,2018,4717.0035885361,,5.9323926,2.5,45.716986
DZA,Algeria,2019,4672.66408678635,,5.41732121,2.5,45.1981709
DZA,Algeria,2020,4363.68533767783,,5.63830757,,46.1037431
EAR,Early-demographic dividend,2006,2517.93797435526,,4.68184589142249,10.0357863358003,
EAR,Early-demographic dividend,2007,2620.13480564456,,4.6716373682639,9.9122468663653,
EAR,Early-demographic dividend,2008,2668.77158037966,,4.64806513464498,9.86168539885717,
EAR,Early-demographic dividend,2009,2644.32908283068,,4.99581985697443,9.59485823650711,
EAR,Early-demographic dividend,2010,2769.87664169436,4.91332859541828,4.80856083101776,9.56631528759945,
EAR,Early-demographic dividend,2011,2862.47539021219,,4.7702535763723,9.57055792941515,
EAR,Early-demographic dividend,2012,2939.37593158074,5.03188621936653,4.84872512552416,9.35533578999506,
EAR,Early-demographic dividend,2013,3013.93253830751,,4.95743004980616,9.08154375113717,
EAR,Early-demographic dividend,2014,3091.3641287626,,4.96052984304159,8.69993107947965,
EAR,Early-demographic dividend,2015,3178.86716124226,,5.14327985640596,8.46094495168835,
EAR,Early-demographic dividend,2016,3266.95703994597,,5.04115476117258,8.34689950083398,
EAR,Early-demographic dividend,2017,3370.86780261045,,4.86580729919855,8.30232319687811,
EAR,Early-demographic dividend,2018,3450.30289844386,7.00912648484673,4.63478851903265,8.4823218945933,
EAR,Early-demographic dividend,2019,3485.83540250583,6.40302378724246,4.60415675682015,8.47105731803597,
EAR,Early-demographic dividend,2020,3296.2051222201,7.47626008341306,5.03635481236374,,
ECU,Ecuador,2006,4706.98056823816,3.55,5.93617773,10.0,33.7950893
ECU,Ecuador,2007,4715.30359842555,3.142,5.55722475,10.2,35.0782779
ECU,Ecuador,2008,4939.90215021789,3.917,5.52174902,10.5,36.5679135
ECU,Ecuador,2009,4909.33681705683,4.608,6.03388453,10.5,42.0401626
ECU,Ecuador,2010,5022.20374387205,4.088,6.34925699,9.9,41.9319742
ECU,Ecuador,2011,5359.45724615639,3.458,6.60509682,9.8,45.486693
ECU,Ecuador,2012,5579.85624282158,3.235,6.87859821,10.1,45.6624591
ECU,Ecuador,2013,5893.32172683036,2.913,6.77866411,9.6,47.7255844
ECU,Ecuador,2014,6055.04172761485,3.279,6.76601839,8.8,49.24823
ECU,Ecuador,2015,5976.1596805651,3.419,7.76786041,8.8,47.5719747
ECU,Ecuador,2016,5849.13587933672,4.39,7.58817482,9.0,48.3617013
ECU,Ecuador,2017,6104.27253521751,3.708,7.52484131,9.2,48.5679071
ECU,Ecuador,2018,6063.0956178776,3.396,7.83364677,8.1,47.1982412
ECU,Ecuador,2019,5971.38938386723,3.703,7.80878448,7.6,47.5431334
ECU,Ecuador,2020,5355.68934196443,6.084,8.60608387,,44.6613118
EGY,"Egypt, Arab Rep.",2006,2761.62410768311,10.491,4.84190083,3.1,39.3896549
EGY,"Egypt, Arab Rep.",2007,2902.06559803259,8.805,4.44493246,3.1,40.0895249
EGY,"Egypt, Arab Rep.",2008,3052.2129784594,8.517,4.46634817,3.1,41.2697556
EGY,"Egypt, Arab Rep.",2009,3135.09661305712,9.087,4.37870932,3.1,44.8516649
EGY,"Egypt, Arab Rep.",2010,3233.84521249306,8.757,4.15319157,3.2,41.966637
EGY,"Egypt, Arab Rep.",2011,3222.37650111397,11.849,4.35707569,3.3,41.7477907
EGY,"Egypt, Arab Rep.",2012,3220.99194201188,12.597,4.45891809,3.4,40.9901078
EGY,"Egypt, Arab Rep.",2013,3216.37839024454,13.154,4.6710043,3.4,36.4689862
EGY,"Egypt, Arab Rep.",2014,3235.66246235519,13.105,4.77415323,3.3,38.8182807
EGY,"Egypt, Arab Rep.",2015,3306.98159414141,13.052,5.06153202,3.3,41.1970738
EGY,"Egypt, Arab Rep.",2016,3381.22246307712,12.45,5.07462406,3.2,42.7666301
EGY,"Egypt, Arab Rep.",2017,3452.90961245976,11.767,5.34661913,3.0,43.4288001
EGY,"Egypt, Arab Rep.",2018,3568.63966286365,9.855,4.74892998,3.0,43.4484327
EGY,"Egypt, Arab Rep.",2019,3701.2446344954,7.851,4.5994668,3.0,49.0336069
EGY,"Egypt, Arab Rep.",2020,3770.86947868544,7.974,4.15384626,,46.7836577
ERI,Eritrea,2006,789.402432018085,,6.85727453,13.2,29.3084322
ERI,Eritrea,2007,789.072701743247,,5.2786293,12.9,29.332572
ERI,Eritrea,2008,693.398874212494,,6.57807541,13.3,29.1409103
ERI,Eritrea,2009,702.430936480778,,5.42343187,13.0,28.9500517
ERI,Eritrea,2010,703.877374381654,,4.81866503,12.7,28.182674
ERI,Eritrea,2011,751.374899794668,,5.1622901,12.5,26.1843576
ERI,Eritrea,2012,,,3.74245787,12.3,25.5503076
ERI,Eritrea,2013,,,4.96813059,12.0,24.2759893
ERI,Eritrea,2014,,,3.91432381,11.7,27.0537425
ERI,Eritrea,2015,,,4.50776815,11.6,26.5645563
ERI,Eritrea,2016,,,3.73838949,11.5,26.7053932
ERI,Eritrea,2017,,,4.15359449,11.3,26.5704128
ERI,Eritrea,2018,,,4.24748898,11.3,23.6565514
ERI,Eritrea,2019,,,4.64806461,10.9,22.8977096
ERI,Eritrea,2020,,,4.31117725,,24.1661908
ESP,Spain,2006,26899.0921497113,8.452,7.87072468,7.5,71.1230909
ESP,Spain,2007,27338.79541774,8.232,7.96241188,7.4,73.211155
ESP,Spain,2008,27112.526293889,11.254,8.4290638,7.8,71.7543779
ESP,Spain,2009,25860.8142592652,17.857,9.1530304,7.6,69.5244385
ESP,Spain,2010,25766.2515825743,19.86,9.16992569,6.9,66.8234911
ESP,Spain,2011,25510.5579678829,21.39,9.21749687,7.1,68.373687
ESP,Spain,2012,24763.568274484,24.789,9.2189045,7.7,68.890859
ESP,Spain,2013,24498.5559507945,26.094,9.13714981,8.5,71.2501964
ESP,Spain,2014,24947.8512505913,24.441,9.1512289,8.6,71.1855431
ESP,Spain,2015,25982.4416197775,22.057,9.17553329,7.9,72.1152492
ESP,Spain,2016,26719.2442268615,19.635,8.88084984,7.8,71.8350998
ESP,Spain,2017,27426.281015093,17.224,9.0217495,8.2,71.1731923
ESP,Spain,2018,27956.7225466484,15.255,9.07122517,7.8,72.1501162
ESP,Spain,2019,28301.4393949563,14.104,9.21539497,7.7,73.0905204
ESP,Spain,2020,25077.019882928,15.532,10.79479218,,71.7138819
EST,Estonia,2006,16234.5152041417,5.915,4.97308683,20.9,71.4799625
EST,Estonia,2007,17543.4661785723,4.592,5.18429422,21.4,70.6846243
EST,Estonia,2008,16688.997772178,5.455,5.95694113,19.4,71.6963959
EST,Estonia,2009,14274.8511086787,13.548,6.84443808,23.3,69.2859557
EST,Estonia,2010,14657.939813612,16.707,6.59404182,18.8,71.5420317
EST,Estonia,2011,15820.922342204,12.328,6.05471659,18.2,71.8721426
EST,Estonia,2012,16460.6843479001,10.021,6.03782082,21.1,71.9079021
EST,Estonia,2013,16809.5326683781,8.631,6.19788504,18.9,72.0046205
EST,Estonia,2014,17413.6867560212,7.352,6.26286125,19.5,73.9696507
EST,Estonia,2015,17722.1557669523,6.412,6.52138662,15.9,71.4535945
EST,Estonia,2016,18264.9873304279,6.882,6.56918621,15.7,72.0227229
EST,Estonia,2017,19270.8141210511,5.807,6.46636105,18.7,72.1112768
EST,Estonia,2018,19914.3454922878,5.412,6.56314421,15.3,75.9403274
EST,Estonia,2019,20579.8756732376,4.514,6.64763546,14.9,74.5831698
EST,Estonia,2020,19946.945696898,6.956,7.47179365,,77.0103901
ETH,Ethiopia,2006,313.013896721503,,4.45757294,7.8,36.5843845
ETH,Ethiopia,2007,338.799064654308,,5.00128317,7.7,38.9233426
ETH,Ethiopia,2008,364.642208155735,,4.28063869,7.6,41.0238315
ETH,Ethiopia,2009,385.632419711374,,4.6496563,7.4,41.213611
ETH,Ethiopia,2010,421.898622378633,,5.46637249,7.1,42.0603455
ETH,Ethiopia,2011,455.909628648555,,4.46897745,6.7,41.2894135
ETH,Ethiopia,2012,481.639999909808,,4.5395956,6.1,43.1496229
ETH,Ethiopia,2013,518.324662208106,2.251,4.07506514,5.7,41.2145793
ETH,Ethiopia,2014,556.362532243867,,4.03365517,5.5,42.5630007
ETH,Ethiopia,2015,597.912113218663,,3.82316828,5.5,41.038014
ETH,Ethiopia,2016,636.835680951429,,3.60033751,5.5,42.0637249
ETH,Ethiopia,2017,678.98541915757,,3.45336914,5.4,41.0715491
ETH,Ethiopia,2018,705.96881207336,,3.30371761,5.4,40.9791219
ETH,Ethiopia,2019,744.702789740042,,3.24287128,5.4,41.1258037
ETH,Ethiopia,2020,768.705424484873,,3.48096275,,40.6134168
FIN,Finland,2006,44069.3958834717,8.935,8.2858429,21.0,90.8351953
FIN,Finland,2007,46213.6898975737,6.854,8.08415604,19.7,88.1509114
FIN,Finland,2008,46359.8732844055,6.369,8.34362221,20.6,90.1834609
FIN,Finland,2009,42412.5133513534,8.249,9.16182804,20.4,93.3166023
FIN,Finland,2010,43556.5385834368,8.394,9.14183331,18.6,93.0859943
FIN,Finland,2011,44391.4535667984,7.781,9.23903561,17.9,94.8579686
FIN,Finland,2012,43507.9345371578,7.689,9.61732101,17.0,95.538659
FIN,Finland,2013,42883.6384986417,8.193,9.84504986,17.2,94.7555239
FIN,Finland,2014,42502.4880199858,8.663,9.83066177,15.4,91.5426504
FIN,Finland,2015,42560.3456767103,9.376,9.69998264,14.0,88.7404502
FIN,Finland,2016,43529.6761616969,8.818,9.45625591,15.2,89.0248715
FIN,Finland,2017,44862.220404205,8.64,9.19148445,15.9,92.3694646
FIN,Finland,2018,45337.2409550575,7.361,9.10587025,16.2,93.3360502
FIN,Finland,2019,45898.5708448954,6.695,9.22295189,15.3,93.1277483
FIN,Finland,2020,44690.9801103074,7.759,9.69977188,,92.8616841
FJI,Fiji,2006,4295.40677074806,,3.34798193,9.2,55.5113141
FJI,Fiji,2007,4223.44802067613,8.75,3.41514993,9.4,45.5588517
FJI,Fiji,2008,4240.77264898616,8.938,3.18467116,9.6,35.5873302
FJI,Fiji,2009,4164.29314815569,8.717,3.53587627,9.7,34.5108392
FJI,Fiji,2010,4272.35916210382,8.914,3.41664124,9.6,40.7602717
FJI,Fiji,2011,4375.58083514077,4.406,3.14293504,9.8,41.1238457
FJI,Fiji,2012,4427.97841523552,8.997,3.2655499,10.0,40.0909871
FJI,Fiji,2013,4630.3512738488,8.957,3.20040679,10.0,40.0967076
FJI,Fiji,2014,4883.24299340799,6.165,3.36860466,9.7,49.4107879
FJI,Fiji,2015,5097.53106864695,,3.32468939,9.4,49.3681316
FJI,Fiji,2016,5218.85824573477,4.319,3.27979708,9.4,49.3829596
FJI,Fiji,2017,5500.67840280072,,3.18689561,9.3,49.3877739
FJI,Fiji,2018,5720.21445752907,,4.10572624,9.1,59.7482167
FJI,Fiji,2019,5701.10434532357,,4.28229284,9.0,73.0032012
FJI,Fiji,2020,4721.12281287253,,5.28987408,,64.0830762
FRA,France,2006,35645.4162427116,8.832,10.39764977,18.5,79.8013323
FRA,France,2007,36322.1685141004,8.008,10.33418846,17.9,80.889408
FRA,France,2008,36257.3658930938,7.386,10.51340675,18.2,83.0072895
FRA,France,2009,35052.8510772683,9.122,11.29095459,18.4,81.4823864
FRA,France,2010,35578.1968010183,9.279,11.22430801,18.2,79.3586094
FRA,France,2011,36269.9561530888,9.228,11.17601013,18.0,79.8974363
FRA,France,2012,36161.2918253465,9.841,11.33749485,17.8,80.7574861
FRA,France,2013,36256.086680981,9.913,11.37891197,17.0,80.0063772
FRA,France,2014,36444.3949089146,10.273,11.57935429,15.6,79.6111153
FRA,France,2015,36702.4323733379,10.354,11.50032997,15.8,79.7147617
FRA,France,2016,36920.5342846914,10.057,11.57036018,14.9,78.9518133
FRA,France,2017,37580.5979329356,9.409,11.44944572,14.6,78.5973333
FRA,France,2018,38062.4435961412,9.018,11.30847645,14.2,80.8697481
FRA,France,2019,38705.2072940618,8.415,11.17058277,13.8,80.1591081
FRA,France,2020,35709.2045925926,8.009,12.12949371,,80.3248197
FRO,Faroe Islands,2006,,1.802,,,
FRO,Faroe Islands,2007,,1.727,,,
FRO,Faroe Islands,2008,44623.0315871975,2.359,,,
FRO,Faroe Islands,2009,42379.0851176044,3.938,,,
FRO,Faroe Islands,2010,42334.391628988,6.386,,,
FRO,Faroe Islands,2011,43947.1570625821,5.29,,,
FRO,Faroe Islands,2012,47304.8451728204,3.026,,,
FRO,Faroe Islands,2013,50121.7919684574,4.034,,,
FRO,Faroe Islands,2014,52645.8769957728,,,,
FRO,Faroe Islands,2015,52638.2668218454,,,,
FRO,Faroe Islands,2016,52758.462646154,,,,
FRO,Faroe Islands,2017,53832.1022752798,,,,
FRO,Faroe Islands,2018,54432.5257658066,,,,
FRO,Faroe Islands,2019,56031.6628701293,,,,
FRO,Faroe Islands,2020,54305.7918823334,,,,
FSM,"Micronesia, Fed. Sts.",2006,2853.20713732847,,10.87018681,24.6,44.4898214
FSM,"Micronesia, Fed. Sts.",2007,2827.53072106163,,11.23334217,24.4,42.4936847
FSM,"Micronesia, Fed. Sts.",2008,2779.82971113098,,12.08326721,24.5,42.0383427
FSM,"Micronesia, Fed. Sts.",2009,2841.46745946079,,12.68854141,24.5,42.2628706
FSM,"Micronesia, Fed. Sts.",2010,2901.24604798215,,13.3306675,24.5,42.8251216
FSM,"Micronesia, Fed. Sts.",2011,3006.53976237006,,13.222826,25.2,37.9025024
FSM,"Micronesia, Fed. Sts.",2012,2952.58709656817,,12.39077377,25.5,37.9071923
FSM,"Micronesia, Fed. Sts.",2013,2837.15746729135,,12.21770954,25.6,38.2984915
FSM,"Micronesia, Fed. Sts.",2014,2757.39654878889,8.863,11.83491802,25.8,47.9737698
FSM,"Micronesia, Fed. Sts.",2015,2869.86276169101,,12.62341213,27.0,47.9347067
FSM,"Micronesia, Fed. Sts.",2016,2896.47282245468,,13.33481121,27.0,47.9482845
FSM,"Micronesia, Fed. Sts.",2017,2945.60147384462,,12.40742493,27.7,52.6844083
FSM,"Micronesia, Fed. Sts.",2018,2946.05827846428,,11.93961334,28.2,52.7086162
FSM,"Micronesia, Fed. Sts.",2019,3043.07718989012,,11.87363148,28.2,51.3556701
FSM,"Micronesia, Fed. Sts.",2020,2963.44360529022,,11.98479271,,54.0413676
GAB,Gabon,2006,6724.08148977274,,3.14623928,10.6,36.2017009
GAB,Gabon,2007,6908.67399162999,,3.0834198,10.4,36.236811
GAB,Gabon,2008,6468.38523357609,,2.84760666,11.3,36.2641959
GAB,Gabon,2009,6264.83611480154,,3.78076673,10.2,39.4214556
GAB,Gabon,2010,6481.49612073562,20.39,2.47556901,10.1,40.0367344
GAB,Gabon,2011,6699.23394606512,,2.55771565,10.0,35.8753603
GAB,Gabon,2012,6803.22668079211,,2.42097569,8.9,32.764772
GAB,Gabon,2013,6938.25753862236,,2.84087205,8.6,35.0920871
GAB,Gabon,2014,6998.60545439576,,2.53282261,9.8,38.0919377
GAB,Gabon,2015,7047.12654634355,,2.65743947,9.6,37.6832127
GAB,Gabon,2016,6991.3251446736,,3.1076982,9.2,38.4397523
GAB,Gabon,2017,6840.05959347802,,2.78068876,8.8,35.2562918
GAB,Gabon,2018,6724.5961429108,,2.75235105,8.6,36.1832563
GAB,Gabon,2019,6817.56879468764,,2.76837039,8.4,36.0168291
GAB,Gabon,2020,6534.27966529444,,3.4401269,,35.5236452
GBR,United Kingdom,2006,43944.9985799069,5.472,8.53970814,7.8,84.5522005
GBR,United Kingdom,2007,44882.141312304,5.399,8.76035309,7.6,83.7435354
GBR,United Kingdom,2008,44508.2874631479,5.748,9.03295708,8.1,84.5019786
GBR,United Kingdom,2009,42146.5095879962,7.683,9.83944035,8.0,80.2065107
GBR,United Kingdom,2010,42762.720840223,7.973,9.78799534,7.8,80.1316434
GBR,United Kingdom,2011,42791.0934313474,8.195,9.79682636,8.3,79.887339
GBR,United Kingdom,2012,43136.7006795996,8.279,9.89332199,8.2,80.6579094
GBR,United Kingdom,2013,43585.8731772281,7.752,9.99087143,8.8,79.4652327
GBR,United Kingdom,2014,44628.5724578217,6.398,9.97686195,8.6,83.5843317
GBR,United Kingdom,2015,45256.040227057,5.552,9.94044876,8.8,83.1560518
GBR,United Kingdom,2016,45888.7099614563,4.909,9.87085724,8.5,83.4783092
GBR,United Kingdom,2017,47019.4510419999,4.501,9.70468903,8.2,81.7911302
GBR,United Kingdom,2018,47516.2099770322,4.145,9.79496574,8.1,80.9891227
GBR,United Kingdom,2019,47866.9140354078,3.657,9.97954082,7.9,78.4973891
GBR,United Kingdom,2020,42985.0392148248,4.518,12.10388088,,78.0332564
GEO,Georgia,2006,2554.81253503914,13.573,7.63208008,6.2,43.8163408
GEO,Georgia,2007,2891.13702331846,13.276,7.43517828,6.1,47.010025
GEO,Georgia,2008,2970.15858282428,17.866,8.44424057,7.5,51.0404612
GEO,Georgia,2009,2887.25607935922,20.71,9.56681633,8.5,52.9775814
GEO,Georgia,2010,3090.06513662318,20.203,9.02123737,8.3,55.4596125
GEO,Georgia,2011,3362.1030031968,19.632,7.88224316,8.7,61.900975
GEO,Georgia,2012,3609.780798626,19.653,7.95168972,9.2,63.2747144
GEO,Georgia,2013,3806.50600649051,19.416,8.00574589,9.8,62.0561499
GEO,Georgia,2014,3960.35080091901,17.439,8.2940836,10.3,61.6395054
GEO,Georgia,2015,4086.6223465965,16.506,8.6599493,10.5,60.4770505
GEO,Georgia,2016,4225.09154904806,16.604,9.07258892,10.7,62.9627954
GEO,Georgia,2017,4442.50744127374,13.939,8.70140266,9.6,63.6579094
GEO,Georgia,2018,4713.65354845303,12.667,7.75524616,9.4,61.1018024
GEO,Georgia,2019,4975.81148194814,11.565,7.31291389,9.2,61.2834309
GEO,Georgia,2020,4659.60925318234,11.734,9.22991848,,57.3322836
GHA,Ghana,2006,1185.26570738595,4.897,3.67208791,7.0,52.7786399
GHA,Ghana,2007,1205.31705804209,,3.70900321,7.2,52.4317314
GHA,Ghana,2008,1282.63416886747,,3.72533512,7.5,52.6759891
GHA,Ghana,2009,1311.63053760125,,4.17717743,7.6,52.8751172
GHA,Ghana,2010,1381.2279503506,5.384,4.52302933,7.8,52.0582273
GHA,Ghana,2011,1537.81834019283,,4.46374655,7.8,51.4601817
GHA,Ghana,2012,1640.54072088003,,3.93023658,7.8,51.7715972
GHA,Ghana,2013,1718.59704769958,2.173,4.59225416,7.7,49.6173125
GHA,Ghana,2014,1726.36930134647,,4.01644135,7.5,49.6272154
GHA,Ghana,2015,1722.77282833606,6.806,4.54299259,7.3,49.6710927
GHA,Ghana,2016,1740.81101902928,,3.39035821,7.2,51.6859949
GHA,Ghana,2017,1841.44636153249,3.369,2.68786979,7.0,52.0523183
GHA,Ghana,2018,1915.4532323781,,2.43001175,6.6,51.0707258
GHA,Ghana,2019,1999.55372220211,,3.25450468,6.6,50.2772134
GHA,Ghana,2020,1970.19411460398,,4.4331708,,51.1389276
GIB,Gibraltar,2006,,,,,
GIB,Gibraltar,2007,,,,,
GIB,Gibraltar,2008,,,,,
GIB,Gibraltar,2009,,,,,
GIB,Gibraltar,2010,,,,,
GIB,Gibraltar,2011,,,,,
GIB,Gibraltar,2012,,,,,
GIB,Gibraltar,2013,,,,,
GIB,Gibraltar,2014,,,,,
GIB,Gibraltar,2015,,,,,
GIB,Gibraltar,2016,,,,,
GIB,Gibraltar,2017,,,,,
GIB,Gibraltar,2018,,,,,
GIB,Gibraltar,2019,,,,,
GIB,Gibraltar,2020,,,,,
GIN,Guinea,2006,645.472001923653,,3.61526895,6.0,26.5495844
GIN,Guinea,2007,673.698997420626,,3.48262477,6.3,27.4684096
GIN,Guinea,2008,684.775780377366,,3.26561713,6.3,28.714886
GIN,Guinea,2009,660.756701330284,,3.58146644,6.4,28.2624975
GIN,Guinea,2010,675.736917327708,,3.42781734,6.8,29.6862509
GIN,Guinea,2011,696.199991395571,,3.78955102,7.0,28.7471183
GIN,Guinea,2012,719.505916794546,,3.50398517,7.1,27.595659
GIN,Guinea,2013,729.833143236326,,3.46108651,7.3,29.7487693
GIN,Guinea,2014,738.272274481308,5.044,4.787992,7.1,31.8794936
GIN,Guinea,2015,747.356966759448,,5.80919266,7.2,32.9616311
GIN,Guinea,2016,807.236421043888,,5.39694929,7.1,34.2602136
GIN,Guinea,2017,867.907502577607,,3.91512728,7.0,34.0741304
GIN,Guinea,2018,899.907328045175,,3.73843002,6.9,35.0462731
GIN,Guinea,2019,926.42221954853,5.018,4.08876228,7.0,38.1864104
GIN,Guinea,2020,945.570903389665,,3.90094519,,35.5546292
GMB,"Gambia, The",2006,636.596026908866,,5.43720818,5.7,33.4761782
GMB,"Gambia, The",2007,637.20930597537,,4.95501947,5.7,36.216632
GMB,"Gambia, The",2008,657.675679192228,,4.65938759,5.6,36.3756102
GMB,"Gambia, The",2009,681.433469086571,,4.46430635,5.5,38.6975198
GMB,"Gambia, The",2010,701.014524591061,,4.11944056,5.3,38.9163914
GMB,"Gambia, The",2011,625.464360270983,,4.36967373,5.4,39.1520957
GMB,"Gambia, The",2012,639.139881889048,9.268,4.26872253,5.3,40.125823
GMB,"Gambia, The",2013,638.522368532214,,3.91374874,5.3,39.4821657
GMB,"Gambia, The",2014,611.879472952196,,3.05234575,5.3,40.8210829
GMB,"Gambia, The",2015,619.536364296461,,3.1761291,5.1,39.0213638
GMB,"Gambia, The",2016,615.193365494386,,3.19523716,4.9,39.4588134
GMB,"Gambia, The",2017,628.777299272925,,3.35449266,4.9,41.1892495
GMB,"Gambia, The",2018,658.127833258563,4.055,3.18501234,4.8,41.5729578
GMB,"Gambia, The",2019,682.797642940426,,3.14534926,4.8,40.9155263
GMB,"Gambia, The",2020,670.758642891251,,4.01436949,,39.9186412
GNB,Guinea-Bissau,2006,597.257151722046,,5.07826185,8.4,30.3548258
GNB,Guinea-Bissau,2007,597.482020935948,,4.92573404,8.4,30.9924632
GNB,Guinea-Bissau,2008,608.958620496925,,5.35239792,8.4,32.08239
GNB,Guinea-Bissau,2009,608.202131879882,,4.61063194,8.5,32.8511657
GNB,Guinea-Bissau,2010,625.904027290582,,4.87133694,8.4,32.6688858
GNB,Guinea-Bissau,2011,658.953470528116,,6.21634817,8.2,31.6698229
GNB,Guinea-Bissau,2012,630.66862302825,,5.94134808,8.0,27.7527609
GNB,Guinea-Bissau,2013,634.095456089352,,7.03943443,8.1,23.8681179
GNB,Guinea-Bissau,2014,623.610159103365,,9.96897411,7.8,23.0964586
GNB,Guinea-Bissau,2015,645.066837207039,,8.13228226,7.3,24.2100157
GNB,Guinea-Bissau,2016,663.242608032005,,8.32881451,7.3,23.3249881
GNB,Guinea-Bissau,2017,677.466131311367,,7.00049543,7.3,21.3461643
GNB,Guinea-Bissau,2018,686.456819839526,3.127,7.28164959,7.2,27.3204445
GNB,Guinea-Bissau,2019,706.298562874985,2.52,7.14602089,7.0,26.4437564
GNB,Guinea-Bissau,2020,710.275830755611,,8.98898792,,26.4291034
GNQ,Equatorial Guinea,2006,10521.9996774827,,1.41217864,9.2,24.0188654
GNQ,Equatorial Guinea,2007,11594.9172068456,,1.42080677,9.0,24.0636061
GNQ,Equatorial Guinea,2008,13048.0703050168,,1.23333216,8.8,24.0985043
GNQ,Equatorial Guinea,2009,12627.862381545,,1.87389886,8.9,24.7621773
GNQ,Equatorial Guinea,2010,10984.3243932426,,1.73363662,10.0,25.727322
GNQ,Equatorial Guinea,2011,11203.9073679091,,1.54309607,11.2,25.6566489
GNQ,Equatorial Guinea,2012,11650.7196270884,,1.62290311,10.0,25.6600749
GNQ,Equatorial Guinea,2013,10731.6455729191,,1.75622749,8.4,25.0317997
GNQ,Equatorial Guinea,2014,10363.4872473549,,1.868559,8.8,32.3349173
GNQ,Equatorial Guinea,2015,9068.91003238645,,2.45693421,9.8,31.9442558
GNQ,Equatorial Guinea,2016,7971.83401904573,,2.97177482,9.3,32.4024852
GNQ,Equatorial Guinea,2017,7259.10936454803,,2.86121631,7.8,31.795089
GNQ,Equatorial Guinea,2018,6578.90039765711,,2.92214823,8.3,32.1944439
GNQ,Equatorial Guinea,2019,6018.12066321865,,3.27948833,7.9,31.7102042
GNQ,Equatorial Guinea,2020,5575.26241511492,,3.70560718,,30.6835561
GRC,Greece,2006,23220.5324419197,8.906,8.39596939,3.7,61.9642886
GRC,Greece,2007,23973.6936091313,8.351,8.52304935,3.0,60.9811989
GRC,Greece,2008,23923.8800731311,7.664,8.948102,3.4,60.247963
GRC,Greece,2009,22878.1346644397,9.546,9.53581333,3.6,60.9675764
GRC,Greece,2010,21547.724178239,12.719,9.61952496,3.5,57.259701
GRC,Greece,2011,19448.255802525,17.973,9.18577003,4.4,56.315898
GRC,Greece,2012,17924.6620496886,24.731,9.04327774,4.8,55.7531725
GRC,Greece,2013,17644.8766635021,27.686,8.52183914,5.0,59.0507519
GRC,Greece,2014,17903.5252440012,26.708,7.94358587,5.3,56.0998457
GRC,Greece,2015,17980.7298238137,24.981,8.26719952,5.0,54.8741394
GRC,Greece,2016,18049.928997892,23.514,8.45097542,4.7,52.9718104
GRC,Greece,2017,18352.0884461258,21.413,8.11336899,5.1,56.4412613
GRC,Greece,2018,18769.0389621976,19.179,8.07267761,5.1,57.9494834
GRC,Greece,2019,19216.6759579785,17.045,8.11709499,5.1,60.2647801
GRC,Greece,2020,17486.951333323,15.899,9.38074493,,62.7489676
GRD,Grenada,2006,7808.24358323434,,5.11352158,5.1,60.7666478
GRD,Grenada,2007,8257.36225682689,,5.23867893,2.0,60.8188705
GRD,Grenada,2008,8307.49221491819,,5.386199,2.4,60.8596038
GRD,Grenada,2009,7733.12990600058,,5.43471003,0.7,61.801198
GRD,Grenada,2010,7670.71165827663,,5.4188118,0.9,62.2611813
GRD,Grenada,2011,7695.37616017287,,5.80423355,1.7,62.2453013
GRD,Grenada,2012,7559.5628483956,,5.82235765,1.7,62.249301
GRD,Grenada,2013,7688.75297701343,24.2,5.62652922,1.2,61.0800679
GRD,Grenada,2014,8206.62862112333,24.5,4.77353573,0.6,56.0525307
GRD,Grenada,2015,8694.12438005692,22.9,4.64675617,0.7,51.9847503
GRD,Grenada,2016,8983.68397337899,,4.43910027,1.0,51.9963292
GRD,Grenada,2017,9357.40728883583,,4.65701056,0.6,52.0000877
GRD,Grenada,2018,9744.16919577204,13.658,4.58373737,0.3,48.3347558
GRD,Grenada,2019,9785.56040240592,9.788,4.93189621,0.7,49.5285739
GRD,Grenada,2020,8413.28335500372,12.974,5.30602551,,49.4711149
GRL,Greenland,2006,38828.8524943222,8.398,,,
GRL,Greenland,2007,39896.875364094,,,,
GRL,Greenland,2008,42527.6668469766,,,,
GRL,Greenland,2009,42899.7441985862,,,,60.3429412
GRL,Greenland,2010,43481.5161087805,7.8,,,60.3977228
GRL,Greenland,2011,42994.8790874739,9.4,,,60.3654943
GRL,Greenland,2012,43655.7004664255,9.8,,,60.3736122
GRL,Greenland,2013,43338.3839246907,10.1,,,60.382677
GRL,Greenland,2014,45545.1429414917,10.3,,,60.7492784
GRL,Greenland,2015,44536.3549705377,9.1,,,60.6816793
GRL,Greenland,2016,46561.7831434013,,,,60.7051774
GRL,Greenland,2017,46597.9452470348,,,,60.7128073
GRL,Greenland,2018,47012.9860350276,,,,60.7547014
GRL,Greenland,2019,48170.7896955512,,,,60.7955338
GRL,Greenland,2020,48169.9406957389,,,,60.6789163
GTM,Guatemala,2006,3388.15165081967,1.902,6.36362219,10.7,37.7140296
GTM,Guatemala,2007,3527.77995621193,,6.1918335,8.3,38.2627787
GTM,Guatemala,2008,3569.93031541246,,6.08129978,8.0,38.7209284
GTM,Guatemala,2009,3516.19395579721,,6.33938646,7.9,40.0319726
GTM,Guatemala,2010,3546.62750929879,3.497,6.1247797,7.3,39.5303208
GTM,Guatemala,2011,3621.37582644774,4.126,5.96306896,6.6,38.0920971
GTM,Guatemala,2012,3655.57490299412,2.765,6.07316971,6.1,37.8801126
GTM,Guatemala,2013,3717.30457960279,3.017,5.77188921,5.9,38.794034
GTM,Guatemala,2014,3809.61584332802,2.717,5.8885684,5.8,40.2148786
GTM,Guatemala,2015,3893.50533299068,2.506,6.00602007,5.8,38.6489233
GTM,Guatemala,2016,3924.7789643024,2.583,6.07008219,5.7,38.2011062
GTM,Guatemala,2017,3972.74059262672,2.462,6.13563824,5.6,37.764584
GTM,Guatemala,2018,4040.21214374742,2.283,6.10662699,6.0,36.4630344
GTM,Guatemala,2019,4139.12206338632,2.193,6.17443275,5.9,36.2144095
GTM,Guatemala,2020,4005.83916360689,,6.4591527,,36.2431283
GUM,Guam,2006,31242.462900947,7.133,,,45.4722208
GUM,Guam,2007,31385.0475162113,8.349,,,45.5588517
GUM,Guam,2008,31941.2706025874,,,,45.6264235
GUM,Guam,2009,31988.7229358255,9.259,,,45.8623631
GUM,Guam,2010,32644.1484056205,8.2,,,45.9071388
GUM,Guam,2011,32665.3787483379,13.316,,,45.880798
GUM,Guam,2012,33404.9317636913,12.2,,,45.8874323
GUM,Guam,2013,34044.3190415455,11.5,,,45.8948404
GUM,Guam,2014,34755.2691107298,7.6,,,66.2726692
GUM,Guam,2015,35165.7014644795,6.9,,,66.2174152
GUM,Guam,2016,35373.8483143417,5.4,,,66.236622
GUM,Guam,2017,35850.9025520506,,,,66.2428596
GUM,Guam,2018,35731.2203743081,,,,66.2771005
GUM,Guam,2019,36830.1264410973,,,,66.3104743
GUM,Guam,2020,32884.8852646787,,,,66.2151577
GUY,Guyana,2006,4076.77981715707,10.7,3.93144464,30.7,49.1874986
GUY,Guyana,2007,4382.10449666813,,4.28126192,30.9,51.6948477
GUY,Guyana,2008,4472.34517889699,,4.20242214,30.0,48.433687
GUY,Guyana,2009,4649.34144792756,,4.35117149,32.9,49.67028
GUY,Guyana,2010,4860.09110980566,,4.21897697,33.3,50.5116383
GUY,Guyana,2011,5133.89539813637,,4.17213488,32.6,50.4644282
GUY,Guyana,2012,5403.79899428921,,3.7081871,35.0,50.9595021
GUY,Guyana,2013,5573.3421790463,,3.80231309,38.2,50.8820235
GUY,Guyana,2014,5635.71704117947,,3.94755435,37.2,49.4977085
GUY,Guyana,2015,5640.41560569466,,4.02264786,37.3,49.0374607
GUY,Guyana,2016,5818.61682204646,,4.01842117,37.9,49.0431209
GUY,Guyana,2017,5997.18271426826,,4.3191123,38.5,48.2036428
GUY,Guyana,2018,6080.90612132746,13.627,4.90492535,39.5,49.6879293
GUY,Guyana,2019,6278.63054079553,13.172,4.90331507,40.3,49.6980188
GUY,Guyana,2020,9010.61000469878,12.594,5.37510586,,46.1830086
HKG,"Hong Kong SAR, China",2006,34458.0032348089,4.77,,,85.4928692
HKG,"Hong Kong SAR, China",2007,36371.6434233987,4.01,,,84.1227891
HKG,"Hong Kong SAR, China",2008,36924.0529643897,3.56,,,84.1140198
HKG,"Hong Kong SAR, China",2009,35938.578391742,5.26,,,83.2065285
HKG,"Hong Kong SAR, China",2010,38090.0154420129,4.329,,,82.5654922
HKG,"Hong Kong SAR, China",2011,39656.3184510131,3.422,,,82.8937948
HKG,"Hong Kong SAR, China",2012,39887.8192650568,3.285,,,87.9288685
HKG,"Hong Kong SAR, China",2013,40959.9776349249,3.4,,,84.9973636
HKG,"Hong Kong SAR, China",2014,41796.8593150091,3.296,,,87.2393135
HKG,"Hong Kong SAR, China",2015,42432.1619740441,3.314,,,87.1331142
HKG,"Hong Kong SAR, China",2016,43087.5537128127,3.392,,,88.4228788
HKG,"Hong Kong SAR, China",2017,44380.8176753147,3.124,,,88.8012828
HKG,"Hong Kong SAR, China",2018,45280.4971892076,2.805,,,89.0713485
HKG,"Hong Kong SAR, China",2019,44195.2741142906,2.917,,,88.0664602
HKG,"Hong Kong SAR, China",2020,41451.2989586282,5.808,,,82.2846467
HND,Honduras,2006,2056.53491469231,3.574,7.86318684,2.2,37.4096509
HND,Honduras,2007,2134.19540639485,3.211,8.08494949,2.1,39.4171702
HND,Honduras,2008,2175.14709403064,3.156,8.60362625,2.1,37.9876653
HND,Honduras,2009,2076.30859895638,3.292,8.99592495,2.0,38.769834
HND,Honduras,2010,2108.47314459603,4.119,8.72536373,2.0,39.1786348
HND,Honduras,2011,2144.56265540491,4.474,8.79187012,1.9,39.5962185
HND,Honduras,2012,2188.39378817891,3.755,8.65655136,3.3,37.9599323
HND,Honduras,2013,2205.40126728067,5.646,8.47723007,3.2,35.6870041
HND,Honduras,2014,2229.24772232218,7.078,7.91455746,3.4,39.6550483
HND,Honduras,2015,2271.20265980349,6.147,7.4837904,4.0,40.5381315
HND,Honduras,2016,2315.72983058198,6.727,7.709445,2.0,42.9545002
HND,Honduras,2017,2383.37398439714,5.528,7.00668859,2.1,43.1871557
HND,Honduras,2018,2430.13503657762,5.648,7.22820663,2.0,41.0906042
HND,Honduras,2019,2447.61649282181,5.698,7.34316635,2.1,41.3748835
HND,Honduras,2020,2189.43168668222,10.982,9.21912384,,40.0142766
HRV,Croatia,2006,12104.2947219361,11.13,6.90362167,18.3,57.2225473
HRV,Croatia,2007,12718.2002498979,9.909,7.38946152,18.1,58.6395128
HRV,Croatia,2008,12970.5143712302,8.53,7.63643503,18.4,59.036128
HRV,Croatia,2009,12099.7045228367,9.202,8.03311729,18.3,59.5324289
HRV,Croatia,2010,11965.1414956676,11.62,7.94908857,18.3,56.9187831
HRV,Croatia,2011,11993.1337166457,13.678,7.62508154,16.4,56.0184181
HRV,Croatia,2012,11780.5853491253,16.046,7.63413,18.4,59.1426463
HRV,Croatia,2013,11838.4554388595,17.231,6.37271595,16.5,59.4215338
HRV,Croatia,2014,11862.7815706266,17.209,6.56612396,17.3,59.6165223
HRV,Croatia,2015,12283.8750299177,16.15,6.65548038,17.6,56.3326237
HRV,Croatia,2016,12848.473748279,13.015,6.69167471,16.4,56.492053
HRV,Croatia,2017,13485.3711360576,11.078,6.62803125,15.7,59.1971848
HRV,Croatia,2018,14061.0597402919,8.322,6.7136178,16.4,60.9216088
HRV,Croatia,2019,14641.8735578488,6.551,6.78699923,16.4,59.489619
HRV,Croatia,2020,13545.7402289427,7.389,7.68352938,,61.1725164
HTI,Haiti,2006,1305.03813815611,,3.48013902,9.6,19.0776266
HTI,Haiti,2007,1343.61111422048,16.8,3.64734101,10.0,19.1005239
HTI,Haiti,2008,1356.53400140048,,3.75722051,10.1,23.4094899
HTI,Haiti,2009,1412.89653523429,,3.50277376,10.3,23.2998859
HTI,Haiti,2010,1317.58389339746,,4.54871035,10.9,20.8564123
HTI,Haiti,2011,1369.16921255852,,5.91197777,10.1,19.8613548
HTI,Haiti,2012,1354.88546124499,14.1,5.56462336,10.0,20.2365991
HTI,Haiti,2013,1392.38204736859,,4.10524035,9.9,21.7108836
HTI,Haiti,2014,1411.76834802154,,4.52035809,10.0,13.8166815
HTI,Haiti,2015,1411.12684746796,,5.07518148,10.0,14.9918469
HTI,Haiti,2016,1416.74881879698,,4.80760574,9.8,14.7204045
HTI,Haiti,2017,1432.67228609541,,3.8199389,9.7,14.5822061
HTI,Haiti,2018,1437.35251928349,,4.31650305,9.7,17.2801048
HTI,Haiti,2019,1394.42114071112,,3.91107917,9.6,14.6193481
HTI,Haiti,2020,1331.69778506932,,3.78651953,,14.0795218
HUN,Hungary,2006,11734.4544729813,7.494,7.78556442,24.9,65.3244097
HUN,Hungary,2007,11791.7074416876,7.406,7.20719147,25.0,60.9440375
HUN,Hungary,2008,11929.7209867703,7.817,7.09275723,25.4,60.9722274
HUN,Hungary,2009,11142.885928524,10.03,7.2366724,25.4,61.8764035
HUN,Hungary,2010,11287.3686666108,11.172,7.46420383,25.5,60.0989829
HUN,Hungary,2011,11536.3578996772,11.029,7.49342251,25.1,60.4591445
HUN,Hungary,2012,11440.7622718825,11.003,7.43047714,24.8,59.7453351
HUN,Hungary,2013,11729.5720798501,10.177,7.23645353,22.1,62.4481433
HUN,Hungary,2014,12287.3779441033,7.725,7.04192352,20.4,64.2948896
HUN,Hungary,2015,12782.9412577973,6.813,6.8501935,19.9,62.6125464
HUN,Hungary,2016,13145.6559885563,5.115,6.96752644,18.7,62.1375212
HUN,Hungary,2017,13734.2442804335,4.156,6.73338366,17.5,63.1557792
HUN,Hungary,2018,14533.7783144312,3.667,6.55460501,17.7,63.5105529
HUN,Hungary,2019,15290.8085466331,3.411,6.24677849,16.6,61.5257209
HUN,Hungary,2020,14664.2971195385,4.248,7.230515,,65.3557593
IDN,Indonesia,2006,2244.0802226202,7.551,2.61946416,2.9,41.2810836
IDN,Indonesia,2007,2355.1528565328,8.06,2.82385564,2.9,42.4519248
IDN,Indonesia,2008,2464.60193418272,7.208,2.54842305,2.8,42.5385381
IDN,Indonesia,2009,2546.21969707767,6.106,2.62324095,2.7,44.9194662
IDN,Indonesia,2010,2670.8129098953,5.614,2.7908783,2.6,46.4184115
IDN,Indonesia,2011,2799.62468790318,5.153,2.98942471,2.6,44.9745977
IDN,Indonesia,2012,2930.518445323,4.468,2.91427088,2.5,46.3417399
IDN,Indonesia,2013,3055.24246006469,4.336,2.86934805,2.5,48.1635493
IDN,Indonesia,2014,3170.72103011429,4.049,2.96433568,2.4,57.5456059
IDN,Indonesia,2015,3288.22269725538,4.514,2.92428517,2.4,50.1223884
IDN,Indonesia,2016,3416.81005170972,4.301,3.02147198,2.4,53.7163997
IDN,Indonesia,2017,3553.51999262321,3.783,2.90417194,2.4,54.3846673
IDN,Indonesia,2018,3701.32155461912,4.387,2.86757827,2.4,56.2687851
IDN,Indonesia,2019,3850.90321738979,3.59,2.87862897,2.4,57.4126224
IDN,Indonesia,2020,3739.44906563161,4.255,3.42067289,,55.4967156
IMN,Isle of Man,2006,62075.7601604994,2.417,,,
IMN,Isle of Man,2007,66029.9755907183,1.4,,,
IMN,Isle of Man,2008,68520.6825624937,1.4,,,
IMN,Isle of Man,2009,69192.0258221691,,,,
IMN,Isle of Man,2010,70747.8417587183,,,,
IMN,Isle of Man,2011,71727.5055082703,3.3,,,
IMN,Isle of Man,2012,77009.2978612012,,,,
IMN,Isle of Man,2013,80383.8273088527,2.598,,,
IMN,Isle of Man,2014,84778.5806639347,1.98,,,
IMN,Isle of Man,2015,84753.5187422732,,,,
IMN,Isle of Man,2016,90783.7647245394,2.667,,,
IMN,Isle of Man,2017,93200.3108083857,,,,
IMN,Isle of Man,2018,95040.4061748938,,,,
IMN,Isle of Man,2019,95110.1385990737,,,,
IMN,Isle of Man,2020,86595.0676099275,,,,
IND,India,2006,1008.23275344818,,3.66901541,15.6,48.8916228
IND,India,2007,1069.24696812234,,3.58103991,15.3,51.0283962
IND,India,2008,1086.50605251005,,3.58856082,15.1,48.3171978
IND,India,2009,1155.10163273817,,3.54637694,14.5,49.5237323
IND,India,2010,1235.15939132939,3.115,3.33625913,14.6,49.1209884
IND,India,2011,1281.61054354937,,3.24634218,14.7,49.9282691
IND,India,2012,1333.09626557649,3.222,3.32935286,14.3,49.6146448
IND,India,2013,1399.4537980281,,3.74944186,13.7,50.199062
IND,India,2014,1484.31640682961,,3.61956549,12.8,51.0781048
IND,India,2015,1583.99815907985,,3.59565973,12.3,59.0568048
IND,India,2016,1694.46534973787,,3.50430417,12.1,58.6538119
IND,India,2017,1788.69770318481,,2.93597651,12.0,58.1999807
IND,India,2018,1883.35772705055,7.652,2.8584938,12.6,61.0922301
IND,India,2019,1936.03067741063,6.51,2.95299792,12.7,61.1691545
IND,India,2020,1806.50110583865,7.859,3.34146094,,58.1320686
INX,Not classified,2006,,,,,
INX,Not classified,2007,,,,,
INX,Not classified,2008,,,,,
INX,Not classified,2009,,,,,
INX,Not classified,2010,,,,,
INX,Not classified,2011,,,,,
INX,Not classified,2012,,,,,
INX,Not classified,2013,,,,,
INX,Not classified,2014,,,,,
INX,Not classified,2015,,,,,
INX,Not classified,2016,,,,,
INX,Not classified,2017,,,,,
INX,Not classified,2018,,,,,
INX,Not classified,2019,,,,,
INX,Not classified,2020,,,,,
IRL,Ireland,2006,51656.8194855887,4.355,7.51646996,10.9,79.7197879
IRL,Ireland,2007,52849.6948429458,4.98,7.80773735,11.5,78.102586
IRL,Ireland,2008,49461.1594281353,6.774,9.12564754,12.2,76.9383423
IRL,Ireland,2009,46466.3794269222,12.609,10.52275753,14.0,73.5733621
IRL,Ireland,2010,46991.6464673949,14.534,10.52062798,11.9,71.4472344
IRL,Ireland,2011,47539.9181739968,15.354,10.4888649,12.5,75.5249817
IRL,Ireland,2012,47147.1604669421,15.451,10.47466946,12.4,78.0174096
IRL,Ireland,2013,47928.0346487005,13.735,10.0333004,11.4,77.3952281
IRL,Ireland,2014,52044.6201181887,11.858,9.23077869,11.0,79.8861704
IRL,Ireland,2015,64250.1385181257,9.908,7.07827806,9.3,78.8130589
IRL,Ireland,2016,64205.979777351,8.374,7.3382206,10.0,78.873907
IRL,Ireland,2017,69748.6221034014,6.713,6.91718578,10.0,78.1121019
IRL,Ireland,2018,74029.0550611436,5.741,6.74710846,9.9,79.6806257
IRL,Ireland,2019,76485.635854651,4.95,6.61860561,9.6,76.6868572
IRL,Ireland,2020,80927.936475395,5.623,6.97323275,,80.5133684
IRN,"Iran, Islamic Rep.",2006,4778.7934584732,11.519,5.15990877,6.0,37.0562345
IRN,"Iran, Islamic Rep.",2007,5084.71796043623,10.772,4.91188192,6.4,37.170367
IRN,"Iran, Islamic Rep.",2008,5035.94008533618,10.63,5.03990459,6.2,36.7574557
IRN,"Iran, Islamic Rep.",2009,5023.89314362941,12.113,6.11493444,6.2,36.8376118
IRN,"Iran, Islamic Rep.",2010,5249.06133369759,13.679,6.29153061,6.3,39.0124079
IRN,"Iran, Islamic Rep.",2011,5321.75870744453,12.491,6.09787989,6.8,40.9003892
IRN,"Iran, Islamic Rep.",2012,5058.64637811835,12.275,6.12235355,6.7,40.9877064
IRN,"Iran, Islamic Rep.",2013,4916.97291948475,10.595,5.73697805,6.6,40.2826079
IRN,"Iran, Islamic Rep.",2014,5093.20319702187,10.68,6.81539536,6.5,46.3342811
IRN,"Iran, Islamic Rep.",2015,4952.73355532178,11.166,8.38232708,6.3,47.6110494
IRN,"Iran, Islamic Rep.",2016,5312.61724954192,12.618,7.80285025,6.2,47.3901809
IRN,"Iran, Islamic Rep.",2017,5395.2398398598,12.232,7.71801233,6.0,47.5024565
IRN,"Iran, Islamic Rep.",2018,5127.22495367018,12.195,6.63571692,5.7,46.0373048
IRN,"Iran, Islamic Rep.",2019,4952.45669081078,10.74,6.23426771,5.2,43.2270684
IRN,"Iran, Islamic Rep.",2020,5132.82430762118,9.687,4.96098137,,37.5907798
IRQ,Iraq,2006,3471.98744698568,,2.49370432,3.8,15.6614659
IRQ,Iraq,2007,3565.58054079041,8.646,3.2148056,3.7,19.6131324
IRQ,Iraq,2008,3781.78001712762,,3.06604242,3.6,27.4389869
IRQ,Iraq,2009,3768.17284328983,,3.77203989,3.7,30.2556418
IRQ,Iraq,2010,3881.94327045302,,3.23955345,3.9,28.4161034
IRQ,Iraq,2011,4030.01686860986,,2.80316377,4.1,28.306791
IRQ,Iraq,2012,4387.90469058707,7.965,2.69365859,4.1,29.624732
IRQ,Iraq,2013,4504.82687537354,,2.80868459,4.2,30.515692
IRQ,Iraq,2014,4446.97343234862,10.592,2.78786659,4.1,32.6557553
IRQ,Iraq,2015,4440.14189252367,,3.15587044,4.1,30.3543883
IRQ,Iraq,2016,4932.9272911439,10.82,4.57253027,4.0,30.1091758
IRQ,Iraq,2017,4736.32710809857,13.017,4.08944416,3.9,30.1111727
IRQ,Iraq,2018,4749.00921836896,,4.07600641,3.7,30.4485245
IRQ,Iraq,2019,4898.14897668582,,4.207232,3.6,29.8230474
IRQ,Iraq,2020,4213.99843766061,,5.72766161,,27.6607343
ISL,Iceland,2006,52306.128485789,2.83,8.55709076,12.5,82.0896601
ISL,Iceland,2007,55457.3601614503,2.251,8.3535862,14.8,80.5478077
ISL,Iceland,2008,55360.8136012406,2.946,8.34370804,14.8,82.7552172
ISL,Iceland,2009,50581.0846167336,7.22,8.77518463,14.3,83.1533258
ISL,Iceland,2010,49528.4864733411,7.564,8.36173058,12.8,79.0750865
ISL,Iceland,2011,50058.8302665144,7.028,8.25498867,11.6,79.0201357
ISL,Iceland,2012,50375.4117054195,6.0,8.23091221,13.5,79.9801881
ISL,Iceland,2013,51696.0876507326,5.376,8.22651291,13.9,81.0625648
ISL,Iceland,2014,52102.575810195,4.897,8.29044247,15.7,78.5234168
ISL,Iceland,2015,53505.6964079339,3.979,8.13121986,14.3,78.4585166
ISL,Iceland,2016,56049.2928672039,2.978,8.15569115,13.0,78.2310332
ISL,Iceland,2017,56657.9800322797,2.742,8.3243084,12.2,79.8959488
ISL,Iceland,2018,57731.6523639512,2.704,8.43817616,10.8,82.1325789
ISL,Iceland,2019,57118.8452777198,3.507,8.63996315,11.9,82.0552286
ISL,Iceland,2020,52464.3073240589,5.478,9.64908886,,81.745221
ISR,Israel,2006,30707.435814097,10.707,6.70000744,5.5,76.0730114
ISR,Israel,2007,32071.3107404162,9.379,6.67256165,5.2,74.2937008
ISR,Israel,2008,32519.7624461575,7.704,6.80668306,5.3,76.1685069
ISR,Israel,2009,32139.1146490917,9.534,6.86992359,6.0,75.2506791
ISR,Israel,2010,33307.1044316197,8.48,6.85038328,6.7,76.678016
ISR,Israel,2011,34499.9509262825,7.139,6.80594969,5.7,77.4570971
ISR,Israel,2012,34685.0915981013,6.762,6.94185257,6.1,76.6177279
ISR,Israel,2013,35436.2912873273,6.137,6.94074392,5.2,76.5869577
ISR,Israel,2014,36055.08530225,5.789,7.02990532,5.1,76.6398455
ISR,Israel,2015,36138.13561386,5.176,7.02090645,4.5,79.7939299
ISR,Israel,2016,37044.0118623764,4.723,7.09919167,5.2,81.0271611
ISR,Israel,2017,37911.0217281157,4.14,7.17189407,5.1,81.3967141
ISR,Israel,2018,38695.0100079706,3.917,7.23550367,5.4,78.5109493
ISR,Israel,2019,39322.038041422,3.731,7.20701885,5.3,81.8544555
ISR,Israel,2020,37938.3809354755,4.169,7.74801874,,74.0068471
ITA,Italy,2006,33873.0493680093,6.777,8.39791012,6.7,57.3505532
ITA,Italy,2007,34159.9109244074,6.076,8.10167217,6.7,55.2276609
ITA,Italy,2008,33550.6340800063,6.723,8.50157547,6.9,56.426062
ITA,Italy,2009,31587.0638416305,7.749,8.91290951,7.0,58.3200378
ITA,Italy,2010,31928.5543621096,8.363,8.87928963,6.9,57.8767278
ITA,Italy,2011,32039.5032494316,8.359,8.728508,7.4,56.6892562
ITA,Italy,2012,30953.4147447427,10.655,8.7983427,7.6,59.2562888
ITA,Italy,2013,30330.0221599668,12.149,8.7897644,7.5,60.4696676
ITA,Italy,2014,30325.0287793923,12.683,8.85913563,7.2,58.3178271
ITA,Italy,2015,30639.8829751432,11.896,8.84596729,7.1,58.5385497
ITA,Italy,2016,31077.6792675211,11.688,8.72043991,6.6,59.7770308
ITA,Italy,2017,31635.52277108,11.211,8.69060516,7.1,58.8834672
ITA,Italy,2018,31963.6417148824,10.538,8.65467453,6.7,59.8004841
ITA,Italy,2019,32180.4341017428,9.884,8.61536789,6.7,60.2576967
ITA,Italy,2020,29469.7989238626,9.192,9.5643034,,61.9905283
JAM,Jamaica,2006,5656.66803579988,10.325,5.51022339,1.5,53.5818315
JAM,Jamaica,2007,5710.53878446758,9.745,6.19109583,1.8,52.9757264
JAM,Jamaica,2008,5639.58974873397,6.666,6.65533972,2.2,53.7414825
JAM,Jamaica,2009,5372.14234169511,7.314,6.37021589,2.3,55.2044642
JAM,Jamaica,2010,5271.57221477938,7.63,6.44219255,1.9,54.8124747
JAM,Jamaica,2011,5339.62170188798,8.034,6.5231781,2.2,54.564122
JAM,Jamaica,2012,5284.00852557589,8.695,6.18602896,2.1,54.3319818
JAM,Jamaica,2013,5289.88438546111,9.698,6.28453302,2.0,55.2927692
JAM,Jamaica,2014,5307.19165380801,9.046,6.28673887,2.2,60.131785
JAM,Jamaica,2015,5339.30718256806,,6.61477137,2.2,59.7844428
JAM,Jamaica,2016,5472.28314023034,8.634,6.5901823,2.2,60.577018
JAM,Jamaica,2017,5586.1365723133,7.399,6.98476934,2.3,60.2784843
JAM,Jamaica,2018,5717.87621107532,5.47,6.83884478,2.3,61.0608922
JAM,Jamaica,2019,5814.79275311692,4.987,6.96945572,2.4,61.0939956
JAM,Jamaica,2020,5317.84145033966,6.501,7.47555304,,58.8600916
JOR,Jordan,2006,4596.56909353547,14.0,7.67925692,1.9,53.2633015
JOR,Jordan,2007,4681.17006766931,13.1,7.90982628,1.7,55.0588129
JOR,Jordan,2008,4902.38348073849,12.7,8.48880577,1.7,55.0052194
JOR,Jordan,2009,5043.62638729303,12.9,9.22396946,1.6,55.6678093
JOR,Jordan,2010,5066.49720027725,12.5,8.17025661,1.5,52.8175571
JOR,Jordan,2011,5085.98005025386,12.9,8.14807701,1.5,53.9652559
JOR,Jordan,2012,5135.0327939589,12.2,7.81799555,1.5,55.6249975
JOR,Jordan,2013,5007.76162067161,12.6,7.16592407,1.5,56.0296684
JOR,Jordan,2014,4703.39944986815,11.9,7.20892906,1.5,58.7454147
JOR,Jordan,2015,4441.61896013754,13.075,7.4609561,1.5,58.7699258
JOR,Jordan,2016,4326.17261571505,15.275,6.97644138,1.5,58.3898205
JOR,Jordan,2017,4335.92512689541,18.12,7.10953665,1.5,56.7296726
JOR,Jordan,2018,4320.029787425,18.257,6.98295021,1.6,53.0879709
JOR,Jordan,2019,4313.80791426608,16.801,7.07244635,1.6,51.5567544
JOR,Jordan,2020,4188.21240095719,19.213,7.54554749,,53.554851
JPN,Japan,2006,33880.6890093456,4.192,7.68688869,23.9,79.670859
JPN,Japan,2007,34426.6937124867,3.888,7.77935696,25.0,76.5166287
JPN,Japan,2008,34008.5915147362,4.002,8.08909321,24.4,76.4223096
JPN,Japan,2009,31993.8588053706,5.068,8.9587822,24.9,77.1254987
JPN,Japan,2010,33311.2872381879,5.102,9.0630064,24.1,77.2459058
JPN,Japan,2011,33306.1802259719,4.55,10.48780155,23.4,77.2299151
JPN,Japan,2012,33909.4911855243,4.358,10.67169094,21.6,76.899252
JPN,Japan,2013,34636.6924746166,4.038,10.67438698,21.4,79.5585854
JPN,Japan,2014,34996.8796756631,3.589,10.7290144,20.1,85.8180198
JPN,Japan,2015,35664.6446110613,3.385,10.74969959,19.1,84.5129644
JPN,Japan,2016,35934.4467886662,3.132,10.65891552,17.5,86.6068501
JPN,Japan,2017,36547.7357437305,2.822,10.65627098,17.0,84.6386214
JPN,Japan,2018,36899.3847079435,2.467,10.73988247,16.7,86.8238668
JPN,Japan,2019,36837.2583653113,2.351,10.96998405,15.3,87.0499696
JPN,Japan,2020,35363.2996951789,2.809,11.44974613,,86.4392038
KAZ,Kazakhstan,2006,7450.39687062615,7.79,3.39824843,38.0,33.5050603
KAZ,Kazakhstan,2007,8036.87599811505,7.258,2.70314813,38.0,33.3247851
KAZ,Kazakhstan,2008,8216.52181589585,6.63,3.02569842,34.6,35.1157504
KAZ,Kazakhstan,2009,8218.39912556048,6.6,3.47355628,30.3,36.5455237
KAZ,Kazakhstan,2010,8704.70655484556,5.767,2.73641396,29.9,35.9134978
KAZ,Kazakhstan,2011,9223.3021336315,5.389,2.60236669,28.7,36.7616051
KAZ,Kazakhstan,2012,9531.91477617058,5.286,3.03725982,27.6,39.2857733
KAZ,Kazakhstan,2013,9959.72586930534,5.205,2.66286755,26.3,39.8770465
KAZ,Kazakhstan,2014,10226.7100539683,,2.97468448,24.2,51.2114091
KAZ,Kazakhstan,2015,10196.1226255982,4.971,3.04051113,23.2,51.1184861
KAZ,Kazakhstan,2016,10151.423313302,,3.42235589,21.7,49.2500947
KAZ,Kazakhstan,2017,10404.2718646317,4.9,3.0524447,20.8,51.5791733
KAZ,Kazakhstan,2018,10670.2120148279,,2.90062451,19.0,49.3256814
KAZ,Kazakhstan,2019,10989.6840718388,,2.87143755,17.6,52.4896065
KAZ,Kazakhstan,2020,10565.0359816235,4.9,3.83133817,,52.3568797
KEN,Kenya,2006,1263.54164666211,,5.0134387,6.0,38.3677025
KEN,Kenya,2007,1309.91092948216,,5.12358475,6.3,41.1529826
KEN,Kenya,2008,1273.77226103073,,5.19050598,6.2,39.3043482
KEN,Kenya,2009,1276.73503486074,9.6,5.29172945,6.0,39.6220576
KEN,Kenya,2010,1340.16467408856,,5.38849831,6.0,41.5896233
KEN,Kenya,2011,1370.58000874482,,5.20212841,5.9,41.0169483
KEN,Kenya,2012,1396.30178709756,,5.0180583,5.9,42.2287774
KEN,Kenya,2013,1413.94142522583,,4.93100405,5.9,43.199384
KEN,Kenya,2014,1450.59338202277,,4.91267347,5.7,43.2603488
KEN,Kenya,2015,1489.11959777284,,4.76439571,5.5,44.1934926
KEN,Kenya,2016,1517.97796057742,2.757,4.75429106,5.4,45.1848965
KEN,Kenya,2017,1542.33773973372,,3.98597503,5.6,45.4430061
KEN,Kenya,2018,1596.69045914945,,4.09903383,6.0,44.6331802
KEN,Kenya,2019,1645.70961777862,5.014,4.36874676,6.1,45.6736783
KEN,Kenya,2020,1609.33414078281,,4.49248886,,44.030085
KGZ,Kyrgyz Republic,2006,837.138026647346,8.271,8.3118391,13.1,34.3432259
KGZ,Kyrgyz Republic,2007,900.02796489729,,6.93210649,12.6,36.9023117
KGZ,Kyrgyz Republic,2008,966.409971184817,8.219,6.52511883,12.3,32.6478299
KGZ,Kyrgyz Republic,2009,981.220904665529,8.4,6.89873457,11.9,31.8621009
KGZ,Kyrgyz Republic,2010,962.764789828724,8.692,6.95027161,11.4,36.3737824
KGZ,Kyrgyz Republic,2011,1005.4831781815,7.455,7.1072917,11.3,34.4286377
KGZ,Kyrgyz Republic,2012,985.8472865972,5.908,8.50966358,10.9,33.9830877
KGZ,Kyrgyz Republic,2013,1069.78404438716,5.526,8.18745041,10.5,34.5690935
KGZ,Kyrgyz Republic,2014,1088.58214229508,5.051,7.35766459,10.5,34.6294555
KGZ,Kyrgyz Republic,2015,1105.65193844261,4.2,7.14930916,9.9,33.9397431
KGZ,Kyrgyz Republic,2016,1128.3161612818,4.009,6.41248226,8.6,33.9067407
KGZ,Kyrgyz Republic,2017,1157.18275758067,3.319,6.18586349,8.3,37.4590582
KGZ,Kyrgyz Republic,2018,1175.0712778747,4.559,5.01030922,8.0,40.8044874
KGZ,Kyrgyz Republic,2019,1201.87701429721,5.45,4.25461817,7.4,38.3049139
KGZ,Kyrgyz Republic,2020,1093.32856461422,5.945,4.93558979,,39.9413965
KHM,Cambodia,2006,947.065220050691,,5.36440325,5.7,28.2257561
KHM,Cambodia,2007,1030.23117620792,1.257,4.42702723,5.7,32.9191206
KHM,Cambodia,2008,1090.57475806147,0.825,5.61296654,5.6,31.8271036
KHM,Cambodia,2009,1117.25834194514,0.579,6.3089695,5.4,35.714426
KHM,Cambodia,2010,1155.85236856699,0.771,5.62713194,5.4,35.5107518
KHM,Cambodia,2011,1221.38839852454,0.577,6.00443649,5.3,36.7995151
KHM,Cambodia,2012,1295.25271477893,1.279,5.77632856,5.2,37.7112141
KHM,Cambodia,2013,1376.29557595926,0.438,5.00863695,5.2,35.5071527
KHM,Cambodia,2014,1464.53115866927,0.692,4.40784645,5.1,39.7105804
KHM,Cambodia,2015,1547.32010444393,0.393,4.53898621,5.1,39.871538
KHM,Cambodia,2016,1645.46671578126,0.716,4.49053288,5.1,40.2121214
KHM,Cambodia,2017,1753.93530504662,0.141,4.26933241,5.0,42.2538135
KHM,Cambodia,2018,1884.28374817086,,4.49707794,4.9,41.9076886
KHM,Cambodia,2019,2008.32094006706,0.499,5.05801058,4.9,41.32227
KHM,Cambodia,2020,1908.63427518336,0.172,5.13031435,,39.8596888
KIR,Kiribati,2006,1419.38723031361,,11.30852318,29.4,41.9109707
KIR,Kiribati,2007,1433.35747805619,,10.9454546,30.9,41.2000974
KIR,Kiribati,2008,1361.83599775608,,13.51428604,31.5,40.8618084
KIR,Kiribati,2009,1340.27605600221,,12.73888874,30.9,39.1353194
KIR,Kiribati,2010,1328.78776438805,30.584,8.76666641,30.7,38.3573719
KIR,Kiribati,2011,1348.0602369873,,7.98947382,30.8,39.0536584
KIR,Kiribati,2012,1405.5029344967,,7.94999981,30.0,38.0226781
KIR,Kiribati,2013,1493.49148676402,,8.7081337,30.5,38.0270122
KIR,Kiribati,2014,1492.8508200481,,8.9549551,29.8,43.3302617
KIR,Kiribati,2015,1639.85274740652,9.334,7.21568632,29.7,43.2979438
KIR,Kiribati,2016,1731.43702001694,,9.04265118,29.5,43.3091785
KIR,Kiribati,2017,1768.87874841933,,9.68424225,29.6,43.3128262
KIR,Kiribati,2018,1802.34850714657,,10.89694214,28.1,43.3328536
KIR,Kiribati,2019,1834.42627824847,8.557,10.16600227,28.3,46.0218663
KIR,Kiribati,2020,1779.62973024917,10.971,13.65645027,,46.3405363
KNA,St. Kitts and Nevis,2006,16457.8622372067,,4.98203421,,70.3020438
KNA,St. Kitts and Nevis,2007,16508.1437081315,,4.79733467,,70.3689254
KNA,St. Kitts and Nevis,2008,18325.7612670282,,5.30566025,,70.4210937
KNA,St. Kitts and Nevis,2009,17671.2547069735,,5.28673744,,70.6032472
KNA,St. Kitts and Nevis,2010,17688.0690103409,,5.21727514,,76.0244169
KNA,St. Kitts and Nevis,2011,17958.6813977053,,5.17247772,,75.9980761
KNA,St. Kitts and Nevis,2012,17770.4963640576,,5.01866484,,76.0047104
KNA,St. Kitts and Nevis,2013,18773.8926898397,,5.05167818,,76.0121205
KNA,St. Kitts and Nevis,2014,20187.8061975481,,4.75296593,,59.5799423
KNA,St. Kitts and Nevis,2015,20328.8003530109,,5.12752008,,66.2174152
KNA,St. Kitts and Nevis,2016,21133.6575914414,,5.42923307,,66.236622
KNA,St. Kitts and Nevis,2017,21191.6047083703,,5.2735939,,66.2428596
KNA,St. Kitts and Nevis,2018,21635.4972146482,,4.89670897,,66.2771005
KNA,St. Kitts and Nevis,2019,22297.7644995701,,5.19201469,,66.3104743
KNA,St. Kitts and Nevis,2020,18918.8263456611,,5.66130447,,66.2151577
KOR,"Korea, Rep.",2006,23162.1860111297,3.254,4.95851803,23.7,69.3855966
KOR,"Korea, Rep.",2007,24391.7651013448,3.013,4.95834208,26.7,73.6257171
KOR,"Korea, Rep.",2008,24934.5396367691,2.959,5.24642324,28.6,69.5969492
KOR,"Korea, Rep.",2009,25009.9148311999,3.363,5.68525076,34.2,71.281196
KOR,"Korea, Rep.",2010,26623.0487122927,3.324,5.79390717,34.0,76.0784285
KOR,"Korea, Rep.",2011,27393.455357272,2.992,5.90292883,34.5,77.0671142
KOR,"Korea, Rep.",2012,27944.0564190045,2.812,5.9576025,30.2,77.2653285
KOR,"Korea, Rep.",2013,28732.711152033,3.067,6.06858635,30.6,75.1378455
KOR,"Korea, Rep.",2014,29470.6732991655,3.082,6.24487352,29.0,74.408685
KOR,"Korea, Rep.",2015,30171.7906545222,3.546,6.46202612,28.0,74.6415719
KOR,"Korea, Rep.",2016,31005.4072876388,3.65,6.6356945,27.2,74.4078722
KOR,"Korea, Rep.",2017,31979.9027302467,3.653,6.79827499,25.8,74.3374479
KOR,"Korea, Rep.",2018,32852.8887488942,3.824,7.14222002,28.6,78.2996628
KOR,"Korea, Rep.",2019,33496.3113815643,3.746,7.69397116,28.6,82.9882538
KOR,"Korea, Rep.",2020,33215.9298928108,3.931,8.02722836,,82.2854536
KWT,Kuwait,2006,41137.969927672,1.3,1.8213098,2.7,50.6809704
KWT,Kuwait,2007,41113.8693942735,1.5,1.92673647,2.6,49.7692539
KWT,Kuwait,2008,39852.5129115699,1.753,1.92400301,2.9,49.4146533
KWT,Kuwait,2009,35124.0853941026,1.641,2.70638776,2.7,53.4075431
KWT,Kuwait,2010,32568.4981754501,1.816,2.67879915,2.5,53.848201
KWT,Kuwait,2011,33545.346271839,3.597,2.33303547,2.3,51.9908868
KWT,Kuwait,2012,33578.3309651964,,2.33311439,2.4,51.8888854
KWT,Kuwait,2013,32311.1800008536,,2.48789287,2.4,51.6614604
KWT,Kuwait,2014,31073.1537300624,2.9,2.9159987,2.5,54.0802401
KWT,Kuwait,2015,29882.2126495698,1.947,4.21497965,2.6,55.9637415
KWT,Kuwait,2016,29454.4426388829,2.164,4.73096323,2.6,51.2857028
KWT,Kuwait,2017,27048.3706935958,,4.65326786,2.7,51.1983719
KWT,Kuwait,2018,26706.0191660864,,5.17201853,2.8,53.8322783
KWT,Kuwait,2019,26580.2264741607,,5.18200397,2.9,49.1573876
KWT,Kuwait,2020,25541.5378987908,,6.11295223,,49.1596372
LAO,Lao PDR,2006,1228.08927619923,,2.93200922,6.4,33.4094813
LAO,Lao PDR,2007,1301.08597549864,,3.12986231,6.3,34.3579606
LAO,Lao PDR,2008,1381.73754223953,,2.76727295,6.3,34.3185476
LAO,Lao PDR,2009,1463.3379666846,,3.46300411,6.1,34.076242
LAO,Lao PDR,2010,1564.91068311647,0.708,2.91154933,6.0,34.6136495
LAO,Lao PDR,2011,1666.40086189871,,1.94457507,5.9,34.9637488
LAO,Lao PDR,2012,1774.63585203672,,2.07637572,5.7,35.0534401
LAO,Lao PDR,2013,1890.27861294875,,2.39984965,5.7,37.6172139
LAO,Lao PDR,2014,2006.31195444447,,2.29845548,5.5,45.970466
LAO,Lao PDR,2015,2121.01339097363,2.006,2.45366454,5.6,44.4577174
LAO,Lao PDR,2016,2234.76098741846,,2.36087489,5.6,46.2407632
LAO,Lao PDR,2017,2351.57441747595,3.268,2.52606821,5.6,46.802184
LAO,Lao PDR,2018,2459.97874636195,,2.24630046,5.6,38.7184124
LAO,Lao PDR,2019,2554.95638019245,,2.60312223,5.4,36.6184038
LAO,Lao PDR,2020,2529.74622698761,,2.05965185,,36.4473703
LBN,Lebanon,2006,6696.37428200596,,8.66057873,2.5,47.3714077
LBN,Lebanon,2007,7179.34520092306,8.984,8.55984211,2.9,46.1490418
LBN,Lebanon,2008,7701.29823027979,,7.81751728,2.9,45.5161487
LBN,Lebanon,2009,8375.48851252821,6.355,7.0073576,3.0,45.0903616
LBN,Lebanon,2010,8955.54336184707,,7.43864489,3.0,46.604833
LBN,Lebanon,2011,8936.20027462737,,8.17744446,3.0,46.2950042
LBN,Lebanon,2012,8920.8056984673,,7.00420094,3.0,46.2831045
LBN,Lebanon,2013,8443.53856528784,,7.06742191,3.0,45.0070557
LBN,Lebanon,2014,7830.4151113336,,7.52191401,2.8,46.1564695
LBN,Lebanon,2015,7714.1099998804,,7.41596651,2.8,45.8438018
LBN,Lebanon,2016,8019.1416913426,,7.92344952,2.7,46.5587818
LBN,Lebanon,2017,8305.57405425721,,7.80357552,3.0,47.0247091
LBN,Lebanon,2018,8388.7235123835,,8.07031727,2.5,41.624502
LBN,Lebanon,2019,8064.04873416236,11.301,8.68533897,2.8,39.2409451
LBN,Lebanon,2020,6440.82843092922,,7.48221779,,32.8837928
LBR,Liberia,2006,551.377446611852,,5.77426577,4.8,25.926703
LBR,Liberia,2007,574.609394348543,5.551,4.32884932,4.9,25.5469088
LBR,Liberia,2008,591.185378141907,,5.99615717,4.8,27.7054322
LBR,Liberia,2009,603.256211077605,,8.98514843,4.8,29.8616126
LBR,Liberia,2010,621.783295071575,2.266,8.43860245,4.9,31.4440409
LBR,Liberia,2011,646.908727016597,,8.58399582,5.0,31.938409
LBR,Liberia,2012,674.360011422232,,7.62987185,5.0,34.1994413
LBR,Liberia,2013,717.007280358975,,7.15610409,4.9,29.5010874
LBR,Liberia,2014,707.157694930142,2.079,8.09817886,4.9,29.6599879
LBR,Liberia,2015,692.590082351257,,10.38244438,4.5,27.955667
LBR,Liberia,2016,668.031513175601,3.081,9.88514519,4.5,28.8306674
LBR,Liberia,2017,671.260899835355,5.931,9.91087437,4.5,28.8259308
LBR,Liberia,2018,665.875439637137,,10.43527889,4.4,28.051983
LBR,Liberia,2019,636.699384824869,,8.38325977,4.5,26.3310919
LBR,Liberia,2020,605.025475431411,,12.90504265,,24.5966387
LBY,Libya,2006,13176.7758911904,,2.29996443,4.2,25.5038694
LBY,Libya,2007,13712.9602583972,,2.41929626,4.9,23.7545123
LBY,Libya,2008,13403.0004645911,,2.24441886,5.4,26.0345259
LBY,Libya,2009,12549.0854345521,,3.5828805,5.7,26.1990223
LBY,Libya,2010,12913.9334939386,,3.28064442,5.6,26.4111877
LBY,Libya,2011,6569.59477578957,,4.01902008,5.1,26.4027567
LBY,Libya,2012,12599.258882136,19.0,3.95612097,5.7,24.1596226
LBY,Libya,2013,10126.314927806,,4.97548628,4.8,24.6470959
LBY,Libya,2014,7644.24843947404,,5.17777824,6.3,20.8851563
LBY,Libya,2015,7458.48917756374,,5.80638647,5.6,19.2556541
LBY,Libya,2016,7236.16409923502,,6.17178679,5.0,18.9329553
LBY,Libya,2017,9435.60060040046,,4.67685318,5.5,21.616129
LBY,Libya,2018,10020.9165751361,,4.86648417,5.8,21.172047
LBY,Libya,2019,8768.4104874586,,5.54773426,4.5,21.1293557
LBY,Libya,2020,6102.79864032512,,7.10674047,,19.5931557
LCA,St. Lucia,2006,10045.6504032593,16.0,5.1270175,7.6,65.9666184
LCA,St. Lucia,2007,10147.4432459936,14.0,5.54166603,7.1,67.1925406
LCA,St. Lucia,2008,10583.4310172598,12.72,5.09061956,8.0,67.2332738
LCA,St. Lucia,2009,10219.8024011561,15.37,5.24410772,7.2,68.5492043
LCA,St. Lucia,2010,10191.3146827694,,5.05056047,7.9,72.0800264
LCA,St. Lucia,2011,10576.8979743596,18.857,5.06134319,7.2,72.0607087
LCA,St. Lucia,2012,10517.2777635533,19.062,4.92510271,8.7,67.4873897
LCA,St. Lucia,2013,10279.4155096001,22.209,5.07107592,8.3,67.491856
LCA,St. Lucia,2014,10369.9382566513,,4.6836338,8.9,56.4126106
LCA,St. Lucia,2015,10334.9860823918,,4.57866001,8.7,54.0319062
LCA,St. Lucia,2016,10644.1612913407,16.559,4.51095486,7.4,55.2171825
LCA,St. Lucia,2017,10960.4843512477,18.894,4.45561934,7.9,55.220943
LCA,St. Lucia,2018,11233.8883578457,19.116,4.27262402,8.0,55.2415828
LCA,St. Lucia,2019,11077.9479823807,15.344,4.290905,7.9,57.1924772
LCA,St. Lucia,2020,8512.8183987353,20.405,7.01033401,,53.6423161
LIE,Liechtenstein,2006,,2.461,,,85.6285923
LIE,Liechtenstein,2007,,2.012,,,85.7152232
LIE,Liechtenstein,2008,,2.603,,,85.7827951
LIE,Liechtenstein,2009,,3.332,,,84.6480751
LIE,Liechtenstein,2010,,3.435,,,84.6753609
LIE,Liechtenstein,2011,,3.39,,,84.6593079
LIE,Liechtenstein,2012,,3.242,,,84.6633523
LIE,Liechtenstein,2013,,3.464,5.7494297,,84.6678672
LIE,Liechtenstein,2014,,3.829,5.63615656,,84.850464
LIE,Liechtenstein,2015,167187.15730982,3.642,5.75139189,,84.8167947
LIE,Liechtenstein,2016,,,5.85200214,,84.8284981
LIE,Liechtenstein,2017,,2.31,5.67968512,,84.8322994
LIE,Liechtenstein,2018,,,5.54688025,,84.8531648
LIE,Liechtenstein,2019,,,5.78483772,,84.8735032
LIE,Liechtenstein,2020,,,6.05532694,,84.8154181
LKA,Sri Lanka,2006,2426.34872826822,6.476,3.85019565,18.3,45.7225878
LKA,Sri Lanka,2007,2573.54361719411,5.96,3.82258177,20.0,47.0295098
LKA,Sri Lanka,2008,2708.58593724377,5.206,3.85482955,17.5,46.9117938
LKA,Sri Lanka,2009,2787.27350463737,5.853,4.05676842,22.7,49.4814008
LKA,Sri Lanka,2010,2993.01410960302,4.784,3.7414515,21.9,47.7331656
LKA,Sri Lanka,2011,3232.37349786435,4.118,3.5819521,17.9,48.1592055
LKA,Sri Lanka,2012,3484.79048392653,3.974,3.30659294,16.6,47.9577187
LKA,Sri Lanka,2013,3728.93585962083,4.186,3.69365358,15.2,48.5462523
LKA,Sri Lanka,2014,3929.92061307909,4.157,3.46786141,13.1,54.0569792
LKA,Sri Lanka,2015,4057.71582716521,4.519,3.6826396,15.1,53.0872671
LKA,Sri Lanka,2016,4214.74117217382,4.242,3.61788416,14.8,50.6200095
LKA,Sri Lanka,2017,4436.00789131029,4.046,3.33093429,14.4,49.9814465
LKA,Sri Lanka,2018,4493.03574617534,4.318,3.6418879,14.2,49.4433819
LKA,Sri Lanka,2019,4455.78188788143,4.67,3.70119572,14.0,49.9535152
LKA,Sri Lanka,2020,4227.23314530167,5.364,4.27431631,,49.1348325
LSO,Lesotho,2006,893.750686627156,,5.40532398,40.3,42.0259102
LSO,Lesotho,2007,927.26863327342,,7.22251844,45.0,41.2288045
LSO,Lesotho,2008,971.881366821351,35.462,7.66648197,57.8,41.9305761
LSO,Lesotho,2009,952.747929746529,,8.9529829,63.3,44.85841
LSO,Lesotho,2010,995.233432451681,,7.4048481,65.4,44.4932591
LSO,Lesotho,2011,1031.99721564343,,8.99487114,69.5,44.0414812
LSO,Lesotho,2012,1086.39034816283,,9.98601341,79.1,42.7256752
LSO,Lesotho,2013,1093.95323489272,24.582,10.97986031,87.6,42.547078
LSO,Lesotho,2014,1100.04993684215,,9.98823929,92.6,41.6414591
LSO,Lesotho,2015,1121.19851342518,,9.25280476,92.4,40.2583593
LSO,Lesotho,2016,1147.58748801671,,9.19744301,87.0,39.2668932
LSO,Lesotho,2017,1097.82166812752,,10.52956581,78.3,39.031953
LSO,Lesotho,2018,1068.44462913373,,11.12637329,76.6,39.0551361
LSO,Lesotho,2019,1040.99351014117,16.876,21.92373085,72.4,38.2270795
LSO,Lesotho,2020,944.834128375429,,10.40836906,,37.5628193
LTE,Late-demographic dividend,2006,5065.16601889118,3.55207547231451,4.96851839627653,13.2205565557301,
LTE,Late-demographic dividend,2007,5546.15574148121,3.3136546142538,4.87800862011405,12.6077954656305,
LTE,Late-demographic dividend,2008,5893.64125969097,3.47883023201462,4.98549407991319,12.2851350944813,
LTE,Late-demographic dividend,2009,6076.71969051382,3.9324113922335,5.41990825089902,11.941337577618,
LTE,Late-demographic dividend,2010,6526.90643063144,3.84754373603637,5.1921920534329,11.5530511196798,
LTE,Late-demographic dividend,2011,6951.29551622392,3.96888822874696,5.11330788451837,10.9765363079779,
LTE,Late-demographic dividend,2012,7306.62850181868,3.88060299487474,5.14649114281296,10.5024932813802,
LTE,Late-demographic dividend,2013,7663.56295285725,3.94716776912648,5.25533084198163,10.1272467279608,
LTE,Late-demographic dividend,2014,8010.17156732513,3.92943998627972,5.34475371374055,9.9642407642437,
LTE,Late-demographic dividend,2015,8331.63288950883,4.25071255955013,5.3979633861322,9.67757029890504,
LTE,Late-demographic dividend,2016,8645.98435648163,4.81848205651948,5.47638516896998,9.62541692912479,
LTE,Late-demographic dividend,2017,9041.12377451984,4.79521637482344,5.57494841663545,9.35272721939336,
LTE,Late-demographic dividend,2018,9481.1203747958,5.42373672682302,5.5603740572274,9.2973833779895,
LTE,Late-demographic dividend,2019,9886.1162980852,5.56440285626394,5.71659931707056,9.12077587903178,
LTE,Late-demographic dividend,2020,9878.26644474708,6.24237989544102,6.0618712374443,,
LTU,Lithuania,2006,10577.2145522871,5.78,5.85725737,35.2,62.0345145
LTU,Lithuania,2007,11889.3545234657,4.25,5.75978613,34.5,60.3695406
LTU,Lithuania,2008,12324.5197331387,5.826,6.29010201,37.8,57.0876642
LTU,Lithuania,2009,10612.9204044582,13.785,7.34499836,39.2,61.7728797
LTU,Lithuania,2010,10884.1161852582,17.814,6.9058671,37.2,62.5650427
LTU,Lithuania,2011,11836.7200384033,15.39,6.54017687,38.1,62.6075784
LTU,Lithuania,2012,12516.6184065667,13.365,6.30798101,35.0,65.0568113
LTU,Lithuania,2013,13145.8069309969,11.77,6.15501022,40.5,65.1204866
LTU,Lithuania,2014,13753.1895982305,10.698,6.22244453,35.6,66.7899366
LTU,Lithuania,2015,14269.8039878287,9.12,6.47396851,34.9,68.4405239
LTU,Lithuania,2016,14823.107153522,7.862,6.64928818,32.8,67.7749803
LTU,Lithuania,2017,15695.9993288456,7.073,6.44472837,29.7,66.0837298
LTU,Lithuania,2018,16604.9021440809,6.147,6.46896172,27.4,68.0850852
LTU,Lithuania,2019,17431.7239081591,6.255,6.94472647,26.1,67.8873629
LTU,Lithuania,2020,17443.65526328,8.487,7.41619062,,69.9897592
LUX,Luxembourg,2006,105618.332853323,4.731,6.6364212,15.2,87.2127822
LUX,Luxembourg,2007,112422.146493735,4.065,6.15803099,14.0,86.5902799
LUX,Luxembourg,2008,110096.656683086,5.06,6.23101091,13.4,86.9453938
LUX,Luxembourg,2009,104576.122195434,5.194,6.94993162,11.3,88.3429036
LUX,Luxembourg,2010,106545.854916218,4.423,6.66263008,12.0,87.3191993
LUX,Luxembourg,2011,105292.012346074,5.122,5.95225334,11.9,89.2339083
LUX,Luxembourg,2012,104489.298083328,5.03,5.29404306,11.3,88.3510448
LUX,Luxembourg,2013,105340.41498623,6.045,5.23557377,11.3,87.024776
LUX,Luxembourg,2014,105585.401767492,6.044,5.23040915,12.7,86.9661503
LUX,Luxembourg,2015,105462.012584423,6.796,5.08113575,12.2,88.275779
LUX,Luxembourg,2016,108351.452194449,6.669,5.07103872,10.2,88.1416813
LUX,Luxembourg,2017,107142.05542835,5.523,5.13535357,9.8,89.1473708
LUX,Luxembourg,2018,106788.661202756,5.589,5.27355194,10.6,89.1039445
LUX,Luxembourg,2019,107591.899505248,5.592,5.46640301,11.3,89.8818589
LUX,Luxembourg,2020,105274.182260744,6.766,5.7671175,,89.8868696
LVA,Latvia,2006,11507.4648265658,7.03,6.02127075,23.2,59.6438178
LVA,Latvia,2007,12810.0409502542,6.052,5.81969213,20.9,57.3152623
LVA,Latvia,2008,12506.6945041012,7.739,5.86603212,26.4,57.9579416
LVA,Latvia,2009,10675.425174228,17.515,6.2683239,26.3,59.6535379
LVA,Latvia,2010,10500.8666223014,19.482,6.22420359,22.5,62.2370357
LVA,Latvia,2011,11018.5152421583,16.206,5.91758251,22.7,62.4202431
LVA,Latvia,2012,11971.0107466522,15.047,5.62075043,23.5,63.1971542
LVA,Latvia,2013,12353.5386135301,11.867,5.60404825,20.6,65.060776
LVA,Latvia,2014,12731.6771959342,10.846,5.66363621,20.7,68.3450712
LVA,Latvia,2015,13321.9753140616,9.873,5.84916782,21.6,66.1498453
LVA,Latvia,2016,13787.3367440023,9.643,6.35184479,21.3,64.7237353
LVA,Latvia,2017,14382.8612727134,8.715,6.18721867,21.4,64.3896637
LVA,Latvia,2018,15120.0698171804,7.412,6.40854263,18.1,66.8588792
LVA,Latvia,2019,15328.3859933295,6.312,6.86276913,20.1,67.4626841
LVA,Latvia,2020,14900.7295718866,8.098,7.50587368,,66.8280255
MAC,"Macao SAR, China",2006,53240.2045750276,3.775,,,65.5504056
MAC,"Macao SAR, China",2007,58376.1176047275,3.034,,,65.6370384
MAC,"Macao SAR, China",2008,58146.3285846714,3.033,,,65.7046083
MAC,"Macao SAR, China",2009,59528.8350159491,3.6,,,72.4127136
MAC,"Macao SAR, China",2010,74195.0577762344,2.8,,,72.4399994
MAC,"Macao SAR, China",2011,88168.9713699088,2.6,,,72.4239464
MAC,"Macao SAR, China",2012,93192.885853941,2.0,,,64.7013844
MAC,"Macao SAR, China",2013,99054.4980289716,1.8,,,64.7059012
MAC,"Macao SAR, China",2014,92383.8434915276,1.7,,,77.1238596
MAC,"Macao SAR, China",2015,69902.9605741233,1.8,,,77.0901903
MAC,"Macao SAR, China",2016,68391.3415491921,1.964,,,73.0234405
MAC,"Macao SAR, China",2017,75650.1261840452,1.981,,,77.105695
MAC,"Macao SAR, China",2018,79178.6506290559,1.803,,,73.0481072
MAC,"Macao SAR, China",2019,75724.6078280261,1.73,,,73.0684456
MAC,"Macao SAR, China",2020,33853.7761550109,2.542,,,73.0103605
MAF,St. Martin (French part),2006,,,,,
MAF,St. Martin (French part),2007,,,,,
MAF,St. Martin (French part),2008,,,,,
MAF,St. Martin (French part),2009,,,,,
MAF,St. Martin (French part),2010,,,,,
MAF,St. Martin (French part),2011,,,,,
MAF,St. Martin (French part),2012,,,,,
MAF,St. Martin (French part),2013,,,,,
MAF,St. Martin (French part),2014,,,,,
MAF,St. Martin (French part),2015,,,,,
MAF,St. Martin (French part),2016,,,,,
MAF,St. Martin (French part),2017,,,,,
MAF,St. Martin (French part),2018,,,,,
MAF,St. Martin (French part),2019,,,,,
MAF,St. Martin (French part),2020,,,,,
MAR,Morocco,2006,2489.99291992188,9.668,4.56586647,9.3,45.0071082
MAR,Morocco,2007,2540.615234375,9.56,4.80759001,9.3,45.9655136
MAR,Morocco,2008,2648.58569335938,9.566,4.83789158,9.3,45.4284873
MAR,Morocco,2009,2710.66650390625,8.96,5.27312183,9.2,45.9436313
MAR,Morocco,2010,2767.04223632813,9.09,5.41861057,9.2,49.0676398
MAR,Morocco,2011,2879.53930664063,8.912,5.37019396,9.2,48.1264617
MAR,Morocco,2012,2927.45043945313,8.99,5.39619017,8.9,47.4286781
MAR,Morocco,2013,3008.185546875,9.233,5.25540543,8.0,47.0830645
MAR,Morocco,2014,3051.458984375,9.7,5.41626596,7.7,46.0979352
MAR,Morocco,2015,3146.24780273438,9.46,5.10435581,7.4,46.7442758
MAR,Morocco,2016,3124.42504882813,9.3,5.09203386,7.2,48.6246078
MAR,Morocco,2017,3242.64428710938,,4.98920393,7.1,46.224121
MAR,Morocco,2018,3304.7119140625,,4.94516659,7.2,45.1923591
MAR,Morocco,2019,3364.73950195313,,5.020401,7.2,48.7485362
MAR,Morocco,2020,3090.89428710938,,5.78939486,,50.2181269
MCO,Monaco,2006,140615.112736683,,4.29611254,,
MCO,Monaco,2007,162028.404533603,,3.81232905,,
MCO,Monaco,2008,163243.675530457,,4.08434391,,
MCO,Monaco,2009,142375.465128834,,4.84222221,,
MCO,Monaco,2010,141814.720026733,,4.9583292,,
MCO,Monaco,2011,148272.642343465,,4.63545036,,
MCO,Monaco,2012,146472.609057682,,4.75676775,,
MCO,Monaco,2013,157167.901201149,,4.57396126,,
MCO,Monaco,2014,165288.122704322,,4.4414835,,
MCO,Monaco,2015,170437.021128628,,4.31486797,,86.2956019
MCO,Monaco,2016,173120.108465128,6.332,4.1231184,,86.3148087
MCO,Monaco,2017,165781.701248644,,4.16119528,,86.3210444
MCO,Monaco,2018,173041.679774743,,4.04786777,,86.3552853
MCO,Monaco,2019,185582.66851648,,3.87993813,,86.388661
MCO,Monaco,2020,161262.850134167,,4.28652716,,86.2933425
MDA,Moldova,2006,2017.17730062908,4.26,10.54445267,19.7,34.9557126
MDA,Moldova,2007,2082.51260097669,2.749,11.02066803,17.2,36.6284077
MDA,Moldova,2008,2249.22589719372,2.097,10.94920063,19.1,37.1967797
MDA,Moldova,2009,2116.94357544097,3.024,13.6766243,19.7,36.8304505
MDA,Moldova,2010,2269.51116145996,2.972,10.13112831,20.5,39.5938113
MDA,Moldova,2011,2402.94446306051,2.677,9.09670353,15.3,40.0762894
MDA,Moldova,2012,2389.08666147529,2.189,9.13962078,17.0,40.4034039
MDA,Moldova,2013,2605.85029986142,1.894,8.68300343,17.0,41.5935899
MDA,Moldova,2014,2737.80185056647,1.45,8.73206043,17.2,42.3200321
MDA,Moldova,2015,2749.55137054338,1.781,8.50013351,16.2,39.1125524
MDA,Moldova,2016,2910.95486872376,1.591,7.62106228,15.9,39.6467127
MDA,Moldova,2017,3085.33305844263,1.622,7.1278038,14.9,43.5127419
MDA,Moldova,2018,3267.9961042872,1.239,6.70760345,14.4,47.1483109
MDA,Moldova,2019,3438.67732670712,1.502,6.49662447,14.7,46.0297022
MDA,Moldova,2020,3188.91691602699,1.206,7.00484037,,46.0479252
MDG,Madagascar,2006,461.540337897729,,5.07203865,5.8,39.9797498
MDG,Madagascar,2007,473.785462328449,,4.60865784,5.7,42.5569769
MDG,Madagascar,2008,490.963935389518,,4.08111811,5.7,41.2979513
MDG,Madagascar,2009,457.789754866068,,4.38469839,5.7,40.8610773
MDG,Madagascar,2010,447.417143030687,4.278,4.69762659,5.7,38.5761288
MDG,Madagascar,2011,441.755158414121,,4.521595,5.7,36.9150359
MDG,Madagascar,2012,442.641500123543,0.599,3.91105914,5.6,33.6671671
MDG,Madagascar,2013,440.674658903628,,3.75156307,5.6,33.2273375
MDG,Madagascar,2014,443.343869908205,,4.46240282,5.6,32.0469688
MDG,Madagascar,2015,445.320069480568,1.785,5.0062542,5.5,31.9055311
MDG,Madagascar,2016,451.15659433146,,5.33248854,5.5,35.093734
MDG,Madagascar,2017,456.851859574031,,4.80225945,5.5,35.3968099
MDG,Madagascar,2018,459.330367799543,,4.22160387,5.5,34.0798431
MDG,Madagascar,2019,467.27741349648,,3.10129309,5.5,34.4679496
MDG,Madagascar,2020,422.924255422319,,3.72316122,,33.7064168
MDV,Maldives,2006,8620.72814678183,,8.04819012,3.1,50.9865001
MDV,Maldives,2007,8933.17166363858,,8.30568123,3.0,51.0371693
MDV,Maldives,2008,9396.49733610486,,11.47104168,3.1,48.9276331
MDV,Maldives,2009,8313.4098369723,11.697,10.0928812,2.9,48.2904487
MDV,Maldives,2010,8569.52494600725,,8.48758984,2.7,51.2285024
MDV,Maldives,2011,9005.81391375104,,7.92251587,2.6,49.4525575
MDV,Maldives,2012,8907.66134868182,,8.67304802,2.6,50.5952398
MDV,Maldives,2013,9213.32791442475,,8.15509319,2.6,49.4607726
MDV,Maldives,2014,9612.07861806739,3.846,7.91345072,2.7,47.9981584
MDV,Maldives,2015,9644.90655028145,,8.68310642,2.8,46.8270354
MDV,Maldives,2016,9909.07669723415,5.771,10.23337078,3.1,50.0486178
MDV,Maldives,2017,10263.2991147672,,9.14948273,3.1,45.3213157
MDV,Maldives,2018,10793.8941325367,,7.2940383,2.9,45.3455235
MDV,Maldives,2019,11194.9253748064,4.562,7.50238085,2.7,51.477378
MDV,Maldives,2020,7295.60220956454,,11.43943214,,49.4290244
MEX,Mexico,2006,9813.82804186659,3.566,5.40647888,4.0,49.685491
MEX,Mexico,2007,9877.69532636562,3.628,5.50668049,4.1,48.2335983
MEX,Mexico,2008,9826.34218448486,3.874,5.44587374,4.4,51.4690774
MEX,Mexico,2009,9074.11881448129,5.356,5.84786463,4.6,53.3610427
MEX,Mexico,2010,9389.06722076504,5.303,5.4897337,4.5,49.9711645
MEX,Mexico,2011,9575.93437734618,5.175,5.30093002,5.2,53.2634999
MEX,Mexico,2012,9782.51776251839,4.892,5.42140484,4.9,55.1941472
MEX,Mexico,2013,9738.71059661101,4.921,5.5773263,5.2,55.6731428
MEX,Mexico,2014,9862.4812534745,4.819,5.35336781,5.7,53.8959477
MEX,Mexico,2015,10021.2386113616,4.311,5.52738619,5.6,53.2847969
MEX,Mexico,2016,10100.5021195819,3.853,5.38499022,5.6,53.8304719
MEX,Mexico,2017,10193.7727188313,3.419,5.3117938,5.9,51.5346523
MEX,Mexico,2018,10296.8690940459,3.275,5.23821402,5.4,50.8168666
MEX,Mexico,2019,10159.4448367696,3.477,5.3013463,5.3,51.171928
MEX,Mexico,2020,9234.64362226594,4.378,6.05248594,,50.4408854
MHL,Marshall Islands,2006,3285.12078781351,,22.29854774,,34.4075215
MHL,Marshall Islands,2007,3403.47842798117,,16.82522392,,32.3852753
MHL,Marshall Islands,2008,3146.26177205458,,18.97963715,,32.6827008
MHL,Marshall Islands,2009,3262.26955535477,,18.7292881,,32.5367831
MHL,Marshall Islands,2010,3441.31888402121,,17.73354912,,36.2885787
MHL,Marshall Islands,2011,3433.06297801838,4.735,11.35905361,,27.3344306
MHL,Marshall Islands,2012,3420.91444796671,,11.66154385,,27.3419185
MHL,Marshall Islands,2013,3602.92811901896,,12.13685322,,27.9665498
MHL,Marshall Islands,2014,3620.77275283155,,12.04489326,,28.3047183
MHL,Marshall Islands,2015,3764.34426229508,,14.78209972,,45.1816241
MHL,Marshall Islands,2016,3946.8444109078,,14.62816238,,45.1952038
MHL,Marshall Islands,2017,4190.93468589482,,12.02498436,,45.1996137
MHL,Marshall Islands,2018,4542.34293916308,,14.46723938,,44.8377585
MHL,Marshall Islands,2019,5162.81500670348,6.342,14.98994541,,44.8613558
MHL,Marshall Islands,2020,5172.57528216176,,12.12413406,,47.1609864
MKD,North Macedonia,2006,3866.74650622977,36.392,7.38314581,9.7,44.6618757
MKD,North Macedonia,2007,4140.63354809364,35.231,6.57065344,9.4,44.6860563
MKD,North Macedonia,2008,4392.5507164151,33.93,6.55317593,9.4,45.8778911
MKD,North Macedonia,2009,4405.20045750867,32.351,6.52846384,9.7,46.7777662
MKD,North Macedonia,2010,4582.36517512347,33.135,6.71369696,7.1,41.1732977
MKD,North Macedonia,2011,4711.13027870081,31.502,6.51887369,7.4,44.4563271
MKD,North Macedonia,2012,4708.05168535923,31.096,6.61468363,10.0,49.474154
MKD,North Macedonia,2013,4863.68088666968,29.017,6.71928358,9.7,49.7245968
MKD,North Macedonia,2014,5053.75001236367,28.215,6.28993368,9.3,54.0746013
MKD,North Macedonia,2015,5262.68671928674,26.395,6.34227896,9.2,49.9349423
MKD,North Macedonia,2016,5429.94678358359,24.312,6.37943363,9.3,48.971073
MKD,North Macedonia,2017,5510.81862920922,22.857,6.43909454,9.3,49.4017192
MKD,North Macedonia,2018,5698.39334484489,21.208,6.45699358,9.4,51.9896735
MKD,North Macedonia,2019,5961.58475399191,17.414,7.06654119,9.4,49.0421098
MKD,North Macedonia,2020,5743.72649424581,16.575,7.73212385,,49.5459238
MLI,Mali,2006,797.10053288464,6.665,5.4559021,4.5,33.514271
MLI,Mali,2007,784.893915013531,11.706,5.2530427,4.6,34.5407888
MLI,Mali,2008,787.156518982091,,5.02688074,4.6,35.1261024
MLI,Mali,2009,803.486738930068,1.665,5.21225691,4.6,35.6915559
MLI,Mali,2010,821.181286586904,8.071,4.67867136,4.5,33.3657731
MLI,Mali,2011,818.399030997125,6.9,4.01485014,4.5,35.3537589
MLI,Mali,2012,786.323471337187,,3.7521801,4.5,33.6446198
MLI,Mali,2013,788.819448208696,6.351,3.96408582,4.5,34.75555
MLI,Mali,2014,813.97566128646,6.375,4.48158312,4.4,30.9247572
MLI,Mali,2015,838.11986940103,7.729,4.11143351,4.3,33.0954079
MLI,Mali,2016,860.75307554569,1.367,3.77377558,4.2,33.2650453
MLI,Mali,2017,878.561348378099,7.414,3.67425752,4.1,34.3855283
MLI,Mali,2018,892.978322787306,1.62,3.73251104,4.1,32.304991
MLI,Mali,2019,909.751069706998,3.193,3.82943797,4.1,30.0408787
MLI,Mali,2020,872.389426815267,3.528,3.50623369,,29.5164054
MLT,Malta,2006,18479.2043785147,6.798,8.84659672,6.8,69.4564
MLT,Malta,2007,19342.3162783941,6.472,8.18593979,5.5,71.1183174
MLT,Malta,2008,20064.4517895547,5.977,7.82490158,6.4,73.5107582
MLT,Malta,2009,19635.9067186725,6.896,7.88854265,6.9,70.5809955
MLT,Malta,2010,20750.6382477568,6.861,7.89857197,7.5,70.5465212
MLT,Malta,2011,20867.9213022084,6.388,8.31816673,6.8,70.556636
MLT,Malta,2012,21529.3882643778,6.203,8.24921417,6.0,72.1816272
MLT,Malta,2013,22626.4876843887,6.115,8.30319595,6.8,74.4396885
MLT,Malta,2014,23866.0555833557,5.737,8.88463974,7.1,72.0387467
MLT,Malta,2015,25529.6693210673,5.389,8.70199776,7.2,70.9586197
MLT,Malta,2016,25969.4999809345,4.694,8.69928074,5.8,72.9304475
MLT,Malta,2017,28546.6464943104,4.008,8.31366253,5.5,71.0115775
MLT,Malta,2018,29536.7913868949,3.956,8.11269569,6.0,71.0561918
MLT,Malta,2019,29522.6480165028,4.08,8.89282227,6.1,70.662952
MLT,Malta,2020,27861.80732148,4.856,9.85403538,,72.2978247
MMR,Myanmar,2006,586.085579927418,,2.26559186,4.1,20.4050874
MMR,Myanmar,2007,651.729730890268,,2.03606868,3.9,20.4345178
MMR,Myanmar,2008,714.620419017338,,2.12175322,3.6,20.0417175
MMR,Myanmar,2009,785.634853157894,,2.17283702,3.6,18.9080126
MMR,Myanmar,2010,854.932478016035,,1.96793783,3.5,25.7402737
MMR,Myanmar,2011,895.512538750361,,1.95077813,3.4,25.8502082
MMR,Myanmar,2012,953.123081923425,,2.43605232,3.3,21.0906738
MMR,Myanmar,2013,1024.69060473254,,3.11112022,3.3,21.2302838
MMR,Myanmar,2014,1099.24387750099,3.868,4.14940882,3.2,26.0569487
MMR,Myanmar,2015,1166.73305546337,0.766,5.19711542,3.2,26.8902786
MMR,Myanmar,2016,1225.37913970989,,4.76220942,3.2,28.9339112
MMR,Myanmar,2017,1290.5640902569,1.356,4.6921258,3.0,27.0022334
MMR,Myanmar,2018,1361.5683126412,0.767,4.53514671,2.9,25.6752646
MMR,Myanmar,2019,1440.98988236734,0.407,3.814466,2.9,25.7175242
MMR,Myanmar,2020,1301.31386350667,1.476,4.27808714,,25.707738
MNE,Montenegro,2006,5386.53580727982,,,22.3,53.7516576
MNE,Montenegro,2007,5763.03765244158,19.34,,21.0,44.8845758
MNE,Montenegro,2008,6149.68269228913,17.15,,20.9,46.0373379
MNE,Montenegro,2009,5768.65438505628,19.09,,20.9,48.5767288
MNE,Montenegro,2010,5917.91510729977,19.649,,20.3,44.7938695
MNE,Montenegro,2011,6110.65726880215,19.759,7.96692181,20.9,44.8981458
MNE,Montenegro,2012,5948.37632539014,19.808,8.29550457,21.0,49.5291436
MNE,Montenegro,2013,6138.24865275199,19.585,8.47144604,20.4,51.1741933
MNE,Montenegro,2014,6272.08821761355,18.054,8.00086784,20.6,57.41865
MNE,Montenegro,2015,6421.00005731419,17.555,9.02188778,20.7,57.4437911
MNE,Montenegro,2016,6634.38197201003,17.732,8.63302994,20.8,56.1982403
MNE,Montenegro,2017,6840.90834101224,16.082,7.98255396,21.1,56.9180812
MNE,Montenegro,2018,7159.46778433252,15.19,8.34355545,21.2,55.0439421
MNE,Montenegro,2019,7470.29237568568,15.128,8.32983208,21.0,55.2321136
MNE,Montenegro,2020,6351.95187949313,17.878,11.42177582,,53.0983988
MNG,Mongolia,2006,2209.74321787628,7.193,3.74971509,23.7,40.2133095
MNG,Mongolia,2007,2403.72416258662,7.193,4.07522774,23.6,38.2836557
MNG,Mongolia,2008,2576.71295838607,5.565,4.55693007,23.8,37.9990439
MNG,Mongolia,2009,2498.72967493254,5.86,4.45980072,23.6,39.1572133
MNG,Mongolia,2010,2611.67326563924,6.549,3.73945642,23.4,40.8907936
MNG,Mongolia,2011,3010.81642672623,4.769,3.58612084,22.7,40.7519827
MNG,Mongolia,2012,3318.16496597089,3.905,3.85800076,21.7,40.7114186
MNG,Mongolia,2013,3628.90708069575,4.231,4.08932018,21.0,41.6177432
MNG,Mongolia,2014,3830.35892049593,4.798,4.20989752,20.0,45.4144662
MNG,Mongolia,2015,3838.92126989984,4.861,4.23154545,20.0,44.866662
MNG,Mongolia,2016,3817.91962716702,7.235,4.58008575,20.1,44.3627936
MNG,Mongolia,2017,3956.2049437134,6.359,4.33954191,19.2,42.6445022
MNG,Mongolia,2018,4183.85566447661,5.377,4.53449297,18.6,45.5577939
MNG,Mongolia,2019,4337.8167085432,9.024,4.49497986,17.9,44.7572467
MNG,Mongolia,2020,4066.03410882791,6.413,4.6662488,,45.2804191
MNP,Northern Mariana Islands,2006,20940.1619770428,,,,
MNP,Northern Mariana Islands,2007,20117.7037335229,,,,
MNP,Northern Mariana Islands,2008,18451.3905458787,,,,
MNP,Northern Mariana Islands,2009,15710.5807282039,,,,
MNP,Northern Mariana Islands,2010,16293.3059496259,11.174,,,
MNP,Northern Mariana Islands,2011,15226.1308805108,,,,
MNP,Northern Mariana Islands,2012,15457.4258192247,,,,
MNP,Northern Mariana Islands,2013,16015.0349164338,,,,
MNP,Northern Mariana Islands,2014,16869.5270385638,,,,
MNP,Northern Mariana Islands,2015,17665.1007493109,,,,
MNP,Northern Mariana Islands,2016,23158.5744988538,,,,
MNP,Northern Mariana Islands,2017,28989.3470221339,,,,
MNP,Northern Mariana Islands,2018,23756.6075820248,,,,
MNP,Northern Mariana Islands,2019,21451.4401636511,,,,
MNP,Northern Mariana Islands,2020,15410.1186923944,,,,
MOZ,Mozambique,2006,420.526462764726,,3.94559026,12.6,38.3014431
MOZ,Mozambique,2007,442.049574057751,,3.79955554,12.6,39.7278798
MOZ,Mozambique,2008,460.94729485679,,4.13496828,13.5,40.0904174
MOZ,Mozambique,2009,475.788178051193,,5.05562353,14.5,42.6380857
MOZ,Mozambique,2010,494.162859074785,,5.29249668,14.9,38.7396608
MOZ,Mozambique,2011,514.869957191994,,4.9217639,15.3,37.6799209
MOZ,Mozambique,2012,540.2945177803,,5.14035702,15.7,40.4963872
MOZ,Mozambique,2013,559.393953685688,,6.04556036,15.3,40.767919
MOZ,Mozambique,2014,585.266716133984,,6.24013042,14.4,40.2254309
MOZ,Mozambique,2015,610.563774706589,3.426,6.60972881,13.9,40.0610803
MOZ,Mozambique,2016,620.779714954555,,7.21501875,13.6,38.0728145
MOZ,Mozambique,2017,618.397694360334,,7.80532169,13.4,37.926121
MOZ,Mozambique,2018,621.153734194787,,7.97903347,13.5,37.9801015
MOZ,Mozambique,2019,617.13932000195,,7.90207434,13.6,38.7009555
MOZ,Mozambique,2020,591.804059985932,,7.55190039,,35.3508131
MRT,Mauritania,2006,1641.14052210995,,2.70252752,3.2,34.781638
MRT,Mauritania,2007,1567.52103874761,,2.87644005,3.2,36.42003
MRT,Mauritania,2008,1518.05671993749,,3.01338983,3.1,33.1662774
MRT,Mauritania,2009,1472.73229282851,,3.11034036,3.1,36.4988833
MRT,Mauritania,2010,1463.84763242531,,2.63618922,3.1,41.3195206
MRT,Mauritania,2011,1476.23923867862,,2.47383666,3.0,41.5159207
MRT,Mauritania,2012,1492.69966692583,9.864,2.64919329,3.1,38.6936523
MRT,Mauritania,2013,1506.66419033006,,2.86799884,3.1,35.186725
MRT,Mauritania,2014,1524.45340969502,,3.46724391,3.1,34.8978977
MRT,Mauritania,2015,1558.84205473416,,3.67363763,3.0,33.2308783
MRT,Mauritania,2016,1531.87725661699,,3.18699503,3.0,33.9295544
MRT,Mauritania,2017,1580.01453100123,10.336,3.41947556,3.1,35.3834265
MRT,Mauritania,2018,1606.91539159026,,2.88362551,3.1,35.117094
MRT,Mauritania,2019,1609.15396170643,10.416,3.09176588,3.1,35.3171652
MRT,Mauritania,2020,1557.19511875153,,3.00147843,,33.8252956
MUS,Mauritius,2006,6819.92708580325,9.04,3.60573649,9.2,63.2096878
MUS,Mauritius,2007,7180.23173197486,8.475,3.52321672,10.3,63.2214864
MUS,Mauritius,2008,7545.15683789094,7.17,3.93896508,6.7,67.4865633
MUS,Mauritius,2009,7778.25811331163,7.257,4.17035627,9.1,66.822305
MUS,Mauritius,2010,8100.95282599507,7.654,4.51898289,7.8,65.5996417
MUS,Mauritius,2011,8423.28220250903,7.447,4.25059652,9.0,65.8607943
MUS,Mauritius,2012,8694.84560747968,7.472,4.21993399,9.6,70.5816974
MUS,Mauritius,2013,8968.51243536773,7.322,4.620821,8.2,69.3503873
MUS,Mauritius,2014,9297.64820128968,7.467,5.38024664,10.2,71.8078568
MUS,Mauritius,2015,9630.5437837507,7.41,5.55042362,7.9,71.9363001
MUS,Mauritius,2016,9997.89198315532,6.814,5.54289532,8.1,72.739377
MUS,Mauritius,2017,10383.8832682578,6.752,5.59857273,9.6,71.3453769
MUS,Mauritius,2018,10805.4615213739,6.426,5.60310221,8.7,69.4936139
MUS,Mauritius,2019,11111.3423669526,6.331,5.69508171,9.5,68.0541381
MUS,Mauritius,2020,9533.5982796049,8.626,6.09606028,,67.5162388
MWI,Malawi,2006,417.877689776503,,4.91223288,7.5,34.586144
MWI,Malawi,2007,445.254305419586,,5.44258356,7.8,35.6990594
MWI,Malawi,2008,465.55147298007,,6.10668802,7.6,38.6006458
MWI,Malawi,2009,489.631418790158,,5.87333822,8.0,40.609423
MWI,Malawi,2010,508.088650552846,,5.14304781,8.2,40.7885433
MWI,Malawi,2011,517.833736624232,1.736,5.32226658,7.3,39.9852505
MWI,Malawi,2012,512.74031797451,,6.02199793,6.8,40.1363072
MWI,Malawi,2013,525.357645516557,4.978,8.22379494,6.4,40.2491487
MWI,Malawi,2014,539.562601918057,,6.89776182,6.3,40.7874505
MWI,Malawi,2015,539.605363240686,,6.62879086,6.2,39.9559445
MWI,Malawi,2016,538.221990810959,,7.72703791,6.1,39.499992
MWI,Malawi,2017,544.795729220349,3.77,7.58438921,5.9,40.0975086
MWI,Malawi,2018,553.528790902088,,6.88249922,5.6,39.0186183
MWI,Malawi,2019,569.866249371948,,6.37021732,5.4,38.0011614
MWI,Malawi,2020,559.447086086067,0.907,7.03859568,,36.788255
MYS,Malaysia,2006,7469.8106921211,,3.10897732,4.5,67.3957364
MYS,Malaysia,2007,7769.59693350488,3.227,3.07041144,4.4,68.6942469
MYS,Malaysia,2008,7976.11785374773,3.341,3.00692558,4.5,66.5275006
MYS,Malaysia,2009,7700.46111294033,3.694,3.2610569,4.6,65.070113
MYS,Malaysia,2010,8118.92270511981,3.252,3.16474271,4.5,70.0195183
MYS,Malaysia,2011,8400.32248683558,3.055,3.31451917,4.6,68.8710281
MYS,Malaysia,2012,8710.52671359902,3.035,3.45786357,4.6,68.3782913
MYS,Malaysia,2013,8964.80724896203,3.113,3.51276922,4.4,68.2768986
MYS,Malaysia,2014,9341.73055971278,2.883,3.71036959,4.6,69.2141509
MYS,Malaysia,2015,9648.6797937523,3.1,3.82201481,4.8,67.6059224
MYS,Malaysia,2016,9901.47960179812,3.4,3.70085335,5.1,66.4538797
MYS,Malaysia,2017,10293.7629205362,3.36,3.71472311,5.4,66.1388399
MYS,Malaysia,2018,10610.1950240479,3.3,3.75944281,5.4,68.0473561
MYS,Malaysia,2019,10902.9834855856,3.3,3.83991051,5.7,67.2315239
MYS,Malaysia,2020,10171.4657842762,4.5,4.08254337,,68.2086053
NAC,North America,2006,52436.4017613233,4.81614136114576,14.2400890781837,12.0114248061419,
NAC,North America,2007,52982.1116719497,4.78243165759455,14.4131230082002,12.3114087694636,
NAC,North America,2008,52571.5603822929,5.83652846325955,14.6732068470659,12.5817323371143,
NAC,North America,2009,50741.9965051822,9.16994852137916,15.7240473001401,12.7209662676566,
NAC,North America,2010,51671.5125292842,9.47758645184374,15.6638213345065,13.000956258576,
NAC,North America,2011,52118.7246769571,8.81021486444767,15.5487089109491,13.1915356058525,
NAC,North America,2012,52849.308994613,7.99988523073155,15.5556406990563,13.3307069667749,
NAC,North America,2013,53554.2762571962,7.35357072187004,15.4083038846989,13.3601249364287,
NAC,North America,2014,54473.0949224699,6.26365542726987,15.5964861391688,13.8697977066911,
NAC,North America,2015,55534.4614029189,5.46508903395083,15.9595254847956,14.2597693735794,
NAC,North America,2016,56048.8982873869,5.10654109174315,16.2685174509822,14.7782951198771,
NAC,North America,2017,57026.2780816387,4.58167050671604,16.1950285381512,15.6069650321006,
NAC,North America,2018,58314.2046320345,4.10775536945954,16.0821757314554,15.3231393966292,
NAC,North America,2019,59425.2842320485,3.8903476204603,16.1332157315076,15.6581538373569,
NAC,North America,2020,57774.414970072,8.2305997250471,18.1206786891021,,
NAM,Namibia,2006,3834.99894666178,,11.30290031,17.7,56.7168337
NAM,Namibia,2007,3987.61796106565,,11.41372871,17.3,57.0967465
NAM,Namibia,2008,4036.38187484707,37.583,10.67726994,14.1,58.5900919
NAM,Namibia,2009,3989.20711387651,,9.90435314,13.1,60.5432807
NAM,Namibia,2010,4165.12990200988,22.12,10.62278938,12.9,56.0309459
NAM,Namibia,2011,4302.72451368462,,10.86068344,11.4,55.0228901
NAM,Namibia,2012,4420.96741373862,16.771,10.20360184,10.2,59.0771238
NAM,Namibia,2013,4549.26759093897,19.028,10.08887577,10.2,57.8626989
NAM,Namibia,2014,4701.95694189098,18.521,8.4089098,10.9,57.4938848
NAM,Namibia,2015,4774.10650865775,,9.98106289,11.6,57.0330518
NAM,Namibia,2016,4648.62713460213,23.352,9.32231045,10.7,55.908958
NAM,Namibia,2017,4476.73324402105,,8.71348476,10.9,56.5592477
NAM,Namibia,2018,4400.47537705743,19.877,8.62148285,9.9,57.438306
NAM,Namibia,2019,4243.09274481966,,8.85805798,9.7,56.9167337
NAM,Namibia,2020,3787.49943973286,,9.56060219,,54.2548707
NCL,New Caledonia,2006,,,,,
NCL,New Caledonia,2007,,,,,
NCL,New Caledonia,2008,,,,,
NCL,New Caledonia,2009,,13.967,,,
NCL,New Caledonia,2010,,,,,
NCL,New Caledonia,2011,,,,,
NCL,New Caledonia,2012,,,,,
NCL,New Caledonia,2013,,,,,
NCL,New Caledonia,2014,,14.591,,,
NCL,New Caledonia,2015,30858.7237060533,,,,
NCL,New Caledonia,2016,,,,,
NCL,New Caledonia,2017,,11.676,,,
NCL,New Caledonia,2018,,11.702,,,
NCL,New Caledonia,2019,,10.88,,,
NCL,New Caledonia,2020,,13.558,,,
NER,Niger,2006,415.852022114801,,5.99335575,5.2,35.6642176
NER,Niger,2007,413.419126261066,,5.43105888,5.3,35.4352604
NER,Niger,2008,429.195542798877,,5.24640608,5.2,36.8520723
NER,Niger,2009,421.650901333136,,5.33850145,5.3,38.0651866
NER,Niger,2010,441.079166112039,,4.96100473,5.3,37.0491102
NER,Niger,2011,434.986264873953,0.316,4.87323856,5.4,37.8143043
NER,Niger,2012,463.066265496402,2.177,4.30732679,5.5,39.8709936
NER,Niger,2013,469.690214200878,,4.46636009,5.5,38.945293
NER,Niger,2014,482.74524741946,0.524,4.45377159,5.5,39.8920029
NER,Niger,2015,485.662574175279,,5.34745932,5.4,39.8518529
NER,Niger,2016,488.184823801581,,4.53239059,5.3,40.3343135
NER,Niger,2017,497.172608329608,7.769,5.57609606,5.3,38.6065315
NER,Niger,2018,513.423699765289,,5.30310822,5.3,39.4263789
NER,Niger,2019,526.60361746086,0.531,5.66642094,5.3,38.4169834
NER,Niger,2020,532.208221196997,,6.17012262,,38.558355
NGA,Nigeria,2006,1949.15856804582,,4.25775146,4.7,31.0124497
NGA,Nigeria,2007,2020.83316299437,,3.90997243,4.7,32.7538387
NGA,Nigeria,2008,2098.2833922073,,3.69581532,4.6,31.5697756
NGA,Nigeria,2009,2204.60725603823,,3.5801971,4.5,29.5565418
NGA,Nigeria,2010,2315.46676509642,,3.29653287,4.4,29.2210274
NGA,Nigeria,2011,2370.97657091881,3.77,3.32077932,4.4,29.5352331
NGA,Nigeria,2012,2403.65387896987,,3.35984254,4.2,32.4814474
NGA,Nigeria,2013,2495.34106573862,3.711,3.4206934,4.1,32.2468183
NGA,Nigeria,2014,2583.61556958171,4.562,3.34840417,3.9,30.8288399
NGA,Nigeria,2015,2585.73360671797,4.311,3.58194995,3.7,33.5709036
NGA,Nigeria,2016,2481.81490350403,7.06,3.64773679,3.7,33.4681925
NGA,Nigeria,2017,2441.71236404537,8.389,3.74762511,3.6,34.6017808
NGA,Nigeria,2018,2431.77857832597,,3.09069347,3.5,34.8939836
NGA,Nigeria,2019,2431.53528475874,4.448,2.98547053,3.5,32.5216168
NGA,Nigeria,2020,2228.68631426529,,3.38063431,,32.2041115
NIC,Nicaragua,2006,1644.37193565251,5.313,6.35756445,4.6,34.1402323
NIC,Nicaragua,2007,1703.20780299405,4.891,6.95643044,4.9,34.3341183
NIC,Nicaragua,2008,1736.65740610408,6.2,7.16700697,5.1,33.6979392
NIC,Nicaragua,2009,1655.72028962416,8.157,7.68584394,5.0,35.0483672
NIC,Nicaragua,2010,1704.37875049059,7.828,7.71019173,4.8,35.4785214
NIC,Nicaragua,2011,1786.62863418308,,7.44982004,5.5,35.7622252
NIC,Nicaragua,2012,1876.1759720149,5.208,7.48836899,4.4,36.6817835
NIC,Nicaragua,2013,1941.45628552626,5.276,7.63869238,5.3,37.0573739
NIC,Nicaragua,2014,2006.64869646533,4.52,7.97716141,4.5,36.5433032
NIC,Nicaragua,2015,2074.45620634731,4.7,7.96303272,4.2,36.6623686
NIC,Nicaragua,2016,2140.14405941606,3.9,8.04877567,4.4,36.056526
NIC,Nicaragua,2017,2209.63273423213,3.3,8.32754421,4.4,41.6630439
NIC,Nicaragua,2018,2107.3396261623,5.2,8.4993515,4.5,36.3551589
NIC,Nicaragua,2019,2019.91518620044,,8.50037098,4.4,36.8803361
NIC,Nicaragua,2020,1950.19181218473,,8.55739307,,35.8205845
NLD,Netherlands,2006,43841.0915818567,5.007,9.03575516,9.6,85.4723168
NLD,Netherlands,2007,45445.542186196,4.153,9.00052166,8.4,85.5128129
NLD,Netherlands,2008,46227.1987545514,3.658,9.21819305,9.0,85.7285404
NLD,Netherlands,2009,44304.4041948677,4.352,9.90839005,9.5,85.8905927
NLD,Netherlands,2010,44659.2793901474,4.991,10.09452248,9.8,85.099748
NLD,Netherlands,2011,45239.7198745589,4.977,10.14537811,10.1,87.3846556
NLD,Netherlands,2012,44631.8855633239,5.821,10.45467281,10.7,88.6857153
NLD,Netherlands,2013,44487.0378593394,7.241,10.50247383,11.8,88.0978759
NLD,Netherlands,2014,45042.0515907444,7.419,10.45699596,11.6,88.612248
NLD,Netherlands,2015,45793.8135434697,6.872,10.18857956,11.8,88.8292083
NLD,Netherlands,2016,46655.0340264754,6.007,9.89148426,11.9,89.4892666
NLD,Netherlands,2017,47670.0858101833,4.837,9.93712521,12.1,90.3198724
NLD,Netherlands,2018,48463.0055608731,3.832,9.85083961,11.4,90.8032877
NLD,Netherlands,2019,49254.024789064,3.379,9.93616295,11.8,91.4720745
NLD,Netherlands,2020,47086.5674755497,3.82,10.94954681,,91.0015797
NOR,Norway,2006,75428.8816534082,3.397,7.8822999,12.8,89.0345585
NOR,Norway,2007,77205.7545984008,2.493,8.01673985,11.8,88.5597394
NOR,Norway,2008,76876.8705028009,2.521,7.91507673,11.8,84.7214452
NOR,Norway,2009,74688.7531445371,3.1,9.03254128,13.0,86.0844943
NOR,Norway,2010,74505.4313586335,3.527,8.8581152,12.4,85.9512775
NOR,Norway,2011,74563.8349085669,3.196,8.73474026,13.3,86.591153
NOR,Norway,2012,75669.0612719716,3.129,8.72188568,11.4,89.2646824
NOR,Norway,2013,75711.2410395262,3.425,8.87431335,11.8,88.9471751
NOR,Norway,2014,76430.7374974687,3.486,9.28297901,11.6,89.3339128
NOR,Norway,2015,77220.9524311414,4.296,10.06992245,12.5,88.8100598
NOR,Norway,2016,77532.2750022669,4.68,10.53049755,12.6,89.458967
NOR,Norway,2017,78961.7757906168,4.164,10.22983646,12.1,91.4668285
NOR,Norway,2018,79313.2889434042,3.801,9.96037865,12.0,89.0113774
NOR,Norway,2019,79937.5097885912,3.684,10.43807507,11.8,89.1522784
NOR,Norway,2020,78387.0435023102,4.424,11.42416382,,89.2537957
NPL,Nepal,2006,617.477638588722,,3.54402447,7.7,31.2547592
NPL,Nepal,2007,633.226129136597,,3.67297482,8.0,32.9333497
NPL,Nepal,2008,666.865095417138,1.378,3.81756353,8.3,31.5758422
NPL,Nepal,2009,692.400000816919,,3.90179515,8.5,36.0338815
NPL,Nepal,2010,721.265221364302,,4.36131525,8.7,37.8746994
NPL,Nepal,2011,742.617252662576,,4.45220184,8.9,35.8569059
NPL,Nepal,2012,775.310578479839,,4.49078751,8.9,29.7673402
NPL,Nepal,2013,801.039060847856,,4.63012981,8.7,30.889301
NPL,Nepal,2014,846.665541773599,,5.07549381,8.5,33.9323368
NPL,Nepal,2015,875.543635474862,3.1,5.46615553,8.5,28.7198131
NPL,Nepal,2016,875.188943730855,,5.42378998,8.5,32.24893
NPL,Nepal,2017,951.857298563641,10.66,4.72174025,8.7,33.3015495
NPL,Nepal,2018,1021.91492204011,,4.52845383,8.8,33.5608919
NPL,Nepal,2019,1077.11796498188,,4.44524717,9.0,29.725032
NPL,Nepal,2020,1031.53618783934,,5.2080965,,31.3834164
NRU,Naoero,2006,5382.10161869099,8.256,12.41761494,,
NRU,Naoero,2007,4199.70508141733,,24.23069,,41.9995557
NRU,Naoero,2008,5045.18472364491,,23.00409317,,44.7005576
NRU,Naoero,2009,4761.56658392323,,12.31576252,,45.739088
NRU,Naoero,2010,4748.76539924078,,12.69640064,,45.9361706
NRU,Naoero,2011,5417.44487923767,22.964,9.97123718,,45.820226
NRU,Naoero,2012,6626.18317072945,,8.84148979,,45.8494289
NRU,Naoero,2013,6735.42128061862,13.282,9.56899357,,45.8820424
NRU,Naoero,2014,7638.99065218892,,8.1214447,,47.2009633
NRU,Naoero,2015,7747.25584993607,,13.91331863,,51.4935243
NRU,Naoero,2016,7925.5779662048,,10.95251656,,50.472513
NRU,Naoero,2017,7308.31758516515,,11.4886446,,50.4784473
NRU,Naoero,2018,7149.78109138393,,11.09015656,,56.8800001
NRU,Naoero,2019,7687.19643322519,,11.56155682,,50.5427934
NRU,Naoero,2020,7770.69883784016,,11.55650234,,50.4520871
NZL,New Zealand,2006,35649.0258495224,3.852,8.63846684,13.1,87.2268499
NZL,New Zealand,2007,36400.0153308952,3.606,8.32899952,12.3,86.6856334
NZL,New Zealand,2008,35722.2274262581,4.039,8.65133667,12.4,86.6780697
NZL,New Zealand,2009,35352.6428453692,5.867,9.13566399,11.5,89.5863681
NZL,New Zealand,2010,35476.3713609154,6.209,9.09511089,12.6,86.5023949
NZL,New Zealand,2011,35961.911959259,6.035,9.10748196,11.4,89.5047285
NZL,New Zealand,2012,36588.819747177,6.487,9.20243168,12.7,89.6998415
NZL,New Zealand,2013,37240.0279166822,5.842,8.9393549,12.2,88.9729832
NZL,New Zealand,2014,38025.4674998632,5.43,8.97204113,11.3,90.8814351
NZL,New Zealand,2015,38648.7302562109,5.409,8.88920593,11.7,89.258822
NZL,New Zealand,2016,39205.0341298225,5.147,8.76869011,12.2,86.779933
NZL,New Zealand,2017,39667.6884236272,4.737,8.61795807,12.7,86.0992134
NZL,New Zealand,2018,40257.9139260803,4.331,8.56966972,11.4,84.4641774
NZL,New Zealand,2019,40615.7266946543,4.112,8.61898708,11.0,84.0805878
NZL,New Zealand,2020,39702.3112090418,4.603,9.25240231,,84.2310864
OMN,Oman,2006,20096.3965576134,,2.01985121,6.5,54.5680264
OMN,Oman,2007,20642.7489563377,,2.11371112,6.8,53.6674241
OMN,Oman,2008,22007.7338963517,4.142,1.75567567,6.8,56.0810434
OMN,Oman,2009,22819.1977324647,,2.4694581,6.5,56.4808066
OMN,Oman,2010,22766.0503620721,,2.47588587,6.7,57.5486916
OMN,Oman,2011,20993.9079436935,,2.23611403,6.1,52.9131147
OMN,Oman,2012,19824.1215485946,,2.27702832,5.4,52.3337316
OMN,Oman,2013,19299.9400516869,,2.5054009,5.3,51.050924
OMN,Oman,2014,18726.2026946971,,3.13740134,5.1,54.0383946
OMN,Oman,2015,18808.3077921839,,4.07826233,5.0,52.9066438
OMN,Oman,2016,18830.6057208608,3.266,4.17580843,4.7,54.4782689
OMN,Oman,2017,18277.945563615,1.677,3.95418668,4.7,53.4953095
OMN,Oman,2018,18269.6769435562,1.8,3.21469474,4.7,53.5065773
OMN,Oman,2019,18089.586668488,2.765,3.80648994,4.9,55.3079939
OMN,Oman,2020,17743.8858800477,2.94,5.11922932,,53.3201442
PAK,Pakistan,2006,1243.94142602543,0.582,2.73132491,9.2,40.9037472
PAK,Pakistan,2007,1265.35567539842,0.398,2.62370729,9.1,41.0735907
PAK,Pakistan,2008,1258.05188934452,0.423,2.56806731,9.0,35.9210693
PAK,Pakistan,2009,1269.07432116444,0.535,2.49995875,8.8,36.200124
PAK,Pakistan,2010,1256.69482201323,0.653,2.42967653,8.8,36.22957
PAK,Pakistan,2011,1261.83161907857,0.796,2.23121333,8.7,35.2850418
PAK,Pakistan,2012,1275.48806898966,3.667,2.22185278,8.8,38.7006114
PAK,Pakistan,2013,1309.70080446386,2.954,2.4164784,8.9,38.5071064
PAK,Pakistan,2014,1343.30778121043,1.827,2.48899078,8.9,38.0755445
PAK,Pakistan,2015,1380.47020838317,3.566,2.49493265,9.0,39.4682574
PAK,Pakistan,2016,1452.18658269177,2.285,2.57026362,9.1,41.026367
PAK,Pakistan,2017,1495.26187528032,,2.7863009,9.1,43.1480596
PAK,Pakistan,2018,1561.68169819559,4.083,2.82844949,8.9,41.4757961
PAK,Pakistan,2019,1573.8330826937,4.83,2.84736943,8.9,41.6806369
PAK,Pakistan,2020,1526.00597486307,6.74,2.95273018,,39.3830517
PAN,Panama,2006,8557.9801770364,9.111,6.54604864,5.7,50.5244713
PAN,Panama,2007,9507.64641073854,6.783,7.35227633,4.9,52.5227488
PAN,Panama,2008,10288.1549911493,,6.80452538,5.4,51.9128541
PAN,Panama,2009,10267.0633151993,5.105,6.9857955,4.8,53.2349249
PAN,Panama,2010,10698.0717633911,5.832,7.22332573,4.2,53.721251
PAN,Panama,2011,11761.4988547604,3.922,6.83196259,3.8,53.7761823
PAN,Panama,2012,12668.2945474105,3.714,6.50450659,3.6,55.8430758
PAN,Panama,2013,13236.8306754449,3.732,6.52210426,3.4,55.5098189
PAN,Panama,2014,13611.5490809559,4.444,6.91532087,4.1,55.7389103
PAN,Panama,2015,14082.6548502728,4.402,6.93698502,2.9,57.5817581
PAN,Panama,2016,14474.1243636349,4.843,7.09378099,3.3,59.066869
PAN,Panama,2017,15045.5456426827,5.461,7.16492653,3.2,58.0172633
PAN,Panama,2018,15375.6500855703,5.313,7.60132933,2.9,57.6756338
PAN,Panama,2019,15602.5315209709,6.409,8.13541794,2.9,61.0079753
PAN,Panama,2020,12647.0914227279,18.548,10.21630001,,55.8409117
PER,Peru,2006,4091.36268615581,4.172,4.409585,2.7,38.3484354
PER,Peru,2007,4407.79121686416,4.078,4.42611313,2.6,38.7163319
PER,Peru,2008,4778.52642172313,4.025,4.53098345,2.7,39.4415413
PER,Peru,2009,4801.17153740507,3.964,4.95976877,3.3,43.5436404
PER,Peru,2010,5167.39259325937,3.595,4.70582962,3.5,47.4948266
PER,Peru,2011,5453.45718713631,3.477,4.52216864,3.3,48.1723049
PER,Peru,2012,5740.04346272472,3.238,4.72939587,3.2,49.204691
PER,Peru,2013,6021.46142765232,3.575,4.71272659,3.1,49.2958115
PER,Peru,2014,6103.91864749969,3.208,4.90967321,2.9,47.4749568
PER,Peru,2015,6231.71150338894,3.272,4.90453625,2.7,46.5035997
PER,Peru,2016,6392.25474941014,3.741,4.89353323,2.6,48.0215612
PER,Peru,2017,6457.41940254721,3.691,4.80915499,2.7,49.9120761
PER,Peru,2018,6593.14437459526,3.492,5.0835557,2.8,48.2135515
PER,Peru,2019,6626.26083494969,3.379,5.12525272,2.8,52.2664708
PER,Peru,2020,5831.83024758521,7.179,6.34739399,,49.2735889
PHL,Philippines,2006,2110.42044781284,4.052,3.77762938,2.0,50.2983996
PHL,Philippines,2007,2209.34651083329,3.434,3.75318074,1.9,52.0082814
PHL,Philippines,2008,2264.9462907288,3.72,3.86315918,2.0,50.9115979
PHL,Philippines,2009,2256.72554835463,3.858,4.16451931,2.3,50.7727229
PHL,Philippines,2010,2373.14312064664,3.605,4.13107872,2.4,51.2799648
PHL,Philippines,2011,2416.75212064542,3.592,4.02518559,2.7,52.8918663
PHL,Philippines,2012,2533.74141964959,3.504,4.17709208,2.4,55.6852603
PHL,Philippines,2013,2654.41506933978,3.497,4.27408695,2.4,56.0614632
PHL,Philippines,2014,2776.92005909479,3.6,3.70313668,2.3,60.1755923
PHL,Philippines,2015,2909.85818010301,3.068,3.8982749,2.3,59.274047
PHL,Philippines,2016,3076.3374186759,2.695,3.95484328,2.2,56.2005872
PHL,Philippines,2017,3247.4503878362,2.552,3.96042776,2.2,54.7710745
PHL,Philippines,2018,3410.93647976109,2.338,3.9538188,2.2,55.5875464
PHL,Philippines,2019,3575.88170922922,2.237,4.16646004,2.2,54.875588
PHL,Philippines,2020,3198.66690008413,2.522,5.16214037,,54.8698093
PLW,Palau,2006,14037.3706523634,,8.73999214,,
PLW,Palau,2007,14346.8995831129,,8.83709908,,
PLW,Palau,2008,13759.0034121669,,8.41378212,,42.2969831
PLW,Palau,2009,13113.5786666921,,9.63057423,,43.3355116
PLW,Palau,2010,12933.0676102142,,10.93099976,,41.1290275
PLW,Palau,2011,13758.7587383152,,9.9432106,,45.820226
PLW,Palau,2012,14289.7833891839,,10.24609089,,45.8494289
PLW,Palau,2013,14184.0449521037,,10.92691708,,45.8820424
PLW,Palau,2014,14725.8436432778,1.357,10.71111488,,47.2009633
PLW,Palau,2015,15938.3652222848,,9.76325321,,45.1245636
PLW,Palau,2016,16179.3959628749,,10.01226997,,45.142841
PLW,Palau,2017,15612.6700180498,,10.90419006,,45.1487753
PLW,Palau,2018,15545.7219371676,,11.19109821,,51.5503203
PLW,Palau,2019,15606.4827634374,,12.17405796,,51.5820821
PLW,Palau,2020,14673.8845975778,0.765,13.31541061,,50.9717305
PNG,Papua New Guinea,2006,1915.2349405788,,2.42600322,2.4,37.0440295
PNG,Papua New Guinea,2007,2000.9726186689,,2.42102122,2.5,37.3536133
PNG,Papua New Guinea,2008,1934.03201558753,,2.13526058,2.5,38.7190151
PNG,Papua New Guinea,2009,2003.24109727039,,2.32937527,2.4,38.3311691
PNG,Papua New Guinea,2010,2140.50939027384,2.002,2.10756016,2.6,38.0060321
PNG,Papua New Guinea,2011,2102.03192060639,2.624,2.29397798,2.6,38.0542669
PNG,Papua New Guinea,2012,2139.48096660428,,2.66693544,2.7,38.5512871
PNG,Papua New Guinea,2013,2162.10592595591,,2.99727893,2.7,38.3866682
PNG,Papua New Guinea,2014,2391.3578028163,,3.27119064,2.9,37.072968
PNG,Papua New Guinea,2015,2484.5963398603,,1.81881714,3.0,37.0560828
PNG,Papua New Guinea,2016,2557.09463030035,,2.33063054,3.0,35.447969
PNG,Papua New Guinea,2017,2584.8883636271,,2.22970986,2.8,37.4952571
PNG,Papua New Guinea,2018,2518.45899317321,,2.30051899,2.9,37.7947475
PNG,Papua New Guinea,2019,2572.56177967896,,2.3253386,3.0,37.2099103
PNG,Papua New Guinea,2020,2438.61137922293,,2.30193973,,34.1121999
POL,Poland,2006,9137.65850849801,13.794,5.78148365,17.1,57.3147645
POL,Poland,2007,9760.7042604352,9.551,5.86390114,15.7,55.7849285
POL,Poland,2008,10187.2017910883,7.069,6.35196781,17.0,59.3020561
POL,Poland,2009,10446.5289138524,8.131,6.57037735,19.2,60.4228425
POL,Poland,2010,10808.3975674238,9.578,6.43533468,18.6,61.9844209
POL,Poland,2011,11370.313427173,9.576,6.24533606,18.0,62.5902655
POL,Poland,2012,11542.2353368014,10.031,6.22854042,18.5,63.0116543
POL,Poland,2013,11628.2286809525,10.293,6.44993687,18.2,64.0632258
POL,Poland,2014,12093.1622787394,8.971,6.39059496,17.4,69.011587
POL,Poland,2015,12637.5220324406,7.475,6.36490345,15.9,68.2915982
POL,Poland,2016,13026.1858988718,6.141,6.5470438,13.8,65.9236394
POL,Poland,2017,13695.6452848724,4.867,6.53713226,13.3,63.461552
POL,Poland,2018,14551.0850277089,3.835,6.25094128,12.7,64.7981864
POL,Poland,2019,15221.3090624454,3.267,6.38906956,11.3,64.234619
POL,Poland,2020,15090.2228440113,3.155,6.42739105,,64.4958416
PRE,Pre-demographic dividend,2006,1256.95120061394,,4.13419864704944,6.72692069981493,
PRE,Pre-demographic dividend,2007,1297.39935876899,,4.09526656318605,6.58122632933062,
PRE,Pre-demographic dividend,2008,1341.14167924281,,3.90027822565252,6.48542195836048,
PRE,Pre-demographic dividend,2009,1364.66024275943,,4.20385568068411,6.46934929480773,
PRE,Pre-demographic dividend,2010,1413.56297929276,,3.8072537450495,6.41433815239393,
PRE,Pre-demographic dividend,2011,1429.48857229998,,3.66315795993992,6.35899642640929,
PRE,Pre-demographic dividend,2012,1447.56913413737,,3.5416209311239,6.22427660019048,
PRE,Pre-demographic dividend,2013,1490.99576376132,,3.69229821378473,6.12859948404703,
PRE,Pre-demographic dividend,2014,1523.1979782259,,3.65823787774783,5.9177878458856,
PRE,Pre-demographic dividend,2015,1526.04099231967,,3.91772288916207,5.76793898891611,
PRE,Pre-demographic dividend,2016,1521.02292118899,,4.2617800637483,5.68286381224866,
PRE,Pre-demographic dividend,2017,1503.731439286,,4.12276237631874,5.61409395175524,
PRE,Pre-demographic dividend,2018,1501.77325261054,,3.81082544391844,5.59543285133639,
PRE,Pre-demographic dividend,2019,1507.8698553362,,3.73939509311386,5.58518603493362,
PRE,Pre-demographic dividend,2020,1407.15348093823,,4.26285451464358,,
PRI,Puerto Rico (US),2006,29519.7386759729,11.008,,,61.6571197
PRI,Puerto Rico (US),2007,29347.8460041613,10.927,,,60.6990895
PRI,Puerto Rico (US),2008,28976.1310520159,11.477,,,60.9793965
PRI,Puerto Rico (US),2009,28565.767919549,15.0,,,55.5079445
PRI,Puerto Rico (US),2010,28569.5077088001,16.037,,,55.3349316
PRI,Puerto Rico (US),2011,28706.0207514856,15.765,,,55.3515912
PRI,Puerto Rico (US),2012,28968.6942131352,14.498,,,56.1920571
PRI,Puerto Rico (US),2013,29115.3549161996,14.3,,,55.418957
PRI,Puerto Rico (US),2014,29141.2038639816,13.9,,,58.3470086
PRI,Puerto Rico (US),2015,29242.041465085,11.947,,,57.5577584
PRI,Puerto Rico (US),2016,29326.5748761873,11.8,,,57.5664771
PRI,Puerto Rico (US),2017,29061.5563802711,10.8,,,41.847206
PRI,Puerto Rico (US),2018,28808.8518638025,9.2,,,44.9006424
PRI,Puerto Rico (US),2019,29185.0969964707,8.3,,,46.9040804
PRI,Puerto Rico (US),2020,28144.713741876,15.34,,,43.698022
PRK,"Korea, Dem. People's Rep.",2006,,,,8.9,14.0946901
PRK,"Korea, Dem. People's Rep.",2007,,,,9.0,14.1250053
PRK,"Korea, Dem. People's Rep.",2008,,,,9.4,13.7105832
PRK,"Korea, Dem. People's Rep.",2009,,,,9.4,17.4373602
PRK,"Korea, Dem. People's Rep.",2010,,,,9.5,23.2825962
PRK,"Korea, Dem. People's Rep.",2011,,,,9.7,23.1444795
PRK,"Korea, Dem. People's Rep.",2012,,,,9.7,16.2472345
PRK,"Korea, Dem. People's Rep.",2013,,,,9.9,16.2498284
PRK,"Korea, Dem. People's Rep.",2014,,,,10.0,22.9426739
PRK,"Korea, Dem. People's Rep.",2015,,,,10.5,22.9233388
PRK,"Korea, Dem. People's Rep.",2016,,,,10.4,22.9300606
PRK,"Korea, Dem. People's Rep.",2017,,,,9.8,22.9322422
PRK,"Korea, Dem. People's Rep.",2018,,,,9.3,22.5258797
PRK,"Korea, Dem. People's Rep.",2019,,,,9.4,26.9744984
PRK,"Korea, Dem. People's Rep.",2020,,,,,26.9411442
PRT,Portugal,2006,19529.3122100477,7.649,9.35422611,11.5,67.4823984
PRT,Portugal,2007,19979.5706280792,7.965,9.25186634,12.6,67.0800588
PRT,Portugal,2008,20014.4749330004,7.553,9.58307838,13.1,68.7035976
PRT,Portugal,2009,19371.1318876855,9.432,10.13070393,13.1,70.9220767
PRT,Portugal,2010,19698.6836791397,10.771,10.01858425,13.6,65.6166708
PRT,Portugal,2011,19389.6395896162,12.715,9.71847439,12.3,68.0243655
PRT,Portugal,2012,18679.7626789594,15.509,9.64000225,13.5,69.0760206
PRT,Portugal,2013,18597.7214623964,16.237,9.39476109,12.5,69.1208449
PRT,Portugal,2014,18836.8967978906,13.88,9.33570766,14.2,69.4932212
PRT,Portugal,2015,19215.7813014347,12.405,9.33309937,13.2,72.9656451
PRT,Portugal,2016,19662.82312462,11.058,9.39989281,11.4,72.6031483
PRT,Portugal,2017,20364.1962735946,8.878,9.32668972,12.0,75.2574904
PRT,Portugal,2018,20997.7745987013,6.966,9.42121029,11.7,71.9545074
PRT,Portugal,2019,21569.1874752919,6.422,9.50868607,11.5,71.0506386
PRT,Portugal,2020,19778.7139525722,6.85,10.52074051,,72.704298
PRY,Paraguay,2006,4349.31197066182,5.277,5.01927567,4.2,33.8718193
PRY,Paraguay,2007,4540.38235899198,4.713,5.02042723,3.8,33.9392647
PRY,Paraguay,2008,4788.6631877791,4.415,5.03776026,3.6,34.9621719
PRY,Paraguay,2009,4727.59685811395,5.46,5.52496862,4.4,36.1948566
PRY,Paraguay,2010,5191.05014254402,4.569,5.46593952,3.5,36.420242
PRY,Paraguay,2011,5342.19015717376,4.67,5.82225847,4.6,36.7122348
PRY,Paraguay,2012,5230.26244858764,4.085,6.53144598,4.6,36.4824628
PRY,Paraguay,2013,5583.12274473463,4.385,6.0642848,4.9,36.5389885
PRY,Paraguay,2014,5794.4764468976,5.034,6.62719059,5.9,36.9819642
PRY,Paraguay,2015,5879.33792308671,4.556,6.69165802,5.7,36.0687116
PRY,Paraguay,2016,6041.95879367268,5.255,6.67556572,5.3,38.1443957
PRY,Paraguay,2017,6243.13363139058,6.138,6.60902548,6.1,38.8443202
PRY,Paraguay,2018,6354.2392005297,6.217,6.74497652,6.0,41.6272611
PRY,Paraguay,2019,6243.53620897773,6.595,7.16081905,6.0,42.2719023
PRY,Paraguay,2020,6109.19608100615,7.548,7.67533064,,39.5287497
PSE,West Bank and Gaza,2006,2540.26763083127,19.014,10.50240231,,34.473565
PSE,West Bank and Gaza,2007,2569.98434108953,18.282,9.58784008,,36.0702671
PSE,West Bank and Gaza,2008,2685.98601828464,22.913,10.52610016,,34.8702269
PSE,West Bank and Gaza,2009,2840.01594969395,20.452,10.76468372,,43.7757436
PSE,West Bank and Gaza,2010,2927.08101953403,21.416,9.10499382,,48.6722709
PSE,West Bank and Gaza,2011,3128.10811061384,17.597,11.34622478,,42.561906
PSE,West Bank and Gaza,2012,3237.91619995789,19.202,10.30110455,,42.1441162
PSE,West Bank and Gaza,2013,3309.63120243098,19.894,10.44874382,,42.2662888
PSE,West Bank and Gaza,2014,3227.84934482645,20.526,9.92015553,,46.054225
PSE,West Bank and Gaza,2015,3272.15432360708,23.005,9.28473282,,46.4789971
PSE,West Bank and Gaza,2016,3483.09903532972,23.939,9.0039854,,45.3362157
PSE,West Bank and Gaza,2017,3462.97986107136,25.677,9.1223526,,48.6283333
PSE,West Bank and Gaza,2018,3417.79440837962,26.256,9.65617657,,42.2874381
PSE,West Bank and Gaza,2019,3378.4346209191,25.34,9.18576908,,42.6448969
PSE,West Bank and Gaza,2020,2922.46801084844,25.895,10.27610207,,42.5948461
PST,Post-demographic dividend,2006,38248.3840891561,5.92863018910576,10.7958053531346,15.2256996978766,
PST,Post-demographic dividend,2007,39009.2237757324,5.51100726346917,10.7894134126757,15.3981058290177,
PST,Post-demographic dividend,2008,38915.530644621,5.84566140147939,10.9854157673289,15.6061752320788,
PST,Post-demographic dividend,2009,37403.0656560604,8.06879528719523,11.9123575506818,15.7847549056021,
PST,Post-demographic dividend,2010,38308.9980746451,8.2965723298406,11.8537726315645,15.6245027956353,
PST,Post-demographic dividend,2011,38818.0285097988,8.00715225057478,11.9215533048365,15.5957180118978,
PST,Post-demographic dividend,2012,39139.8614954799,8.06569081457765,12.0788972416958,15.2099630499383,
PST,Post-demographic dividend,2013,39581.7331829371,7.9610656961239,12.0801687556932,15.1742341695913,
PST,Post-demographic dividend,2014,40234.9561373078,7.41270166349327,12.258806041528,15.0261765237595,
PST,Post-demographic dividend,2015,40960.9089975197,6.83924440053264,12.634560585286,14.8075218735994,
PST,Post-demographic dividend,2016,41508.8826356411,6.41169258105215,12.7673383078772,14.528910075163,
PST,Post-demographic dividend,2017,42376.9506490702,5.85092236162173,12.7218325700641,14.6584746937976,
PST,Post-demographic dividend,2018,43192.4790062502,5.29516232582481,12.6670155832595,14.6135332916693,
PST,Post-demographic dividend,2019,43829.7166795611,4.96857819618699,12.8535591912068,14.4231789499567,
PST,Post-demographic dividend,2020,41980.2062171255,6.77410944478169,14.2949863720896,,
PYF,French Polynesia,2006,21545.5997136473,,,,
PYF,French Polynesia,2007,21648.532237682,11.738,,,
PYF,French Polynesia,2008,21493.4178311249,,,,
PYF,French Polynesia,2009,20499.7723032831,,,,
PYF,French Polynesia,2010,19913.0252687915,,,,
PYF,French Polynesia,2011,19241.6437951625,,,,
PYF,French Polynesia,2012,18968.4422157904,21.787,,,
PYF,French Polynesia,2013,18930.1268887012,,,,
PYF,French Polynesia,2014,18928.1858620128,,,,
PYF,French Polynesia,2015,19166.9594761931,,,,
PYF,French Polynesia,2016,19516.0718353276,,,,
PYF,French Polynesia,2017,20287.7685831663,,,,
PYF,French Polynesia,2018,20674.4206829029,,,,
PYF,French Polynesia,2019,21289.8751241139,,,,
PYF,French Polynesia,2020,19026.790444196,,,,
QAT,Qatar,2006,68036.6212164734,0.872,2.288064,6.8,58.981154
QAT,Qatar,2007,64614.0465071968,0.517,2.07008052,8.4,63.8304381
QAT,Qatar,2008,64393.5954479866,0.308,1.63775349,8.3,65.2511368
QAT,Qatar,2009,63939.8050831437,0.313,2.38356304,8.4,71.2981921
QAT,Qatar,2010,74271.9022959058,0.454,1.87017763,8.2,70.0924275
QAT,Qatar,2011,83533.4963791019,0.564,1.599962,8.0,70.9408518
QAT,Qatar,2012,82441.7405083009,0.481,1.74822152,7.4,70.2942915
QAT,Qatar,2013,77379.6735599552,0.267,2.07620168,6.7,73.5009934
QAT,Qatar,2014,71756.0649338302,0.193,2.42293572,6.3,70.454238
QAT,Qatar,2015,68985.2946961507,0.163,3.63581347,6.1,71.4469466
QAT,Qatar,2016,67294.4585771356,0.143,3.54971433,6.1,71.3532322
QAT,Qatar,2017,64497.6987225375,0.133,3.21237087,5.8,70.2034412
QAT,Qatar,2018,64410.8171280981,0.104,2.96176219,5.8,67.0161522
QAT,Qatar,2019,63430.4607609581,0.1,3.18468714,5.8,69.663893
QAT,Qatar,2020,57769.604104354,0.1,3.81872201,,70.089857
ROU,Romania,2006,6876.77841417966,7.27,5.07106066,12.9,42.5316841
ROU,Romania,2007,7483.97375820611,6.413,5.02223349,11.6,41.9983483
ROU,Romania,2008,8318.00342795388,5.787,5.02277184,11.7,41.5058701
ROU,Romania,2009,7924.87058070212,6.859,5.27816248,12.2,41.6206754
ROU,Romania,2010,7660.70667630517,6.959,5.63882685,13.2,46.9432834
ROU,Romania,2011,8044.57194920892,7.177,4.47503996,12.1,47.8694759
ROU,Romania,2012,8234.28553425194,6.794,4.50939083,12.6,47.638551
ROU,Romania,2013,8287.95844089676,7.096,5.2240696,12.2,50.4486805
ROU,Romania,2014,8661.47397274241,6.802,5.0276823,11.3,50.3717113
ROU,Romania,2015,8977.01748158196,6.812,4.94292021,11.5,51.1153654
ROU,Romania,2016,9286.87678236598,5.901,5.08012772,10.2,49.0223916
ROU,Romania,2017,10106.2269557253,4.927,5.18878555,10.1,49.0059945
ROU,Romania,2018,10714.1701157127,4.187,5.51454878,10.2,49.355108
ROU,Romania,2019,11197.3162915853,3.912,5.69924641,9.7,48.5141794
ROU,Romania,2020,10854.049431887,5.035,6.20959711,,46.4798604
RUS,Russian Federation,2006,7949.89697265625,7.162,4.76654387,44.8,35.3555263
RUS,Russian Federation,2007,8640.40625,6.105,4.74792528,41.7,37.2876864
RUS,Russian Federation,2008,9093.7001953125,6.325,4.90364122,40.7,36.5122958
RUS,Russian Federation,2009,8381.8681640625,8.458,5.64392471,38.4,35.7070412
RUS,Russian Federation,2010,8755.1201171875,7.407,4.97111797,38.1,35.6283415
RUS,Russian Federation,2011,9120.8203125,6.571,4.79491472,35.9,35.6187517
RUS,Russian Federation,2012,9464.0107421875,5.484,4.93637276,34.4,35.1716326
RUS,Russian Federation,2013,9601.537109375,5.513,5.08104849,33.5,36.98092
RUS,Russian Federation,2014,9493.8125,5.212,5.1820941,33.8,47.4684664
RUS,Russian Federation,2015,9277.7138671875,5.615,5.29604626,32.0,45.0710518
RUS,Russian Federation,2016,9269.3173828125,5.591,5.28970337,31.0,44.9980608
RUS,Russian Federation,2017,9418.99609375,5.238,5.35890055,28.2,47.1232942
RUS,Russian Federation,2018,9674.787109375,4.871,5.35520792,27.1,48.1709302
RUS,Russian Federation,2019,9882.0244140625,4.513,5.64849091,25.1,52.1461979
RUS,Russian Federation,2020,9632.3251953125,5.62,8.04076004,,50.4999408
RWA,Rwanda,2006,471.150850642442,,7.60511971,8.4,44.1572178
RWA,Rwanda,2007,493.803359157317,,7.86262226,8.0,44.0967372
RWA,Rwanda,2008,534.678298622161,,7.55971909,7.5,46.583954
RWA,Rwanda,2009,553.621518556047,,7.79951382,7.0,46.762872
RWA,Rwanda,2010,579.419162804581,,8.08185482,6.6,48.7558083
RWA,Rwanda,2011,610.376236415572,,7.93233776,6.2,49.0139879
RWA,Rwanda,2012,647.436613845487,3.438,8.1021471,6.0,49.5913373
RWA,Rwanda,2013,661.893969452494,,6.77388763,5.8,51.1605222
RWA,Rwanda,2014,682.709499066795,1.169,6.98448992,5.8,50.5563848
RWA,Rwanda,2015,725.691418696952,,6.65061283,5.7,50.3756701
RWA,Rwanda,2016,748.798132068173,,5.968925,5.7,53.6784936
RWA,Rwanda,2017,765.845359390541,11.875,5.37623835,5.6,57.4987691
RWA,Rwanda,2018,808.704812752127,10.759,5.45722818,5.6,56.7310978
RWA,Rwanda,2019,863.872077583172,11.236,4.91471481,5.6,55.7922219
RWA,Rwanda,2020,821.257133282758,11.829,5.79862261,,56.4078546
SAU,Saudi Arabia,2006,21616.3355772516,6.254,3.61922002,4.0,47.579204
SAU,Saudi Arabia,2007,21196.7926036633,5.734,3.56229162,4.3,48.6124747
SAU,Saudi Arabia,2008,21629.8405734551,5.085,2.97100711,4.6,49.9245436
SAU,Saudi Arabia,2009,20577.5453445336,5.377,4.29042768,5.0,50.4049334
SAU,Saudi Arabia,2010,21830.1424272816,5.55,3.64786148,5.5,53.073876
SAU,Saudi Arabia,2011,23314.5576023168,,3.68218255,6.1,51.5118931
SAU,Saudi Arabia,2012,23643.0358324647,5.622,3.98779845,6.4,51.2044443
SAU,Saudi Arabia,2013,23057.3494468535,5.6,4.42293596,6.5,49.8606797
SAU,Saudi Arabia,2014,23404.7306039825,5.877,5.15800905,6.6,52.8043993
SAU,Saudi Arabia,2015,23256.1549553531,5.6,5.8620224,6.3,52.9975543
SAU,Saudi Arabia,2016,22783.0328538685,5.6,6.24142838,6.3,56.8213355
SAU,Saudi Arabia,2017,23035.1199977707,5.89,6.03126049,6.2,54.7809656
SAU,Saudi Arabia,2018,24393.5188306638,6.029,5.34063101,6.1,56.5030836
SAU,Saudi Arabia,2019,24905.6697428558,5.636,5.46743011,6.0,56.4333535
SAU,Saudi Arabia,2020,22827.671935548,7.66,6.64630127,,53.4389277
SDN,Sudan,2006,1336.1240234375,,4.88544321,4.1,28.5979594
SDN,Sudan,2007,1372.10961914063,,5.66269159,4.1,28.4706672
SDN,Sudan,2008,1381.62561035156,15.566,5.42313576,4.1,25.8668562
SDN,Sudan,2009,1301.34729003906,13.0,6.39496326,4.1,27.4996056
SDN,Sudan,2010,1311.22314453125,,5.05810165,4.0,25.7057645
SDN,Sudan,2011,1388.21813964844,17.44,5.61579561,4.1,25.6491299
SDN,Sudan,2012,1288.25854492188,,5.68827009,4.0,25.7528404
SDN,Sudan,2013,1283.45922851563,,6.96487474,4.0,25.8422537
SDN,Sudan,2014,1307.3896484375,,5.67619705,3.9,25.8815909
SDN,Sudan,2015,1292.37963867188,,5.81112576,3.9,26.1909997
SDN,Sudan,2016,1297.15454101563,,5.68438482,3.9,26.5963122
SDN,Sudan,2017,1261.87353515625,,5.91767406,3.8,27.1943753
SDN,Sudan,2018,1185.94445800781,,4.46172857,3.9,22.3317137
SDN,Sudan,2019,1126.55297851563,,4.59967566,3.8,23.7455895
SDN,Sudan,2020,1056.86474609375,,3.04323435,,23.5485827
SEN,Senegal,2006,1118.7830430051,11.1,3.76337624,7.0,41.1530001
SEN,Senegal,2007,1123.99862153285,,3.41496587,6.7,42.7186189
SEN,Senegal,2008,1138.66883930214,,3.50687575,6.8,46.1249118
SEN,Senegal,2009,1142.65317233964,,3.841573,6.7,44.7084538
SEN,Senegal,2010,1153.53431121583,,4.02764368,6.6,45.788363
SEN,Senegal,2011,1139.74447892639,2.853,4.21416712,6.5,46.4693043
SEN,Senegal,2012,1154.05677992367,,4.26688004,6.5,46.6746915
SEN,Senegal,2013,1147.3859217191,,4.38573599,6.5,47.8301601
SEN,Senegal,2014,1180.7987108505,,4.38962269,6.5,48.9253115
SEN,Senegal,2015,1218.00613555438,6.757,4.37789631,6.4,48.1766856
SEN,Senegal,2016,1257.40906916238,4.455,4.25606871,6.3,47.7480792
SEN,Senegal,2017,1312.10932775878,4.078,4.16359377,6.2,50.7623495
SEN,Senegal,2018,1355.09610863533,,4.43182087,6.1,49.6678242
SEN,Senegal,2019,1379.60875249843,2.863,4.49531031,6.0,53.7598532
SEN,Senegal,2020,1361.7914374888,,5.15119171,,52.997811
SGP,Singapore,2006,44159.4101820552,4.48,2.9347465,11.7,94.0903284
SGP,Singapore,2007,46178.8139470199,3.9,2.83749056,10.7,95.6676507
SGP,Singapore,2008,44601.5799302699,3.96,3.19488454,10.4,95.925595
SGP,Singapore,2009,43331.8746638962,5.86,3.39370513,10.5,93.3599333
SGP,Singapore,2010,48752.0515441859,4.12,3.1982615,9.9,93.6769719
SGP,Singapore,2011,50713.5326393594,3.89,3.1539185,9.6,92.7010182
SGP,Singapore,2012,51679.352717333,3.718,3.32392788,11.3,94.9863419
SGP,Singapore,2013,53298.9728558286,3.862,3.68225336,10.3,93.6220464
SGP,Singapore,2014,54681.9336458253,3.743,3.87132597,10.2,93.3818933
SGP,Singapore,2015,55645.6068614606,3.785,4.18061399,9.0,93.8738309
SGP,Singapore,2016,57076.5241936787,4.084,4.37989521,9.1,95.0042168
SGP,Singapore,2017,59493.3758595703,4.163,4.35978413,9.0,94.4261072
SGP,Singapore,2018,61101.5252578902,3.878,4.07275724,9.4,94.4482054
SGP,Singapore,2019,61106.3119775351,3.125,4.40746737,11.2,94.9771682
SGP,Singapore,2020,59083.8574841572,5.231,5.70015287,,94.4177755
SLB,Solomon Islands,2006,1796.71439810674,,8.00802231,14.1,35.2466204
SLB,Solomon Islands,2007,1830.23321405807,,7.18583059,15.2,32.9768713
SLB,Solomon Islands,2008,1911.18969015528,,5.50656271,15.8,32.8332655
SLB,Solomon Islands,2009,1930.46287614922,2.016,6.6096673,15.8,34.3608811
SLB,Solomon Islands,2010,2058.95691648883,,4.66862011,15.7,33.597643
SLB,Solomon Islands,2011,2132.02844199392,,5.03008652,15.7,34.591771
SLB,Solomon Islands,2012,2105.91423758379,,4.88045692,15.6,35.6728741
SLB,Solomon Islands,2013,2136.72116177034,0.694,4.58030891,15.4,34.5384069
SLB,Solomon Islands,2014,2085.16067273086,,4.88962364,15.3,34.1642807
SLB,Solomon Islands,2015,2045.47721526649,,4.45310211,15.2,34.1319647
SLB,Solomon Islands,2016,2084.24845745225,,4.52952909,15.1,34.1431975
SLB,Solomon Islands,2017,2075.36705302305,,4.16556406,15.1,30.2323343
SLB,Solomon Islands,2018,2061.8996970669,,3.86440825,15.0,29.9329761
SLB,Solomon Islands,2019,2043.09139778307,,4.43728065,14.7,32.4288124
SLB,Solomon Islands,2020,1930.65510307199,,4.89478445,,32.3614233
SLE,Sierra Leone,2006,859.824260714965,,5.29913139,6.5,28.0732217
SLE,Sierra Leone,2007,872.68836234614,,5.31662989,6.4,29.1651764
SLE,Sierra Leone,2008,882.54147817868,,5.60332584,6.5,28.5210661
SLE,Sierra Leone,2009,872.23959352481,,6.27075481,6.6,28.2811444
SLE,Sierra Leone,2010,902.769891411394,,5.64204741,6.8,29.1135234
SLE,Sierra Leone,2011,950.760763054593,,6.60636759,6.5,29.3026709
SLE,Sierra Leone,2012,1025.04366004502,,5.92764187,6.6,29.9020484
SLE,Sierra Leone,2013,1146.81973456475,,8.45845032,6.3,29.7841088
SLE,Sierra Leone,2014,1032.23789355905,4.678,15.11886978,6.2,30.9604681
SLE,Sierra Leone,2015,964.575980888989,,12.3831234,5.9,28.950985
SLE,Sierra Leone,2016,1002.77862282013,,10.05438519,6.2,31.0381897
SLE,Sierra Leone,2017,1010.54694071207,,6.00532055,6.3,31.5694665
SLE,Sierra Leone,2018,1015.6678297205,1.646,5.29927444,6.6,32.3906127
SLE,Sierra Leone,2019,1046.96778078594,,5.7052846,6.7,31.0425355
SLE,Sierra Leone,2020,1010.25294614757,,5.66489744,,32.7329169
SLV,El Salvador,2006,3302.34817354347,6.505,8.69338894,6.6,43.1190471
SLV,El Salvador,2007,3359.1623024135,6.406,8.47836304,7.9,43.1643867
SLV,El Salvador,2008,3420.44927357443,5.884,8.49585915,6.8,42.553932
SLV,El Salvador,2009,3337.81150878211,7.332,8.83749676,8.6,44.824803
SLV,El Salvador,2010,3398.49346060363,4.893,8.90416241,6.1,47.2970654
SLV,El Salvador,2011,3515.19664634846,4.297,8.87645435,8.0,45.7816782
SLV,El Salvador,2012,3600.31912505518,3.843,8.60625362,6.8,46.2276637
SLV,El Salvador,2013,3665.90044167854,3.693,9.05235958,6.4,46.8970397
SLV,El Salvador,2014,3713.94992016222,4.154,8.5989418,5.8,49.0592944
SLV,El Salvador,2015,3790.34089108162,3.998,8.75833225,6.9,45.4063483
SLV,El Salvador,2016,3875.84691357954,4.418,8.71456337,5.7,45.0266455
SLV,El Salvador,2017,3954.84014277572,4.385,8.42286873,6.1,44.5116454
SLV,El Salvador,2018,4046.16291720583,4.006,8.322752,6.0,44.241356
SLV,El Salvador,2019,4143.11437097867,4.17,8.80846119,6.1,44.6381812
SLV,El Salvador,2020,3808.53195436409,5.008,8.95105076,,48.5651694
SMR,San Marino,2006,60604.3235393604,1.63,4.91361904,,
SMR,San Marino,2007,62776.9178275821,2.598,5.09587288,,
SMR,San Marino,2008,61572.7157847481,3.14,5.41110897,,
SMR,San Marino,2009,52873.2443236949,4.023,6.18409586,,
SMR,San Marino,2010,49672.6753589594,4.373,6.20853519,,
SMR,San Marino,2011,46450.0042070199,5.057,8.0707283,,
SMR,San Marino,2012,42082.5364542056,,8.98883724,,
SMR,San Marino,2013,42293.4679807917,,8.23800278,,
SMR,San Marino,2014,42492.831738275,,8.30091763,,
SMR,San Marino,2015,43146.8035302005,7.383,8.43315315,,79.6028749
SMR,San Marino,2016,43886.1965081114,6.445,8.4219532,,79.6220817
SMR,San Marino,2017,43057.7582484571,8.464,8.25972271,,79.6283194
SMR,San Marino,2018,42818.6755959614,8.402,8.2778492,,79.6625603
SMR,San Marino,2019,43525.4039798176,8.11,8.14801598,,79.695934
SMR,San Marino,2020,40506.8341853183,7.912,8.48147392,,79.6006175
SOM,"Somalia, Fed. Rep.",2006,284.47078986532,,,8.7,11.9006425
SOM,"Somalia, Fed. Rep.",2007,294.210404466601,,,8.4,11.9284513
SOM,"Somalia, Fed. Rep.",2008,304.741448811237,,,8.5,12.0506025
SOM,"Somalia, Fed. Rep.",2009,317.038184814662,,,8.5,14.1449704
SOM,"Somalia, Fed. Rep.",2010,329.970504936872,,,8.2,10.8098893
SOM,"Somalia, Fed. Rep.",2011,349.577449077711,,,8.1,10.6819243
SOM,"Somalia, Fed. Rep.",2012,369.617204753489,,,8.1,11.1874825
SOM,"Somalia, Fed. Rep.",2013,397.108796344814,,3.36953735,8.1,10.6955099
SOM,"Somalia, Fed. Rep.",2014,417.516796906402,,3.02053761,8.1,8.4537913
SOM,"Somalia, Fed. Rep.",2015,445.583080073396,,2.94074512,8.0,11.4613962
SOM,"Somalia, Fed. Rep.",2016,458.92147682461,,2.2842648,7.9,12.9063358
SOM,"Somalia, Fed. Rep.",2017,506.501098879426,,2.44348097,8.0,12.43294
SOM,"Somalia, Fed. Rep.",2018,498.981065013918,,2.50873256,8.0,11.8103814
SOM,"Somalia, Fed. Rep.",2019,494.444039712384,18.828,2.40617251,7.9,12.2348482
SOM,"Somalia, Fed. Rep.",2020,462.867053737278,,2.47010517,,13.6404214
SRB,Serbia,2006,5016.41289322251,20.851,8.28575706,19.5,44.758528
SRB,Serbia,2007,5431.27887426624,18.063,9.01782608,18.7,44.5485559
SRB,Serbia,2008,5735.94772695749,13.67,9.12807178,18.0,45.0068457
SRB,Serbia,2009,5578.0119741931,16.116,8.98933506,19.5,46.8141732
SRB,Serbia,2010,5690.70327182682,19.204,9.15153027,17.2,46.8152212
SRB,Serbia,2011,5737.00120175811,22.959,8.75940418,18.0,45.7020802
SRB,Serbia,2012,5739.3075023532,24.0,8.95716667,18.2,45.6508238
SRB,Serbia,2013,5793.33614525565,22.154,8.93188286,17.9,46.5369286
SRB,Serbia,2014,5716.54047153506,19.223,8.85966778,17.0,53.3985172
SRB,Serbia,2015,5820.3215576888,17.66,8.46289921,16.4,50.5063767
SRB,Serbia,2016,6024.95754653784,15.257,8.15184307,15.2,52.4828166
SRB,Serbia,2017,6200.26118592152,13.477,7.89965153,0.6,53.5512889
SRB,Serbia,2018,6524.08029755191,12.733,8.18469906,11.3,54.1095364
SRB,Serbia,2019,6870.75810896296,10.395,8.28762531,11.4,52.6343108
SRB,Serbia,2020,6850.96742168834,9.011,8.30643559,,52.2674644
SSD,South Sudan,2006,,,,3.9,
SSD,South Sudan,2007,,,,3.9,
SSD,South Sudan,2008,2289.18415375563,12.298,,3.8,
SSD,South Sudan,2009,2293.80166888543,,,3.7,
SSD,South Sudan,2010,2295.07026096006,,,3.7,
SSD,South Sudan,2011,2073.23981819145,,,3.6,20.6906617
SSD,South Sudan,2012,1069.19619080938,,,3.7,22.2859444
SSD,South Sudan,2013,1165.16202707495,,,3.6,19.1508295
SSD,South Sudan,2014,1197.09491969479,,,3.5,15.7557228
SSD,South Sudan,2015,1080.14718624765,,,3.6,12.8069807
SSD,South Sudan,2016,,,,3.7,11.4218237
SSD,South Sudan,2017,,,22.11322403,3.7,9.7648452
SSD,South Sudan,2018,,,11.69539356,3.8,10.9648523
SSD,South Sudan,2019,,,9.06570053,3.9,10.6087176
SSD,South Sudan,2020,,,9.35116673,,9.2813794
STP,Sao Tome and Principe,2006,1157.0861446542,16.65,7.10559654,1.5,31.5273604
STP,Sao Tome and Principe,2007,1170.51612474435,,7.00608587,1.6,34.1452741
STP,Sao Tome and Principe,2008,1214.14114724792,,5.97009039,1.6,36.1484885
STP,Sao Tome and Principe,2009,1225.60541902997,,5.75177002,1.5,36.2222552
STP,Sao Tome and Principe,2010,1216.3502521663,,5.80827904,1.5,35.4588946
STP,Sao Tome and Principe,2011,1214.96130276731,,5.65160036,1.4,36.8454691
STP,Sao Tome and Principe,2012,1225.6945255615,13.594,7.07299662,1.5,36.081041
STP,Sao Tome and Principe,2013,1263.70423995281,,8.94060898,1.5,34.9352711
STP,Sao Tome and Principe,2014,1301.32146445028,,7.91452122,1.5,37.0540723
STP,Sao Tome and Principe,2015,1298.10946596396,,6.53226852,1.5,38.5418684
STP,Sao Tome and Principe,2016,1342.533807689,,7.60211611,1.5,39.741267
STP,Sao Tome and Principe,2017,1375.59403284199,6.657,7.46631384,1.5,40.7292235
STP,Sao Tome and Principe,2018,1413.84348618541,,5.91960287,1.5,43.9278328
STP,Sao Tome and Principe,2019,1420.66008316091,,5.48078823,1.5,42.4090624
STP,Sao Tome and Principe,2020,1430.84119299096,,7.32044411,,41.8378146
SUR,Suriname,2006,7599.35696921481,,5.85598755,24.6,46.128017
SUR,Suriname,2007,7897.25648915828,,5.22148609,24.5,45.9498515
SUR,Suriname,2008,8129.11464659446,,4.74699593,24.5,48.3633016
SUR,Suriname,2009,8276.69079768793,8.711,4.97810316,24.4,49.9966031
SUR,Suriname,2010,8603.90786745855,7.154,4.6978569,25.5,50.0118122
SUR,Suriname,2011,9003.28597674886,7.545,4.40932178,24.3,49.2552668
SUR,Suriname,2012,9140.92898611536,8.1,4.28435707,25.2,51.3128816
SUR,Suriname,2013,9303.46008775809,6.602,4.48738098,25.1,51.1241716
SUR,Suriname,2014,9224.24378410547,6.945,4.52127838,24.7,50.0904536
SUR,Suriname,2015,8813.61705392067,7.222,5.80808163,24.8,50.072217
SUR,Suriname,2016,8293.31553031406,7.917,5.99283743,24.4,50.6703112
SUR,Suriname,2017,8338.69235401862,,5.32285929,24.5,48.86759
SUR,Suriname,2018,8666.64870697797,,6.60567093,25.5,48.8805183
SUR,Suriname,2019,8677.30522021731,,8.38353634,25.4,48.6264355
SUR,Suriname,2020,7213.10766669943,,6.03425598,,48.5825543
SVK,Slovak Republic,2006,12430.2015488557,13.395,6.8522706,14.5,64.9890003
SVK,Slovak Republic,2007,13770.9602691527,11.16,7.17538357,14.0,62.9013989
SVK,Slovak Republic,2008,14497.1114407172,9.514,6.95978355,12.7,63.7645112
SVK,Slovak Republic,2009,13680.7537106597,12.023,7.95280409,13.1,64.1709165
SVK,Slovak Republic,2010,14596.1477776887,14.387,7.67065239,13.6,60.3353716
SVK,Slovak Republic,2011,14950.8735178599,13.634,7.31452227,12.9,60.6032227
SVK,Slovak Republic,2012,15159.6570420004,13.966,7.52780581,12.6,61.430173
SVK,Slovak Republic,2013,15249.8824513785,14.226,7.48013163,12.3,60.4719231
SVK,Slovak Republic,2014,15647.6491763517,11.536,6.86543369,12.9,65.2069308
SVK,Slovak Republic,2015,16442.0760860018,11.492,6.74109745,12.4,63.8746246
SVK,Slovak Republic,2016,16740.7413996428,9.679,7.06081343,12.3,65.5394255
SVK,Slovak Republic,2017,17195.2888721963,8.142,6.73388767,12.3,62.4352091
SVK,Slovak Republic,2018,17869.0149173679,6.544,6.63677502,12.2,61.6389123
SVK,Slovak Republic,2019,18250.9802475637,5.761,6.91102982,12.1,59.8649255
SVK,Slovak Republic,2020,17763.8563847352,6.719,7.06027794,,64.9044752
SVN,Slovenia,2006,20166.5323431214,5.95,7.8671999,27.9,66.6016329
SVN,Slovenia,2007,21485.780992381,4.818,7.54076052,22.9,66.0814587
SVN,Slovenia,2008,22175.2369557321,4.371,7.89287567,20.6,70.4420524
SVN,Slovenia,2009,20307.6188322273,5.858,8.6420126,22.5,70.9491602
SVN,Slovenia,2010,20444.1201295876,7.236,8.63941956,20.7,66.7615716
SVN,Slovenia,2011,20535.4155754108,8.166,8.60054302,21.6,67.4058609
SVN,Slovenia,2012,19894.8697964548,8.841,8.79263687,22.0,68.0873096
SVN,Slovenia,2013,19704.2186005128,10.103,8.84043884,22.2,67.4943545
SVN,Slovenia,2014,20228.7081986391,9.668,8.58487225,19.6,71.3685561
SVN,Slovenia,2015,20697.2748530619,8.962,8.57742882,21.0,71.2158233
SVN,Slovenia,2016,21309.7122138949,8.0,8.5691185,19.0,74.67346
SVN,Slovenia,2017,22397.7634988337,6.564,8.2588892,20.9,75.4494767
SVN,Slovenia,2018,23293.966665323,5.108,8.35228634,17.8,76.6205375
SVN,Slovenia,2019,23943.1800949889,4.446,8.56564522,19.8,76.0758989
SVN,Slovenia,2020,22811.8050540778,4.971,9.48984432,,77.9872169
SWE,Sweden,2006,48078.3520110084,7.066,8.0421772,15.0,86.7097829
SWE,Sweden,2007,49262.152916545,6.161,7.9882226,14.5,89.7790914
SWE,Sweden,2008,48428.6587081751,6.235,8.22603607,15.0,89.7862352
SWE,Sweden,2009,45974.3911151254,8.351,8.77742958,15.7,91.4146193
SWE,Sweden,2010,48205.5492512742,8.61,8.32384682,14.7,89.1761479
SWE,Sweden,2011,49356.5905257047,7.804,10.50179005,14.2,89.9131035
SWE,Sweden,2012,48789.7906883637,7.976,10.834198,15.0,90.2247989
SWE,Sweden,2013,48928.4994141291,8.052,10.9872179,15.9,89.1206664
SWE,Sweden,2014,49557.6183647959,7.954,11.07212639,14.8,88.6060706
SWE,Sweden,2015,51188.1652120493,7.432,10.93069172,15.7,86.9421622
SWE,Sweden,2016,51626.3235312369,6.99,10.95692444,14.6,86.5662432
SWE,Sweden,2017,51894.3748177808,6.718,10.94730949,15.0,87.8289379
SWE,Sweden,2018,52203.0872589761,6.365,11.09132671,14.9,88.642499
SWE,Sweden,2019,53024.4099494317,6.833,10.93444347,14.7,88.1363537
SWE,Sweden,2020,51624.5811789573,8.291,11.42458725,,89.8547462
SWZ,Eswatini,2006,2823.48728215402,,7.82560062,47.3,40.4325116
SWZ,Eswatini,2007,2928.46845823015,28.242,7.93004131,53.9,39.858985
SWZ,Eswatini,2008,2950.67334362132,,8.85792923,55.0,45.2204965
SWZ,Eswatini,2009,2973.83456912379,,8.63292217,54.2,43.5921765
SWZ,Eswatini,2010,3069.52175725884,,8.5912571,50.4,46.3681273
SWZ,Eswatini,2011,3108.70225253092,,8.46997261,47.0,44.451888
SWZ,Eswatini,2012,3218.50138205493,,7.82047606,47.6,47.7003071
SWZ,Eswatini,2013,3332.11983927912,,7.45703411,44.6,47.3037114
SWZ,Eswatini,2014,3381.79292071291,,7.25596571,39.2,46.0111935
SWZ,Eswatini,2015,3419.82276559528,,7.05855274,35.1,45.7013588
SWZ,Eswatini,2016,3500.17688847942,22.718,6.82044792,32.8,46.5114453
SWZ,Eswatini,2017,3596.23605400492,,6.98103714,30.4,45.7502683
SWZ,Eswatini,2018,3565.54285067501,,7.31937742,28.5,42.5740624
SWZ,Eswatini,2019,3759.67106964666,,8.40033817,29.4,41.6919027
SWZ,Eswatini,2020,3609.3669136859,,7.0983777,,39.2160684
SXM,Sint Maarten (Dutch part),2006,,,,,
SXM,Sint Maarten (Dutch part),2007,,,,,
SXM,Sint Maarten (Dutch part),2008,,,,,
SXM,Sint Maarten (Dutch part),2009,37548.9474627441,,,,
SXM,Sint Maarten (Dutch part),2010,38403.0705201664,,,,
SXM,Sint Maarten (Dutch part),2011,39615.1371367338,,,,
SXM,Sint Maarten (Dutch part),2012,39298.9873567827,,,,
SXM,Sint Maarten (Dutch part),2013,38889.7715088035,,,,
SXM,Sint Maarten (Dutch part),2014,38623.1999405819,,,,
SXM,Sint Maarten (Dutch part),2015,37839.6283815163,,,,
SXM,Sint Maarten (Dutch part),2016,37428.7027557069,,,,
SXM,Sint Maarten (Dutch part),2017,33945.4185182499,,,,
SXM,Sint Maarten (Dutch part),2018,31047.7241050626,,,,
SXM,Sint Maarten (Dutch part),2019,33877.976645467,,,,
SXM,Sint Maarten (Dutch part),2020,28920.3773007159,,,,
SYC,Seychelles,2006,12105.4475265558,,4.33191252,8.1,57.882946
SYC,Seychelles,2007,13112.8210098816,,3.79315019,7.6,57.9276867
SYC,Seychelles,2008,12473.2921769121,,3.51518679,7.8,57.9625848
SYC,Seychelles,2009,12116.3783687977,,3.43580508,7.5,62.9735071
SYC,Seychelles,2010,12313.5566919249,,4.40148449,7.8,62.9966319
SYC,Seychelles,2011,13843.7116081878,4.114,4.35539675,7.9,62.9830269
SYC,Seychelles,2012,14135.0010570653,,5.2896843,7.7,65.153802
SYC,Seychelles,2013,14050.3135581314,,4.19129515,7.7,63.7929812
SYC,Seychelles,2014,14395.6158118771,3.841,4.43609142,7.9,62.4827984
SYC,Seychelles,2015,15333.1051727105,4.151,4.24428654,8.0,64.1264286
SYC,Seychelles,2016,16962.6753972731,3.965,4.71349716,8.0,67.1504773
SYC,Seychelles,2017,17921.5731976918,3.715,4.47661018,8.3,63.3720998
SYC,Seychelles,2018,18628.1862276696,3.528,4.41706038,8.2,63.9890235
SYC,Seychelles,2019,19481.6461053742,2.966,4.25269794,8.1,62.2651148
SYC,Seychelles,2020,17048.361729788,4.311,5.83709192,,60.9952394
SYR,Syrian Arab Republic,2006,1420.72014052107,8.168,3.79620314,1.4,31.4629424
SYR,Syrian Arab Republic,2007,1411.68909698729,8.422,3.73920178,1.4,32.6819813
SYR,Syrian Arab Republic,2008,1423.59407304833,10.94,3.41378117,1.4,36.2838694
SYR,Syrian Arab Republic,2009,1484.40718049155,8.141,3.57431221,1.4,37.442941
SYR,Syrian Arab Republic,2010,1526.36518590261,8.613,3.35286307,1.5,37.8431962
SYR,Syrian Arab Republic,2011,1542.71903961106,14.896,2.6616261,1.5,37.9439512
SYR,Syrian Arab Republic,2012,1142.29215064994,,3.22060776,1.6,33.2996984
SYR,Syrian Arab Republic,2013,884.328816905262,,3.77518535,1.8,29.2645568
SYR,Syrian Arab Republic,2014,847.658909813856,,4.23171377,1.8,31.5785352
SYR,Syrian Arab Republic,2015,847.731545352582,,3.67464328,1.7,27.1159673
SYR,Syrian Arab Republic,2016,802.968607901263,,3.89073515,1.6,22.7390037
SYR,Syrian Arab Republic,2017,795.881817153216,,3.91299295,1.8,22.7411231
SYR,Syrian Arab Republic,2018,792.412864720441,,3.93852568,1.9,22.7527564
SYR,Syrian Arab Republic,2019,771.517948289192,,3.96978569,2.0,20.4407322
SYR,Syrian Arab Republic,2020,753.135305709477,,3.67009115,,22.6938196
TCA,Turks and Caicos Islands,2006,,7.447,,,
TCA,Turks and Caicos Islands,2007,37466.1822614725,5.427,,,
TCA,Turks and Caicos Islands,2008,38854.1075698814,8.299,,,
TCA,Turks and Caicos Islands,2009,29988.5997375172,,,,
TCA,Turks and Caicos Islands,2010,29111.8729223189,,,,
TCA,Turks and Caicos Islands,2011,29363.9475927366,,,,
TCA,Turks and Caicos Islands,2012,27441.3335987017,,,,
TCA,Turks and Caicos Islands,2013,26477.5410719582,,,,
TCA,Turks and Caicos Islands,2014,27636.8210228067,,,,
TCA,Turks and Caicos Islands,2015,29457.0140691162,,,,
TCA,Turks and Caicos Islands,2016,30183.0002949881,,,,
TCA,Turks and Caicos Islands,2017,50586.1032335151,,,,
TCA,Turks and Caicos Islands,2018,51863.1830309332,,,,
TCA,Turks and Caicos Islands,2019,52419.8862128617,,,,
TCA,Turks and Caicos Islands,2020,33739.4253991739,,,,
TCD,Chad,2006,914.21066458867,,3.73417258,7.5,23.1770074
TCD,Chad,2007,920.35281567764,,3.47199655,7.7,23.4350801
TCD,Chad,2008,916.08727463451,,3.16359782,7.5,22.5195196
TCD,Chad,2009,871.485311278207,,3.36260128,7.6,25.3601664
TCD,Chad,2010,956.953018707396,,3.08810997,7.7,26.123387
TCD,Chad,2011,965.286963559567,,2.85585785,7.7,27.3543374
TCD,Chad,2012,1016.42152061942,,2.67306423,7.6,25.7021537
TCD,Chad,2013,1008.61711428961,,2.95766044,7.4,26.9706388
TCD,Chad,2014,993.321157706456,,3.29708338,7.1,27.0068202
TCD,Chad,2015,993.990730610869,,3.40253925,6.8,27.3784654
TCD,Chad,2016,923.565872051196,,3.70842481,6.7,28.2551905
TCD,Chad,2017,879.075895464417,,3.51023412,6.7,29.9436956
TCD,Chad,2018,898.834794005046,1.135,3.2893219,6.6,28.4343341
TCD,Chad,2019,917.203710060136,,3.38471627,6.4,26.7968754
TCD,Chad,2020,884.980541934939,,4.35215092,,27.4402352
TGO,Togo,2006,678.890227390526,4.229,4.30967808,11.0,20.6076396
TGO,Togo,2007,650.046681355874,,3.67734432,10.9,21.136725
TGO,Togo,2008,654.896723036341,,3.74071932,10.8,22.1588505
TGO,Togo,2009,668.669623161752,,3.92726755,10.5,23.200593
TGO,Togo,2010,686.014185396121,10.624,4.33284378,10.4,24.9789334
TGO,Togo,2011,706.442158827353,1.982,4.38927078,10.4,25.015037
TGO,Togo,2012,733.683602929868,,4.64366484,10.4,27.5056274
TGO,Togo,2013,759.841612443554,,4.78670263,10.3,26.8797516
TGO,Togo,2014,786.587399651446,,4.90473413,10.1,30.1819081
TGO,Togo,2015,813.894676975085,2.204,6.24738503,9.7,30.1761041
TGO,Togo,2016,832.959515987733,,6.58550072,9.3,32.7136809
TGO,Togo,2017,851.735728621337,3.744,6.50210476,9.0,32.2214828
TGO,Togo,2018,876.562800915869,,6.16073656,8.7,33.052911
TGO,Togo,2019,900.166602437871,2.036,5.91268635,8.8,35.1629664
TGO,Togo,2020,899.748802355348,,6.18928432,,34.1733493
THA,Thailand,2006,4551.5250018314,1.22,3.09970832,8.9,54.6647876
THA,Thailand,2007,4760.66708464831,1.176,3.19277525,8.4,54.2776202
THA,Thailand,2008,4805.76393990836,1.176,3.45933938,8.1,53.3669421
THA,Thailand,2009,4737.45679763314,1.489,3.61939645,8.0,55.9956569
THA,Thailand,2010,5059.35747831657,0.622,3.39009809,8.1,54.0252135
THA,Thailand,2011,5070.23740191942,0.662,3.56825495,8.0,53.713907
THA,Thailand,2012,5403.87846036273,0.579,3.5229404,7.9,54.8456403
THA,Thailand,2013,5516.61164164135,0.249,3.45313334,7.5,54.254093
THA,Thailand,2014,5541.46599361845,0.576,3.68448091,7.8,53.8461108
THA,Thailand,2015,5688.85335397884,0.597,3.8522861,8.0,52.6510813
THA,Thailand,2016,5857.78052935926,0.688,3.93900609,8.5,53.1751287
THA,Thailand,2017,6076.74307700082,0.83,3.85276842,8.4,54.3886359
THA,Thailand,2018,6314.19948412043,0.765,3.87040329,8.8,54.7516616
THA,Thailand,2019,6434.53770518034,0.716,3.78911877,8.8,54.0667732
THA,Thailand,2020,6032.42244606793,1.099,4.35724688,,53.6186352
TJK,Tajikistan,2006,649.163328755334,2.197,5.03254795,3.6,25.9786107
TJK,Tajikistan,2007,686.48090192413,2.317,5.54050112,3.7,27.4868211
TJK,Tajikistan,2008,726.185491338269,2.436,5.91206694,3.8,27.3750725
TJK,Tajikistan,2009,739.212878526331,11.498,5.85579777,3.9,27.9737947
TJK,Tajikistan,2010,770.604105393791,,5.73543453,4.0,31.2450663
TJK,Tajikistan,2011,809.368229154093,,5.85971785,4.0,30.5650798
TJK,Tajikistan,2012,849.519080831738,,5.98185873,4.1,31.9722727
TJK,Tajikistan,2013,889.882383099979,,6.53226423,4.0,31.7987912
TJK,Tajikistan,2014,925.970961482804,,6.6654973,4.1,37.6333349
TJK,Tajikistan,2015,956.916310930656,,6.90735912,4.1,37.0338583
TJK,Tajikistan,2016,997.352614556708,0.081,6.96349716,4.3,36.1671178
TJK,Tajikistan,2017,1042.26391757642,,6.85399008,4.2,37.7511074
TJK,Tajikistan,2018,1094.8002018221,,7.01381588,4.2,37.9433582
TJK,Tajikistan,2019,1148.34676712493,,6.9476676,4.3,36.2561403
TJK,Tajikistan,2020,1171.90127480359,,8.8903532,,36.4857236
TKM,Turkmenistan,2006,2858.53224143565,,4.92075682,15.1,22.6330726
TKM,Turkmenistan,2007,3115.9792751828,,3.09328628,13.2,22.6757231
TKM,Turkmenistan,2008,3506.50453694834,,3.45380449,11.4,23.0171445
TKM,Turkmenistan,2009,3647.67813083756,,2.81471276,9.4,23.1333012
TKM,Turkmenistan,2010,3902.54200118683,4.0,3.20879436,8.5,18.0588494
TKM,Turkmenistan,2011,4383.14380872567,,3.22296,7.6,18.0458803
TKM,Turkmenistan,2012,4762.66047536389,,3.34203553,7.1,25.6650331
TKM,Turkmenistan,2013,5131.14087328544,,3.96929264,7.1,25.2718284
TKM,Turkmenistan,2014,5535.50161297771,,4.25741673,6.8,39.5058232
TKM,Turkmenistan,2015,5759.497903834,,5.01652908,6.3,39.4451462
TKM,Turkmenistan,2016,5979.47627661058,,5.58718491,6.2,35.8218153
TKM,Turkmenistan,2017,6221.41962759021,,5.82361221,5.8,34.0677197
TKM,Turkmenistan,2018,6460.13015920839,,5.55298042,5.7,33.4162634
TKM,Turkmenistan,2019,6719.32320157703,,5.5522337,5.7,35.3619409
TKM,Turkmenistan,2020,6964.38162887016,,5.57226086,,32.1555481
TLS,Timor-Leste,2006,897.573763670928,,6.00192022,2.7,27.8726197
TLS,Timor-Leste,2007,961.848462090269,5.646,5.64793253,2.6,27.9486536
TLS,Timor-Leste,2008,1042.86835443002,,6.96563959,2.4,28.7574217
TLS,Timor-Leste,2009,1120.09698448398,,7.30931807,3.1,28.202225
TLS,Timor-Leste,2010,1195.38067803197,3.301,6.47058821,3.0,25.6604677
TLS,Timor-Leste,2011,1237.48383284275,,6.86541462,3.2,26.6497794
TLS,Timor-Leste,2012,1269.41629276068,,6.99215221,3.3,26.8889797
TLS,Timor-Leste,2013,1281.92864092574,4.05,8.5323782,3.3,25.4567391
TLS,Timor-Leste,2014,1312.96494079465,,7.59958553,3.4,32.1105002
TLS,Timor-Leste,2015,1319.59297370991,3.678,7.69146681,3.5,32.090957
TLS,Timor-Leste,2016,1333.6585468432,4.657,6.94250727,3.6,32.0977508
TLS,Timor-Leste,2017,1267.08660142883,,6.80442286,3.6,32.0999557
TLS,Timor-Leste,2018,1237.20064730412,,6.40227413,3.6,32.3196926
TLS,Timor-Leste,2019,1507.24748294374,,4.99218798,3.7,37.3865145
TLS,Timor-Leste,2020,1947.83997138866,,7.26445007,,37.347539
TON,Tonga,2006,3775.24848570829,1.087,5.47225046,4.0,38.7718231
TON,Tonga,2007,3665.89549972281,,4.73330021,4.0,41.7538611
TON,Tonga,2008,3833.60169058266,,6.05759716,3.9,43.7825918
TON,Tonga,2009,3630.76096995072,,3.97380877,4.3,45.6569215
TON,Tonga,2010,3653.97817265087,,4.81632328,4.6,46.247205
TON,Tonga,2011,3892.76807750666,,4.73990822,4.5,45.2222601
TON,Tonga,2012,3932.59367180675,,8.13786125,4.5,45.2261411
TON,Tonga,2013,3962.16980948788,,4.16768837,4.6,45.2304733
TON,Tonga,2014,4058.81584447473,,5.19583178,4.6,49.0008574
TON,Tonga,2015,4123.90347238813,,4.78137636,4.6,48.9254515
TON,Tonga,2016,4419.8147470039,1.054,5.22591066,4.1,48.9366863
TON,Tonga,2017,4568.62484962494,,5.62952805,4.2,52.8548488
TON,Tonga,2018,4583.55968565688,2.248,6.12240648,4.0,55.3405159
TON,Tonga,2019,4566.07508700721,,5.74527884,3.8,55.3600358
TON,Tonga,2020,4647.0077529158,,5.55919838,,52.7072979
TTO,Trinidad and Tobago,2006,17021.2241679562,6.268,4.15431976,11.3,52.8173043
TTO,Trinidad and Tobago,2007,17758.6995224652,5.544,4.1536026,11.2,53.8682711
TTO,Trinidad and Tobago,2008,18285.2735441992,4.627,3.6575706,13.7,53.4371641
TTO,Trinidad and Tobago,2009,17461.9640940055,5.28,5.48676443,11.2,56.1723642
TTO,Trinidad and Tobago,2010,17938.0949459463,4.033,5.08042908,11.3,56.1182631
TTO,Trinidad and Tobago,2011,17746.509252615,3.425,4.72197914,9.9,56.9835726
TTO,Trinidad and Tobago,2012,18835.6674122954,3.718,4.62851572,9.5,57.79999
TTO,Trinidad and Tobago,2013,19392.1974593783,2.683,4.80224705,10.9,57.0339306
TTO,Trinidad and Tobago,2014,20032.5402001718,2.477,4.87381697,10.5,57.7974837
TTO,Trinidad and Tobago,2015,19887.2327716498,2.428,5.6525383,10.2,57.4099527
TTO,Trinidad and Tobago,2016,18331.034459758,3.207,6.47465849,9.8,57.4444133
TTO,Trinidad and Tobago,2017,17402.6155328454,,6.56562996,9.5,57.7224862
TTO,Trinidad and Tobago,2018,17205.615135339,,6.65089417,9.0,58.5127067
TTO,Trinidad and Tobago,2019,17225.361633712,3.523,6.90704823,8.7,56.9038346
TTO,Trinidad and Tobago,2020,15679.9611486825,4.206,7.47677326,,58.0585352
TUN,Tunisia,2006,3444.5513526091,12.51,5.13109922,3.7,61.507041
TUN,Tunisia,2007,3642.11977444786,12.365,5.17542839,3.6,62.5005624
TUN,Tunisia,2008,3760.11828478704,12.444,5.1644063,3.5,61.4693002
TUN,Tunisia,2009,3835.25011939301,13.29,5.40595293,3.5,61.9131372
TUN,Tunisia,2010,3906.90625867605,13.049,5.60950756,3.5,58.1843458
TUN,Tunisia,2011,3784.7412903401,18.334,6.12299299,3.4,54.12445
TUN,Tunisia,2012,3900.04620132702,17.63,6.28984737,3.4,53.9023545
TUN,Tunisia,2013,3947.58763533174,15.934,6.51394987,3.3,50.1357795
TUN,Tunisia,2014,4021.59954703591,14.259,6.45006084,3.2,51.1111655
TUN,Tunisia,2015,4014.94773686432,15.159,6.21339941,3.1,51.0695475
TUN,Tunisia,2016,4015.28893802703,15.557,6.24778175,3.1,50.2261845
TUN,Tunisia,2017,4062.80606534519,15.33,6.18557453,3.1,52.3589057
TUN,Tunisia,2018,4127.97005697994,15.459,5.9375186,3.2,53.3457442
TUN,Tunisia,2019,4153.27978615515,17.153,6.02461243,3.3,52.4136018
TUN,Tunisia,2020,3749.26841452928,,7.05612612,,50.7034788
TUR,Turkiye,2006,8078.5153787571,10.233,5.14591694,2.7,52.8800113
TUR,Turkiye,2007,8477.53328393352,10.281,5.23760796,2.5,55.0674616
TUR,Turkiye,2008,8447.93976396947,10.97,5.21761751,2.4,53.8712791
TUR,Turkiye,2009,7925.30110421185,14.024,5.49438715,2.4,55.8382459
TUR,Turkiye,2010,8472.57809050119,11.881,5.02053452,2.4,56.4736084
TUR,Turkiye,2011,9265.85910238578,9.784,4.6530509,2.2,57.6042976
TUR,Turkiye,2012,9588.32066531438,9.21,4.44444656,2.2,58.8220358
TUR,Turkiye,2013,10269.4489140773,9.717,4.37099934,2.3,57.1877853
TUR,Turkiye,2014,10597.9801881716,9.912,4.32517862,2.3,60.6603143
TUR,Turkiye,2015,11064.6494504662,10.302,4.11690426,2.3,57.8182771
TUR,Turkiye,2016,11279.6169531569,10.905,4.28469229,2.3,55.4087042
TUR,Turkiye,2017,12005.6459824832,10.916,4.17974997,2.3,56.9298118
TUR,Turkiye,2018,12255.0082146169,10.958,4.12101603,2.3,52.2695935
TUR,Turkiye,2019,12238.2950220128,13.731,4.35954332,2.4,55.4219261
TUR,Turkiye,2020,12338.643833135,13.155,4.61640215,,52.7193901
TUV,Tuvalu,2006,2890.2979042629,,12.17554379,,43.4505327
TUV,Tuvalu,2007,3051.64998981595,,10.45884991,,43.01333
TUV,Tuvalu,2008,3208.62150790145,,10.33977222,,43.0776314
TUV,Tuvalu,2009,2987.77161613649,,13.0113821,,43.8218026
TUV,Tuvalu,2010,2872.02011343345,5.525,16.21352577,,44.3840537
TUV,Tuvalu,2011,3040.4474312404,,14.74390411,,44.3589884
TUV,Tuvalu,2012,2912.10912265748,,13.87374306,,40.0558596
TUV,Tuvalu,2013,3004.5049231989,,13.80392075,,40.0610978
TUV,Tuvalu,2014,3059.3244224989,,14.52762222,,35.5412284
TUV,Tuvalu,2015,3352.66722400181,,13.44188595,,32.1469889
TUV,Tuvalu,2016,3523.41345550387,8.489,18.32539177,,32.1605666
TUV,Tuvalu,2017,3658.98029250415,26.553,24.45763206,,36.8966943
TUV,Tuvalu,2018,3750.43562817208,,18.42199898,,40.2760767
TUV,Tuvalu,2019,4323.09703196938,,22.22294044,,40.299672
TUV,Tuvalu,2020,4265.46279289261,,17.88715363,,40.2322829
TZA,Tanzania,2006,704.502746582031,3.299,7.598279,5.3,43.0774642
TZA,Tanzania,2007,731.52001953125,,6.88427973,5.4,43.3780959
TZA,Tanzania,2008,752.540466308594,0.343,5.55704737,5.8,41.2982177
TZA,Tanzania,2009,772.929565429688,2.5,5.06306362,5.5,42.385049
TZA,Tanzania,2010,801.29931640625,1.314,5.22392178,5.0,42.533823
TZA,Tanzania,2011,838.999267578125,3.474,5.0559845,4.8,41.7713471
TZA,Tanzania,2012,851.910705566406,1.437,5.01779366,4.3,39.6484529
TZA,Tanzania,2013,882.8115234375,2.935,4.64643383,4.4,40.2125686
TZA,Tanzania,2014,913.811218261719,2.125,4.01492071,4.2,41.9613677
TZA,Tanzania,2015,939.127319335938,,3.64969945,4.2,43.8155825
TZA,Tanzania,2016,970.156127929688,,3.96350336,4.2,44.5046552
TZA,Tanzania,2017,1001.55895996094,,4.02325726,4.2,44.388308
TZA,Tanzania,2018,1024.01525878906,,4.32775831,4.2,42.2802282
TZA,Tanzania,2019,1051.7666015625,,4.02347755,4.3,41.426521
TZA,Tanzania,2020,1041.25964355469,1.792,3.05028677,,41.8444761
UGA,Uganda,2006,650.270540867444,,6.463305,9.4,41.368014
UGA,Uganda,2007,684.542241787248,,6.11309004,8.0,42.5877704
UGA,Uganda,2008,722.565167003452,,5.45474958,7.1,40.9403603
UGA,Uganda,2009,749.342865535423,3.6,5.78845549,6.8,41.9060844
UGA,Uganda,2010,768.624091660131,1.401,6.80890226,6.3,42.6276598
UGA,Uganda,2011,816.516366587228,0.881,6.6959095,6.3,42.0579617
UGA,Uganda,2012,823.580468285493,3.551,6.10853958,5.7,41.3771021
UGA,Uganda,2013,828.988669729986,1.914,5.78252411,5.2,42.0634196
UGA,Uganda,2014,845.978664791099,1.566,5.33653069,4.8,45.3640692
UGA,Uganda,2015,862.934610355811,,4.99643135,4.7,45.4117071
UGA,Uganda,2016,874.648370639216,,5.01553297,4.7,43.9804114
UGA,Uganda,2017,871.093880017151,3.428,3.99852037,4.4,44.2525868
UGA,Uganda,2018,895.07512785438,,4.02153397,4.4,41.6890095
UGA,Uganda,2019,920.939101515671,2.563,3.79341364,4.6,41.2885677
UGA,Uganda,2020,917.0350317644,,5.23865509,,40.1302213
UKR,Ukraine,2006,2298.13232421875,6.81,6.4171896,30.8,34.3093972
UKR,Ukraine,2007,2498.35205078125,6.351,6.01776791,31.5,35.8757316
UKR,Ukraine,2008,2567.69409179688,6.363,5.49754429,30.9,35.2942427
UKR,Ukraine,2009,2188.17016601563,8.84,6.60991716,26.3,35.421496
UKR,Ukraine,2010,2285.93383789063,8.1,6.81387615,24.5,35.5721055
UKR,Ukraine,2011,2418.12084960938,7.856,6.81669855,23.0,35.2979254
UKR,Ukraine,2012,2426.92944335938,7.529,7.11789227,23.1,37.8091089
UKR,Ukraine,2013,2432.41625976563,7.17,6.94358015,22.6,36.9490299
UKR,Ukraine,2014,2308.6435546875,9.27,7.19506168,24.4,41.2156954
UKR,Ukraine,2015,2094.47387695313,9.14,7.78352833,21.6,40.5690047
UKR,Ukraine,2016,2156.0830078125,9.35,7.55205393,21.4,41.3103761
UKR,Ukraine,2017,2217.7529296875,9.5,7.44610357,20.6,41.9349724
UKR,Ukraine,2018,2308.6669921875,8.799,7.52051353,21.9,44.2785291
UKR,Ukraine,2019,2398.07836914063,8.194,7.09389353,21.6,44.0890082
UKR,Ukraine,2020,2324.107421875,9.475,7.56217051,,43.8988087
URY,Uruguay,2006,11574.470540231,10.844,7.70998907,15.5,61.9172924
URY,Uruguay,2007,12310.482735502,9.403,7.46167231,17.4,62.2393067
URY,Uruguay,2008,13165.83628166,8.025,8.09081745,15.1,63.5760753
URY,Uruguay,2009,13691.71420689,7.74,7.91611385,15.0,64.1374281
URY,Uruguay,2010,14722.3780081191,7.158,7.87757301,16.0,64.1740801
URY,Uruguay,2011,15443.9961926395,6.307,7.91521358,16.8,62.9792159
URY,Uruguay,2012,15949.3176985435,6.451,8.03330803,17.8,60.8927014
URY,Uruguay,2013,16639.4054750651,6.444,8.0844841,15.8,60.7534181
URY,Uruguay,2014,17122.0364563225,6.547,8.038908,17.4,64.3057238
URY,Uruguay,2015,17125.9016800298,7.488,8.25703716,18.6,63.6979874
URY,Uruguay,2016,17357.2349992841,7.841,8.63852501,21.1,62.8174455
URY,Uruguay,2017,17611.6036800874,7.89,8.71702194,20.8,60.8641479
URY,Uruguay,2018,17608.94412947,8.336,8.9001112,21.2,61.8662013
URY,Uruguay,2019,17758.4384273402,8.836,9.240695,21.2,64.7176785
URY,Uruguay,2020,16443.363490131,10.413,9.08774948,,66.2962276
USA,United States,2006,53596.315236412,4.623,14.70878792,12.1,81.4716942
USA,United States,2007,54152.8292673551,4.622,14.91832542,12.4,81.4203931
USA,United States,2008,53703.962897927,5.784,15.20723629,12.7,80.7495938
USA,United States,2009,51863.6183416558,9.254,16.20067596,12.8,79.0823119
USA,United States,2010,52812.6829869279,9.633,16.19722366,13.1,79.1364129
USA,United States,2011,53215.5362314388,8.949,16.14000511,13.4,79.6872017
USA,United States,2012,54000.8410778217,8.069,16.11975479,13.5,81.0674724
USA,United States,2013,54728.860179812,7.375,15.95227051,13.5,81.5277163
USA,United States,2014,55665.2411187802,6.168,16.1415844,14.0,82.4573621
USA,United States,2015,56849.4697923159,5.28,16.40155411,14.4,81.921098
USA,United States,2016,57430.8499298804,4.869,16.69203949,15.1,82.2968867
USA,United States,2017,58435.9707535619,4.355,16.63827515,15.9,82.4298488
USA,United States,2018,59817.6556798612,3.896,16.51312637,15.7,83.2803088
USA,United States,2019,61047.9648238812,3.669,16.54486084,16.1,81.4636929
USA,United States,2020,59533.609024416,8.055,18.51597404,,78.6145996
UZB,Uzbekistan,2006,1807.87328626177,0.2,4.75141335,8.8,24.5895494
UZB,Uzbekistan,2007,1951.57878907892,4.99,4.54267979,8.6,28.6967992
UZB,Uzbekistan,2008,2095.38214534409,4.89,4.70447445,8.5,31.676325
UZB,Uzbekistan,2009,2228.0552685669,5.0,4.79649639,8.0,33.0626836
UZB,Uzbekistan,2010,2359.64199067641,5.4,5.29938841,8.1,28.9990778
UZB,Uzbekistan,2011,2512.68783806993,5.0,5.26245499,8.5,29.5025944
UZB,Uzbekistan,2012,2657.09909084172,4.9,5.54822111,8.9,29.0640209
UZB,Uzbekistan,2013,2823.00205379328,4.9,5.71896601,8.9,29.7826135
UZB,Uzbekistan,2014,2990.56339751192,5.1,4.43092394,9.0,38.1999687
UZB,Uzbekistan,2015,3172.89899391083,5.2,4.73596573,9.2,39.3387622
UZB,Uzbekistan,2016,3327.90932206401,5.2,4.71504498,9.1,39.7336021
UZB,Uzbekistan,2017,3425.78819696408,5.8,4.30888557,8.8,41.2569478
UZB,Uzbekistan,2018,3559.85436594803,9.3,4.55261564,8.6,40.8414796
UZB,Uzbekistan,2019,3733.50435754861,9.0,4.83520985,8.0,41.6021647
UZB,Uzbekistan,2020,3723.82133264406,5.293,6.08597755,,38.5718239
VCT,St. Vincent and the Grenadines,2006,6707.27875985734,,3.6556716,6.2,65.9666184
VCT,St. Vincent and the Grenadines,2007,6960.17151500732,,3.82213306,8.4,67.1925406
VCT,St. Vincent and the Grenadines,2008,7019.9950843874,18.792,3.8878386,4.2,67.2332738
VCT,St. Vincent and the Grenadines,2009,6955.82358345268,,4.09299564,2.6,67.375501
VCT,St. Vincent and the Grenadines,2010,6678.04200697308,,4.30325222,3.0,70.6521645
VCT,St. Vincent and the Grenadines,2011,6674.58198966102,,4.23327732,5.6,70.6328469
VCT,St. Vincent and the Grenadines,2012,6790.68325958275,,4.46855974,5.4,70.6377117
VCT,St. Vincent and the Grenadines,2013,6996.57386151332,,4.23780632,3.9,70.6431464
VCT,St. Vincent and the Grenadines,2014,7116.22071347207,,4.17431307,1.4,57.1647519
VCT,St. Vincent and the Grenadines,2015,7353.73556054184,,4.11605787,3.3,57.1242325
VCT,St. Vincent and the Grenadines,2016,7702.8942635647,,4.09760141,0.7,62.0464279
VCT,St. Vincent and the Grenadines,2017,7872.92690537077,,4.23171329,0.0,62.0510011
VCT,St. Vincent and the Grenadines,2018,8179.99598957084,,4.25346231,1.0,62.0761111
VCT,St. Vincent and the Grenadines,2019,8294.67434486665,,4.26063251,1.0,62.1005873
VCT,St. Vincent and the Grenadines,2020,7989.74651933597,,4.87071276,,57.1225759
VEN,"Venezuela, RB",2006,4190.56607050126,8.606,,3.9,31.9282164
VEN,"Venezuela, RB",2007,4489.56571662594,7.279,,3.7,33.8382725
VEN,"Venezuela, RB",2008,4655.65136715099,6.245,,3.5,33.2611837
VEN,"Venezuela, RB",2009,4451.37446074164,6.097,,3.2,35.0905296
VEN,"Venezuela, RB",2010,4323.73301534677,7.112,,3.4,30.9776838
VEN,"Venezuela, RB",2011,4444.55159079494,6.902,,3.6,30.0219247
VEN,"Venezuela, RB",2012,4638.41209800487,6.601,,3.2,33.3372857
VEN,"Venezuela, RB",2013,4642.55149314778,,,2.5,32.8062364
VEN,"Venezuela, RB",2014,4412.9795921313,,,2.1,31.7491156
VEN,"Venezuela, RB",2015,4096.61989137473,,,2.3,31.5085445
VEN,"Venezuela, RB",2016,3374.43091608185,5.319,,2.2,30.4424425
VEN,"Venezuela, RB",2017,2863.33227846365,5.045,,2.2,28.1577973
VEN,"Venezuela, RB",2018,2359.38238345005,,2.41691327,2.2,20.3087248
VEN,"Venezuela, RB",2019,1759.05547364548,,2.18563724,2.1,20.2793254
VEN,"Venezuela, RB",2020,1255.86457068119,7.526,4.11615133,,20.9661193
VGB,British Virgin Islands,2006,,,,,
VGB,British Virgin Islands,2007,,,,,
VGB,British Virgin Islands,2008,,,,,
VGB,British Virgin Islands,2009,,,,,
VGB,British Virgin Islands,2010,,,,,
VGB,British Virgin Islands,2011,,,,,
VGB,British Virgin Islands,2012,,,,,
VGB,British Virgin Islands,2013,,,,,
VGB,British Virgin Islands,2014,,,,,
VGB,British Virgin Islands,2015,,,,,
VGB,British Virgin Islands,2016,,,,,
VGB,British Virgin Islands,2017,,,,,
VGB,British Virgin Islands,2018,,,,,
VGB,British Virgin Islands,2019,,,,,
VGB,British Virgin Islands,2020,,,,,
VIR,Virgin Islands (U.S.),2006,47671.567182812,,,,75.5894989
VIR,Virgin Islands (U.S.),2007,49598.1259079427,,,,75.6761298
VIR,Virgin Islands (U.S.),2008,50174.7528938473,,,,75.7437017
VIR,Virgin Islands (U.S.),2009,46862.8076001874,,,,75.9796413
VIR,Virgin Islands (U.S.),2010,47162.7375570431,,,,76.0244169
VIR,Virgin Islands (U.S.),2011,43320.176769501,,,,75.9980761
VIR,Virgin Islands (U.S.),2012,36938.1682086351,,,,76.0047104
VIR,Virgin Islands (U.S.),2013,34663.6460602129,,,,76.0121205
VIR,Virgin Islands (U.S.),2014,34098.7109972738,,,,79.658129
VIR,Virgin Islands (U.S.),2015,34007.3529411765,,,,79.6028749
VIR,Virgin Islands (U.S.),2016,34614.7482633247,,,,79.6220817
VIR,Virgin Islands (U.S.),2017,34435.4944455756,,,,66.2428596
VIR,Virgin Islands (U.S.),2018,35174.1019944986,,,,66.2771005
VIR,Virgin Islands (U.S.),2019,36309.7438446842,,,,66.3104743
VIR,Virgin Islands (U.S.),2020,35850.7433148653,,,,59.5224308
VNM,Viet Nam,2006,1699.67620343393,,4.56979847,6.4,43.2174611
VNM,Viet Nam,2007,1788.9485028957,2.026,4.62917614,6.7,42.9876172
VNM,Viet Nam,2008,1856.00519883979,,4.36028337,6.9,44.1704067
VNM,Viet Nam,2009,1927.13427057454,1.737,4.48502922,6.9,45.1319815
VNM,Viet Nam,2010,2027.58184375924,1.114,5.07146072,7.0,44.393486
VNM,Viet Nam,2011,2132.90453762087,0.999,4.97468519,7.2,44.713939
VNM,Viet Nam,2012,2224.11404253256,1.027,5.00178242,7.4,44.8283573
VNM,Viet Nam,2013,2320.08431444934,1.316,4.41233158,7.5,45.0931207
VNM,Viet Nam,2014,2439.28655744423,1.256,4.69078779,7.6,52.921779
VNM,Viet Nam,2015,2577.56885340113,1.848,4.71140909,7.7,53.278707
VNM,Viet Nam,2016,2715.57887431272,1.848,4.86994743,7.7,52.3972727
VNM,Viet Nam,2017,2868.13680013379,1.874,4.99014759,7.7,52.7084431
VNM,Viet Nam,2018,3048.28327602145,1.161,5.02678823,7.6,51.6994735
VNM,Viet Nam,2019,3241.07648966529,1.681,4.97407484,7.5,52.136435
VNM,Viet Nam,2020,3303.16949807493,2.103,4.33219814,,52.6620263
VUT,Vanuatu,2006,3129.08540327369,8.006,3.32229328,19.2,56.7105357
VUT,Vanuatu,2007,3141.20026364818,,3.10786796,19.1,50.0602706
VUT,Vanuatu,2008,3234.97623699324,,3.13883376,18.9,51.8706508
VUT,Vanuatu,2009,3249.66193798709,4.565,3.25181413,19.8,51.2653371
VUT,Vanuatu,2010,3214.3726213639,1.848,3.52637076,19.5,53.4456553
VUT,Vanuatu,2011,3244.13703026186,,3.59770703,19.0,53.4270319
VUT,Vanuatu,2012,3205.68705963169,,3.93631458,19.1,53.0456607
VUT,Vanuatu,2013,3149.6849727764,,4.39240074,18.9,53.050899
VUT,Vanuatu,2014,3175.63375342175,,3.64018846,18.2,41.8195197
VUT,Vanuatu,2015,3214.41948587141,,4.1583128,18.2,37.0307939
VUT,Vanuatu,2016,3257.49719984988,,2.98904061,18.0,37.0420267
VUT,Vanuatu,2017,3316.81034596861,,2.88118052,18.1,37.0456744
VUT,Vanuatu,2018,3319.75630455318,,3.44049001,18.1,42.8336439
VUT,Vanuatu,2019,3349.5593410421,5.444,3.49615431,18.0,37.7998477
VUT,Vanuatu,2020,3085.16558189305,4.046,4.12128973,,36.6052946
WSM,Samoa,2006,3820.92239453139,1.294,4.88451385,13.0,51.4961104
WSM,Samoa,2007,3818.25503804332,,4.7446332,12.9,51.1712961
WSM,Samoa,2008,3925.8743329936,,4.53258085,12.8,51.2190701
WSM,Samoa,2009,3875.94291686166,,5.12732029,11.0,50.9830683
WSM,Samoa,2010,4081.15535978003,,5.15268326,12.8,50.169023
WSM,Samoa,2011,4201.45663738908,5.677,5.38357162,12.8,50.5198728
WSM,Samoa,2012,4007.91092846814,8.752,4.9883461,12.7,50.5237519
WSM,Samoa,2013,3976.39289268132,,6.21823883,12.1,51.6668892
WSM,Samoa,2014,3967.23730470679,8.723,6.36147165,12.8,63.5856826
WSM,Samoa,2015,4084.36083819933,,6.01321936,12.7,63.5533667
WSM,Samoa,2016,4373.23792440391,,5.63959885,12.8,67.3852444
WSM,Samoa,2017,4393.37316255965,9.4,5.16343021,12.6,67.3896543
WSM,Samoa,2018,4321.00518344962,1.045,4.77525806,12.6,67.4138621
WSM,Samoa,2019,4466.08075482035,,5.64761591,12.6,62.7057435
WSM,Samoa,2020,4283.06392492734,,6.09105825,,61.261815
XKX,Kosovo,2006,,44.9,,,42.2575487
XKX,Kosovo,2007,,46.3,,,42.5879785
XKX,Kosovo,2008,2543.5980687089,47.5,,,44.1529848
XKX,Kosovo,2009,2680.85995592712,45.4,,,44.3930135
XKX,Kosovo,2010,2822.63227046091,,,,37.4951755
XKX,Kosovo,2011,2995.64811314457,,,,39.2356777
XKX,Kosovo,2012,3021.35000691677,30.879,,,41.6120598
XKX,Kosovo,2013,3163.4704088827,29.767,,,40.6814728
XKX,Kosovo,2014,3279.02345017707,35.264,,,45.6998655
XKX,Kosovo,2015,3520.62685324451,32.84,,,44.7340616
XKX,Kosovo,2016,3739.17386677497,27.491,,,44.5699599
XKX,Kosovo,2017,3890.17624537261,30.344,,,44.6529198
XKX,Kosovo,2018,4009.11952439378,27.761,,,44.9839775
XKX,Kosovo,2019,4219.06495675744,25.069,,,44.9902521
XKX,Kosovo,2020,3990.94425586648,25.459,,,44.1150398
YEM,"Yemen, Rep.",2006,2234.74266863312,15.701,5.52930164,5.8,35.3534361
YEM,"Yemen, Rep.",2007,2235.75075901067,15.333,5.82077599,5.8,35.5492199
YEM,"Yemen, Rep.",2008,2244.04491655237,14.971,5.76191616,6.0,35.5628443
YEM,"Yemen, Rep.",2009,2257.46902086832,14.627,5.98619986,5.9,31.8471426
YEM,"Yemen, Rep.",2010,2356.19960422096,17.821,5.15932894,5.7,31.2432639
YEM,"Yemen, Rep.",2011,1994.83663337222,,4.7695322,5.6,28.6100244
YEM,"Yemen, Rep.",2012,1981.45800046603,,5.19593525,5.7,28.1381472
YEM,"Yemen, Rep.",2013,2014.7289059487,,4.96083164,5.7,29.6142303
YEM,"Yemen, Rep.",2014,1950.1625450589,13.467,5.8377471,5.7,23.7781582
YEM,"Yemen, Rep.",2015,1362.1738120601,,6.49017286,5.5,21.0703626
YEM,"Yemen, Rep.",2016,1197.95865971172,,7.71249437,5.7,19.3114526
YEM,"Yemen, Rep.",2017,1103.45634849842,,8.14723873,5.6,17.5936979
YEM,"Yemen, Rep.",2018,1079.32938366255,,9.08948231,5.9,13.7018587
YEM,"Yemen, Rep.",2019,,,10.97374439,5.8,13.13337
YEM,"Yemen, Rep.",2020,,,11.6478138,,12.3760079
ZAF,South Africa,2006,5650.9883176549,28.342,6.87650871,23.6,58.7777773
ZAF,South Africa,2007,5891.42069421698,26.54,6.90510845,24.6,57.7990956
ZAF,South Africa,2008,6009.71963138635,22.407,7.14832258,26.7,57.2731757
ZAF,South Africa,2009,5847.05811084505,23.523,7.64941454,26.7,58.6564816
ZAF,South Africa,2010,5953.94506512821,24.683,7.79358244,24.6,56.6288359
ZAF,South Africa,2011,6067.12482726885,24.639,7.94434404,22.4,57.2747409
ZAF,South Africa,2012,6121.55783860713,24.727,8.00428867,22.9,57.4905229
ZAF,South Africa,2013,6170.87670863373,24.561,8.10322285,23.7,57.8248395
ZAF,South Africa,2014,6155.00589462516,24.89,7.87136555,24.1,57.784499
ZAF,South Africa,2015,6112.27382485974,25.149,8.05304241,24.5,56.0942459
ZAF,South Africa,2016,6095.295060428,26.536,8.07959366,24.4,55.2548767
ZAF,South Africa,2017,6125.6920507497,27.035,7.97711372,25.2,55.6720559
ZAF,South Africa,2018,6117.2701406047,26.906,8.0819664,24.1,54.2202351
ZAF,South Africa,2019,6032.82972598668,28.468,8.24652863,23.5,55.0228162
ZAF,South Africa,2020,5569.58483319272,29.217,9.02174091,,53.1939817
ZMB,Zambia,2006,968.563565019492,,5.5774231,11.7,32.6331807
ZMB,Zambia,2007,1013.08567432637,,4.55994081,10.3,34.0521295
ZMB,Zambia,2008,1053.58612301068,7.934,4.49370766,9.7,35.634093
ZMB,Zambia,2009,1110.71918102486,,5.22568512,9.8,37.7089236
ZMB,Zambia,2010,1183.41712409199,13.186,4.13426876,10.1,37.3534908
ZMB,Zambia,2011,1208.46424569634,,3.95913363,10.3,41.4064665
ZMB,Zambia,2012,1258.78938578996,7.855,4.04541731,9.4,41.6129795
ZMB,Zambia,2013,1280.77012176778,,4.57390451,9.1,41.0112337
ZMB,Zambia,2014,1299.01241762504,,3.82924223,9.0,42.6637265
ZMB,Zambia,2015,1295.87788680068,11.888,4.42974281,8.7,41.0407283
ZMB,Zambia,2016,1303.57513869133,,4.46923161,8.5,41.0620351
ZMB,Zambia,2017,1308.76829240086,4.529,4.78156233,8.5,42.3325326
ZMB,Zambia,2018,1321.25045711573,5.032,4.76996708,8.1,41.5797263
ZMB,Zambia,2019,1301.18132976178,5.538,6.75330257,7.3,39.2906596
ZMB,Zambia,2020,1228.73500113195,6.032,6.3067441,,37.061776
ZWE,Zimbabwe,2006,1038.22375658033,,,14.4,23.5912234
ZWE,Zimbabwe,2007,987.200362596937,,,17.2,25.2822406
ZWE,Zimbabwe,2008,803.044944654991,,,20.1,20.4785041
ZWE,Zimbabwe,2009,896.915532877845,,,22.2,21.1276252
ZWE,Zimbabwe,2010,1056.20884563889,,10.47575283,21.5,22.8453877
ZWE,Zimbabwe,2011,1184.93421020563,5.368,8.081707,20.7,24.632719
ZWE,Zimbabwe,2012,1360.15230034275,11.069,6.91838741,19.7,24.9430514
ZWE,Zimbabwe,2013,1367.81831689463,,7.11022186,18.6,26.1119364
ZWE,Zimbabwe,2014,1381.25404125871,4.774,8.1335125,18.2,27.9891204
ZWE,Zimbabwe,2015,1387.12632595026,,7.45204067,18.0,33.0382075
ZWE,Zimbabwe,2016,1378.34256192374,,7.25845575,16.8,33.5775671
ZWE,Zimbabwe,2017,1422.91948946927,,6.17448902,15.0,32.7046939
ZWE,Zimbabwe,2018,1472.14603844842,,4.67327976,14.0,30.9765172
ZWE,Zimbabwe,2019,1357.53087818754,7.373,3.23268151,14.1,29.8556453
ZWE,Zimbabwe,2020,1230.81933361016,,2.95440102,,29.4604553
