"Data Source","World Development Indicators",

"Last Updated Date","2026-07-13",

"Country Name","Country Code","Indicator Name","Indicator Code","1960","1961","1962","1963","1964","1965","1966","1967","1968","1969","1970","1971","1972","1973","1974","1975","1976","1977","1978","1979","1980","1981","1982","1983","1984","1985","1986","1987","1988","1989","1990","1991","1992","1993","1994","1995","1996","1997","1998","1999","2000","2001","2002","2003","2004","2005","2006","2007","2008","2009","2010","2011","2012","2013","2014","2015","2016","2017","2018","2019","2020","2021","2022","2023","2024","2025",
"Aruba","ABW","Government Effectiveness - Governance score (0-100)","GOV_WGI_GE_SC","","","","","","","","","","","","","","","","","","","","","","","","","","","","","","","","","","","","","","","","","","","","","68.7456317","75.6467849","75.5894989","75.6761298","75.7437017","78.5303953","70.8310747","70.8150237","70.8190661","70.823581","64.8884981","64.8548269","64.8665322","64.8703335","68.9696501","68.9899885","68.9319034","68.9663738","70.9492691","64.1272277","64.1110309","",
"Africa Eastern and Southern","AFE","Government Effectiveness - Governance score (0-100)","GOV_WGI_GE_SC","","","","","","","","","","","","","","","","","","","","","","","","","","","","","","","","","","","","","","","","","","","","","","","","","","","","","","","","","","","","","","","","","","",
"Afghanistan","AFG","Government Effectiveness - Governance score (0-100)","GOV_WGI_GE_SC","","","","","","","","","","","","","","","","","","","","","","","","","","","","","","","","","","","","","5.8680866","","5.6906113","","5.7519961","","10.5298896","10.3501355","28.8607414","24.2996488","19.7251611","20.3667652","18.9072348","21.0312529","20.5072949","20.1457819","22.1784637","22.155125","21.6960634","22.7349885","23.7741041","23.2985617","19.6224247","19.1785042","17.960381","18.1708567","13.1405332","10.6546599","13.7358099","",
"Africa Western and Central","AFW","Government Effectiveness - Governance score (0-100)","GOV_WGI_GE_SC","","","","","","","","","","","","","","","","","","","","","","","","","","","","","","","","","","","","","","","","","","","","","","","","","","","","","","","","","","","","","","","","","","",
"Angola","AGO","Government Effectiveness - Governance score (0-100)","GOV_WGI_GE_SC","","","","","","","","","","","","","","","","","","","","","","","","","","","","","","","","","","","","","40.2507295","","29.6492198","","29.6774797","","27.4225159","22.987123","21.5583861","21.373211","22.32086","23.8657146","25.6001193","30.0018643","32.8394682","31.706399","31.523145","31.3397218","33.062878","33.1054157","32.8806234","32.5164175","32.3152788","33.6134335","31.5783465","33.1661374","35.1519358","35.2271686","36.0732109","",
"Albania","ALB","Government Effectiveness - Governance score (0-100)","GOV_WGI_GE_SC","","","","","","","","","","","","","","","","","","","","","","","","","","","","","","","","","","","","","32.4784433","","32.3625355","","29.7698194","","38.563708","38.4349672","42.591527","37.7696667","39.3747666","41.2841189","41.9592911","45.7016855","45.5763318","46.4976012","44.742022","44.410272","52.8982848","54.9095937","55.1796244","56.3191004","56.5605037","51.85865","51.704282","53.5111467","55.0925288","57.0459179","57.4136957","",
"Andorra","AND","Government Effectiveness - Governance score (0-100)","GOV_WGI_GE_SC","","","","","","","","","","","","","","","","","","","","","","","","","","","","","","","","","","","","","","","","","","","","","","","","","","","","","","","","","","","","","","","","","","",
"Arab World","ARB","Government Effectiveness - Governance score (0-100)","GOV_WGI_GE_SC","","","","","","","","","","","","","","","","","","","","","","","","","","","","","","","","","","","","","","","","","","","","","","","","","","","","","","","","","","","","","","","","","","",
"United Arab Emirates","ARE","Government Effectiveness - Governance score (0-100)","GOV_WGI_GE_SC","","","","","","","","","","","","","","","","","","","","","","","","","","","","","","","","","","","","","60.5301346","","65.7083318","","65.7365918","","67.8821247","67.7877687","62.6199059","63.3995859","68.3991062","68.9070715","67.4521493","68.535224","67.5228828","70.6448963","73.8196342","74.5237897","78.873242","78.6403765","78.783119","78.1385983","78.7848806","78.5272687","70.8554731","72.231295","73.3741309","76.8137703","75.8392807","",
"Argentina","ARG","Government Effectiveness - Governance score (0-100)","GOV_WGI_GE_SC","","","","","","","","","","","","","","","","","","","","","","","","","","","","","","","","","","","","","55.2187322","","52.6190687","","51.5501317","","46.9605983","48.6985184","50.8770497","51.6000173","52.3494326","51.3571012","49.9591637","50.2033942","51.4811813","52.7352059","51.3675738","51.0243674","54.804979","53.6485129","58.0051769","57.0891516","56.3521358","56.4534275","54.2362181","53.5291966","53.451823","52.5357627","54.9132764","",
"Armenia","ARM","Government Effectiveness - Governance score (0-100)","GOV_WGI_GE_SC","","","","","","","","","","","","","","","","","","","","","","","","","","","","","","","","","","","","","46.0244582","","38.9189677","","38.8002386","","45.5903626","45.4616199","47.5367285","46.9984227","46.6745943","44.2327773","45.5087366","50.5537618","48.5546988","51.1194758","51.9498386","52.6967611","48.7616298","48.5715237","49.2870403","51.1345469","47.9754653","46.417589","44.7767568","44.4308943","44.9105336","48.1625284","44.2622836","",
"American Samoa","ASM","Government Effectiveness - Governance score (0-100)","GOV_WGI_GE_SC","","","","","","","","","","","","","","","","","","","","","","","","","","","","","","","","","","","","","","","","","","","","","50.0871189","45.5295067","45.4722208","55.597945","55.6655169","55.9014565","55.9462322","55.9198894","55.9265237","55.9339338","66.2726692","66.2174152","66.236622","66.2428596","66.2771005","66.3104743","66.2151577","66.2717223","66.2632058","66.2931807","66.2614695","",
"Antigua and Barbuda","ATG","Government Effectiveness - Governance score (0-100)","GOV_WGI_GE_SC","","","","","","","","","","","","","","","","","","","","","","","","","","","","","","","","","","","","","66.1026449","","65.9251677","","65.9865524","","65.9914368","65.7415403","61.2605298","62.5957623","62.5515349","62.6184185","62.6705848","62.8527383","65.9853236","65.9589828","65.9656171","65.9730272","52.8872095","59.5246902","59.543897","46.1646729","46.1989138","46.2322895","39.444246","39.5008106","49.5362212","59.7249052","59.7008199","",
"Australia","AUS","Government Effectiveness - Governance score (0-100)","GOV_WGI_GE_SC","","","","","","","","","","","","","","","","","","","","","","","","","","","","","","","","","","","","","82.473312","","83.7092342","","86.1317472","","88.7195809","89.0516829","86.1267675","86.4053109","85.5303708","85.3140561","85.0644202","83.4351669","84.6485281","84.4677746","84.4838431","82.8811134","86.2376023","83.9328327","82.934005","83.3122495","84.8771645","83.7468389","82.5570088","84.4436776","85.7080678","85.9860939","86.5155896","",
"Austria","AUT","Government Effectiveness - Governance score (0-100)","GOV_WGI_GE_SC","","","","","","","","","","","","","","","","","","","","","","","","","","","","","","","","","","","","","86.1008992","","85.9133791","","89.7383523","","89.4993173","87.5499531","86.4791262","87.9259188","85.8292099","85.8374347","84.9775249","83.0126094","85.3867651","81.7606984","80.9035185","81.9429919","84.2574778","82.4687154","83.5831747","82.719903","82.5356457","85.421111","88.4396396","86.6567707","85.1211403","82.0436925","80.788653","",
"Azerbaijan","AZE","Government Effectiveness - Governance score (0-100)","GOV_WGI_GE_SC","","","","","","","","","","","","","","","","","","","","","","","","","","","","","","","","","","","","","24.8609548","","25.0275512","","24.4112555","","28.309696","28.2129153","30.5540511","33.7592889","34.551275","35.6019929","35.3498798","37.2240986","34.6235951","35.8656752","35.6234046","39.5491523","43.0677538","44.4626386","48.8845413","48.7051372","48.3097216","50.2593949","50.2315219","50.2323191","50.2836338","52.6166207","54.5704861","",
"Burundi","BDI","Government Effectiveness - Governance score (0-100)","GOV_WGI_GE_SC","","","","","","","","","","","","","","","","","","","","","","","","","","","","","","","","","","","","","15.90718","","15.7297047","","15.7910895","","13.5314785","13.3517244","21.6256177","24.7133553","25.292301","24.9266212","27.010501","30.1262963","27.9955953","28.7632802","28.2619278","33.8934702","34.3112483","33.341087","30.4939438","33.4177917","31.3256171","32.3510733","30.0796307","29.4808443","28.3771978","29.7912739","31.7781047","",
"Belgium","BEL","Government Effectiveness - Governance score (0-100)","GOV_WGI_GE_SC","","","","","","","","","","","","","","","","","","","","","","","","","","","","","","","","","","","","","83.9666964","","83.1285988","","86.0266036","","88.9900064","84.5421946","83.2374328","84.3748088","81.0520455","80.7495277","81.5168043","85.2630058","83.601141","86.262061","86.366277","86.6440446","81.4454661","81.0024536","77.6297152","73.7080936","75.2725459","73.128901","74.0821421","75.2230161","76.8196093","73.9850756","74.5710173","",
"Benin","BEN","Government Effectiveness - Governance score (0-100)","GOV_WGI_GE_SC","","","","","","","","","","","","","","","","","","","","","","","","","","","","","","","","","","","","","35.9853648","","35.8078895","","35.8692743","","38.9798197","38.8000656","42.6625249","39.4135419","37.8629513","39.5939708","40.9814785","42.3719379","41.965764","42.6538004","41.5909397","41.2327711","42.6469716","40.8204781","41.7194491","42.2673155","44.2934018","45.2472224","47.6695739","47.4149409","47.1616961","47.1334148","47.7351469","",
"Burkina Faso","BFA","Government Effectiveness - Governance score (0-100)","GOV_WGI_GE_SC","","","","","","","","","","","","","","","","","","","","","","","","","","","","","","","","","","","","","32.4784433","","32.3625355","","32.4026252","","30.2897913","30.1597303","36.1047764","36.9069277","35.1200398","37.176733","39.9058431","40.6308678","41.2608152","41.0743898","39.3018866","39.1840753","40.398786","38.6413732","41.133628","41.4057995","41.9626977","39.1372366","39.0734329","36.8265306","34.3967942","34.5353814","34.3295393","",
"Bangladesh","BGD","Government Effectiveness - Governance score (0-100)","GOV_WGI_GE_SC","","","","","","","","","","","","","","","","","","","","","","","","","","","","","","","","","","","","","35.5680728","","40.746272","","34.4032107","","34.7292111","30.5957177","33.7230881","33.9449443","32.9859828","34.3692692","34.9122454","35.5014129","35.6476611","35.060823","35.8085681","36.2926406","38.018204","38.610465","40.9618614","40.1951079","39.2969731","39.7312669","37.3141497","40.3760073","39.2181042","40.5013434","39.305124","",
"Bulgaria","BGR","Government Effectiveness - Governance score (0-100)","GOV_WGI_GE_SC","","","","","","","","","","","","","","","","","","","","","","","","","","","","","","","","","","","","","39.612497","","45.3679406","","45.1313574","","50.5238647","50.4177275","51.0484216","50.1479904","48.1042197","48.2758754","46.4819779","50.198574","45.5887877","45.8854626","47.4089366","48.3607447","48.3403771","49.2069931","50.0007097","50.3792401","50.8647631","52.0393472","50.217808","51.0525709","49.9067134","53.4045993","52.1730773","",
"Bahrain","BHR","Government Effectiveness - Governance score (0-100)","GOV_WGI_GE_SC","","","","","","","","","","","","","","","","","","","","","","","","","","","","","","","","","","","","","60.5301346","","60.4484289","","60.4766888","","58.7686542","58.6864137","58.6760131","56.5824852","56.7433553","58.116667","57.1781236","58.5058682","59.1084209","59.7662121","57.8638325","58.3192076","59.6177453","60.0496495","59.5585616","59.5605585","59.4713513","59.8219367","59.5184622","65.3073437","65.5298844","65.5836257","63.0118001","",
"Bahamas, The","BHS","Government Effectiveness - Governance score (0-100)","GOV_WGI_GE_SC","","","","","","","","","","","","","","","","","","","","","","","","","","","","","","","","","","","","","73.6278656","","73.5119579","","73.5520476","","73.5552364","73.3920311","69.3273559","73.3046185","73.2672044","73.3237826","73.3679127","70.3370819","70.3576945","70.3455692","70.3486239","70.3520344","65.8683095","65.8428728","65.8517159","65.8545859","65.8703491","65.8857138","62.7607215","62.7867628","65.1327908","65.1448344","65.1320947","",
"Bosnia and Herzegovina","BIH","Government Effectiveness - Governance score (0-100)","GOV_WGI_GE_SC","","","","","","","","","","","","","","","","","","","","","","","","","","","","","","","","","","","","","24.8609548","","24.7528033","","24.0197326","","25.1427181","25.0208702","36.1002245","37.3188687","38.097697","36.3248457","37.9542604","38.1093245","37.5624712","37.1032657","39.8385143","40.8764808","46.7141784","42.3437382","43.2921786","42.188083","38.3790948","35.9073884","37.6300761","35.000461","36.8357723","38.7918855","38.9873757","",
"Belarus","BLR","Government Effectiveness - Governance score (0-100)","GOV_WGI_GE_SC","","","","","","","","","","","","","","","","","","","","","","","","","","","","","","","","","","","","","35.9853648","","32.3625355","","25.8861797","","23.851921","23.7231802","26.8415363","26.3029681","32.0717424","32.1221122","30.9659532","30.9609114","30.823205","30.5863126","30.45526","31.842233","42.0231841","44.8438484","44.9504697","47.4233446","46.8691706","46.6988759","39.3477492","38.0691396","39.7338355","39.7439464","37.6995982","",
"Belize","BLZ","Government Effectiveness - Governance score (0-100)","GOV_WGI_GE_SC","","","","","","","","","","","","","","","","","","","","","","","","","","","","","","","","","","","","","46.0244582","","45.8469829","","45.9083676","","45.913252","45.6633535","43.7151755","42.0754671","42.2112195","41.2414626","41.1571066","41.2555711","45.9600421","46.123053","46.125709","46.1286742","42.843992","43.6770108","43.3169037","43.3199875","43.6589881","44.0054261","43.9561997","43.9854124","48.5929432","50.0916047","48.8303528","",
"Bermuda","BMU","Government Effectiveness - Governance score (0-100)","GOV_WGI_GE_SC","","","","","","","","","","","","","","","","","","","","","","","","","","","","","","","","","","","","","66.1026449","","65.9251677","","65.9865524","","65.9914368","65.7415403","63.8781907","65.6076935","65.5504056","65.6370384","65.7046083","65.9405498","65.9853236","65.9589828","65.9656171","65.9730272","79.658129","79.6028749","79.6220817","79.6283194","79.6625603","79.695934","79.6006175","79.6571821","74.9510215","80.0567528","80.0326675","",
"Bolivia","BOL","Government Effectiveness - Governance score (0-100)","GOV_WGI_GE_SC","","","","","","","","","","","","","","","","","","","","","","","","","","","","","","","","","","","","","45.5797598","","50.7104203","","41.8420825","","41.8174158","41.5836987","40.5573014","42.2946246","41.9219449","42.6003099","41.8555164","44.3051712","45.3984074","46.1441847","46.5251981","48.176534","43.8181258","42.9388516","44.8708347","45.2529642","44.2577026","42.4377306","42.1659752","42.0373238","42.9101056","43.3803612","39.4715143","",
"Brazil","BRA","Government Effectiveness - Governance score (0-100)","GOV_WGI_GE_SC","","","","","","","","","","","","","","","","","","","","","","","","","","","","","","","","","","","","","51.6820575","","47.8322212","","48.1913056","","50.2973516","49.0505329","47.1185129","44.6336974","43.9751032","43.8153647","49.0298834","50.8491962","51.1910415","50.6454423","51.2325195","54.0327461","50.9451174","49.360564","49.3855865","49.2990606","47.3268322","52.1733223","49.6410809","50.0063582","46.7668678","46.1562672","46.9849597","",
"Barbados","BRB","Government Effectiveness - Governance score (0-100)","GOV_WGI_GE_SC","","","","","","","","","","","","","","","","","","","","","","","","","","","","","","","","","","","","","66.1026449","","65.9251677","","65.9865524","","65.9914368","65.7415403","63.0358835","77.4415146","78.8169418","77.1456","81.0790533","76.9759334","75.124993","76.15042","76.4337875","74.8551722","73.9918285","73.9657327","70.3579881","70.3609339","70.3771055","66.4876637","63.2123108","64.223219","65.0933078","63.1085653","63.0957497","",
"Brunei Darussalam","BRN","Government Effectiveness - Governance score (0-100)","GOV_WGI_GE_SC","","","","","","","","","","","","","","","","","","","","","","","","","","","","","","","","","","","","","64.2459257","","60.3990936","","60.4391832","","60.4423721","60.2791667","59.2609126","60.1917542","63.8852644","63.9418426","64.5232597","66.5032831","65.8004304","65.7777081","65.8823655","67.044453","73.4752106","73.4543492","70.3112194","71.0459331","71.1784033","72.2837064","72.2477155","72.2690747","70.4919322","70.502043","67.5801007","",
"Bhutan","BTN","Government Effectiveness - Governance score (0-100)","GOV_WGI_GE_SC","","","","","","","","","","","","","","","","","","","","","","","","","","","","","","","","","","","","","56.0635515","","55.8860743","","55.947461","","55.9523434","55.7024469","56.5460141","58.2181901","55.0185696","55.3198605","56.395284","59.3753192","59.7610769","60.5021391","61.3969587","63.7814722","59.5033367","58.4359592","59.9085054","60.7370501","61.8106419","60.7638148","60.7464143","62.936546","61.7391132","61.7489169","62.6342595","",
"Botswana","BWA","Government Effectiveness - Governance score (0-100)","GOV_WGI_GE_SC","","","","","","","","","","","","","","","","","","","","","","","","","","","","","","","","","","","","","55.9084641","","55.8267603","","55.8550203","","59.9794761","63.4701268","61.2414921","62.8751048","58.3854845","62.3612343","61.5045386","62.2843721","61.6696456","61.9017624","62.0834707","61.9897019","61.4141667","62.4125588","61.7655901","59.4217418","58.0832291","59.1830198","57.3754551","59.1679235","60.2725227","61.8596214","59.4464824","",
"Central African Republic","CAF","Government Effectiveness - Governance score (0-100)","GOV_WGI_GE_SC","","","","","","","","","","","","","","","","","","","","","","","","","","","","","","","","","","","","","25.9462734","","25.7687961","","25.8301809","","17.7511478","17.5713937","19.1447727","17.204627","18.8662429","19.593632","19.5832062","21.6953517","23.9356081","24.037452","23.6371891","21.8104992","19.7449007","19.8810905","20.9741186","20.9503735","21.5152476","20.5863718","19.9905214","20.6664461","20.4182821","20.7985021","20.6860087","",
"Canada","CAN","Government Effectiveness - Governance score (0-100)","GOV_WGI_GE_SC","","","","","","","","","","","","","","","","","","","","","","","","","","","","","","","","","","","","","85.8946487","","86.483402","","88.6820909","","89.7683681","88.4414829","87.7108563","87.5326635","86.2985807","86.7389781","87.255246","86.1303355","86.3553689","87.4317529","88.9811361","87.3705121","88.5534493","87.8298556","87.6329908","89.2743247","87.0103408","87.3026719","84.157378","84.0612449","86.4805807","85.2754831","85.5449383","",
"Central Europe and the Baltics","CEB","Government Effectiveness - Governance score (0-100)","GOV_WGI_GE_SC","","","","","","","","","","","","","","","","","","","","","","","","","","","","","","","","","","","","","","","","","","","","","","","","","","","","","","","","","","","","","","","","","","",
"Switzerland","CHE","Government Effectiveness - Governance score (0-100)","GOV_WGI_GE_SC","","","","","","","","","","","","","","","","","","","","","","","","","","","","","","","","","","","","","87.0413929","","87.9810407","","91.5832515","","91.6315252","90.8187943","89.9794757","89.8278531","87.3153202","87.812603","87.671873","86.8540031","86.2603227","87.1610319","89.0475918","88.0028763","92.1264669","90.9279414","91.9981422","92.0825467","92.4115084","91.3100572","89.4428946","91.7851193","90.7446251","91.0245042","87.1231822","",
"Channel Islands","CHI","Government Effectiveness - Governance score (0-100)","GOV_WGI_GE_SC","","","","","","","","","","","","","","","","","","","","","","","","","","","","","","","","","","","","","","","","","","","","","","","","","","","","","","","","","","","","","","","","","","",
"Chile","CHL","Government Effectiveness - Governance score (0-100)","GOV_WGI_GE_SC","","","","","","","","","","","","","","","","","","","","","","","","","","","","","","","","","","","","","70.8407695","","68.7385443","","69.6022224","","72.8305422","73.8938734","73.6220208","76.7245708","76.1682677","76.3464332","74.6117875","76.1195896","73.8059826","75.4676122","76.3044361","75.1706397","72.7752143","71.7692468","70.2689929","70.0470996","71.4772443","71.6978367","68.3104978","68.2520802","68.3609589","70.7252118","70.0934775","",
"China","CHN","Government Effectiveness - Governance score (0-100)","GOV_WGI_GE_SC","","","","","","","","","","","","","","","","","","","","","","","","","","","","","","","","","","","","","45.2578271","","42.8207234","","41.68822","","41.2807764","41.5200643","44.4416002","42.2194482","43.6399135","46.5742262","48.6122958","48.4565415","48.8715196","49.3150533","48.7736773","48.5983195","60.8608268","61.716004","61.9022563","62.5939326","61.6672656","64.3807019","62.3749054","64.3085821","61.6310064","66.4607065","68.7581244","",
"Cote d'Ivoire","CIV","Government Effectiveness - Governance score (0-100)","GOV_WGI_GE_SC","","","","","","","","","","","","","","","","","","","","","","","","","","","","","","","","","","","","","56.5466965","","45.3679406","","29.0392472","","25.7958117","25.6982863","19.9016798","21.5027723","24.5400527","24.0884828","24.8852482","29.0066377","27.0081055","27.8419914","30.6005962","33.3779839","37.3050032","39.6748365","39.4727587","39.7545161","41.464396","41.8297433","41.8599477","41.6068526","44.4409236","45.1473715","45.2016572","",
"Cameroon","CMR","Government Effectiveness - Governance score (0-100)","GOV_WGI_GE_SC","","","","","","","","","","","","","","","","","","","","","","","","","","","","","","","","","","","","","35.629059","","30.8647005","","30.8929585","","27.910063","26.3368512","30.9468514","30.3412733","30.2536644","32.7796098","33.9440888","35.215891","35.4148073","34.9653023","35.1510433","35.8814248","40.1575498","39.1544678","39.4310532","39.1860216","38.1570168","36.9914062","35.2575226","36.0242139","36.0896547","36.1993871","35.769927","",
"Congo, Dem. Rep.","COD","Government Effectiveness - Governance score (0-100)","GOV_WGI_GE_SC","","","","","","","","","","","","","","","","","","","","","","","","","","","","","","","","","","","","","19.365579","","11.7878244","","11.827914","","9.5500082","9.4199491","16.088933","17.6123972","20.2884758","19.6737433","19.3620363","19.2692455","18.7197886","19.4759277","20.7485057","24.7191457","24.1015706","22.7050622","24.4177362","22.9749957","21.8032194","20.6527595","18.6573441","18.1892974","17.6222884","19.1032577","18.413102","",
"Congo, Rep.","COG","Government Effectiveness - Governance score (0-100)","GOV_WGI_GE_SC","","","","","","","","","","","","","","","","","","","","","","","","","","","","","","","","","","","","","25.9220111","","25.8061034","","25.8461931","","25.8493819","25.6861766","29.0716099","26.3433825","26.2882081","25.8366383","29.4228992","29.4570117","29.6078546","29.8896101","30.9720606","29.7639123","33.2695369","35.1011694","35.5456286","34.452266","32.3426501","33.0230392","28.522118","28.2100045","29.3419712","28.6504582","29.745211","",
"Colombia","COL","Government Effectiveness - Governance score (0-100)","GOV_WGI_GE_SC","","","","","","","","","","","","","","","","","","","","","","","","","","","","","","","","","","","","","50.3130312","","42.4782597","","41.8909784","","36.3929484","43.2109474","46.5019858","45.264862","47.3721387","47.6552903","47.8037707","46.498165","48.4497477","50.308668","49.2991597","50.389734","47.3102698","48.7347465","49.1031212","48.4448128","49.1252583","49.905261","49.7272276","50.7221373","51.3712487","50.521407","49.1802654","",
"Comoros","COM","Government Effectiveness - Governance score (0-100)","GOV_WGI_GE_SC","","","","","","","","","","","","","","","","","","","","","","","","","","","","","","","","","","","","","15.90718","","15.7297047","","25.8301809","","35.8741586","25.5851688","23.2898664","20.2045398","20.3786221","20.4124956","18.8546018","19.4722897","19.6364633","18.3457187","20.4194254","21.6300548","25.6459333","23.9131853","25.0229682","26.1499223","25.801886","25.2242139","24.6076926","21.1626478","24.5701015","27.0562994","27.8404845","",
"Cabo Verde","CPV","Government Effectiveness - Governance score (0-100)","GOV_WGI_GE_SC","","","","","","","","","","","","","","","","","","","","","","","","","","","","","","","","","","","","","","","","","","","45.4675406","45.2266739","44.454721","47.0192065","54.0316456","56.9949259","54.864468","54.8576976","53.4369716","53.8897665","53.5134878","52.782447","55.0804735","57.626596","56.9759272","57.5511532","58.0567541","58.8059906","59.0207517","56.7353988","58.340561","58.3728361","59.4135423","",
"Costa Rica","CRI","Government Effectiveness - Governance score (0-100)","GOV_WGI_GE_SC","","","","","","","","","","","","","","","","","","","","","","","","","","","","","","","","","","","","","50.8789494","","50.8124431","","53.458327","","55.2388412","55.0984651","56.5155667","55.8359476","54.6014973","56.0930792","56.7144673","59.1647619","59.1700876","58.4202309","59.7703284","57.9180366","58.4756853","58.3338139","57.4755918","57.8331129","58.2016549","57.2585713","55.7310024","56.619285","53.6977704","57.8366245","56.9189193","",
"Caribbean small states","CSS","Government Effectiveness - Governance score (0-100)","GOV_WGI_GE_SC","","","","","","","","","","","","","","","","","","","","","","","","","","","","","","","","","","","","","","","","","","","","","","","","","","","","","","","","","","","","","","","","","","",
"Cuba","CUB","Government Effectiveness - Governance score (0-100)","GOV_WGI_GE_SC","","","","","","","","","","","","","","","","","","","","","","","","","","","","","","","","","","","","","30.9464042","","36.1246015","","41.9900107","","35.6887035","35.5911781","40.0540804","33.8608334","42.2879533","42.3173838","42.9716245","43.0517806","39.7525017","39.7425542","42.1090936","42.1116116","51.3083356","51.2895644","50.658147","50.0984373","47.2258128","49.2365733","49.2032171","49.4420441","51.7255071","51.3036807","46.0999593","",
"Curacao","CUW","Government Effectiveness - Governance score (0-100)","GOV_WGI_GE_SC","","","","","","","","","","","","","","","","","","","","","","","","","","","","","","","","","","","","","","","","","","","","","","","","","","","","","","","","","","","","","","","","","","",
"Cayman Islands","CYM","Government Effectiveness - Governance score (0-100)","GOV_WGI_GE_SC","","","","","","","","","","","","","","","","","","","","","","","","","","","","","","","","","","","","","86.1808297","","86.0033525","","86.0647392","","86.0696216","75.7806317","68.7456317","75.6467849","75.5894989","75.6761298","75.7437017","70.8037909","70.8310747","70.8150237","70.8190661","70.823581","73.0454064","73.0117371","73.0234405","73.0272418","73.0481072","73.0684456","68.9319034","73.0448309","74.3679478","74.38326","74.3670612","",
"Cyprus","CYP","Government Effectiveness - Governance score (0-100)","GOV_WGI_GE_SC","","","","","","","","","","","","","","","","","","","","","","","","","","","","","","","","","","","","","74.2571364","","76.8053821","","76.8336421","","81.4575603","75.5053666","74.5812721","76.6016827","74.767013","75.3228709","78.3482398","77.0922184","80.0872935","80.4883167","80.215801","79.967882","73.0995288","72.2822422","71.7249844","73.013106","68.0766854","70.7350252","70.8350822","68.0623357","69.8303144","69.4521321","68.2497236","",
"Czechia","CZE","Government Effectiveness - Governance score (0-100)","GOV_WGI_GE_SC","","","","","","","","","","","","","","","","","","","","","","","","","","","","","","","","","","","","","64.161665","","61.9771722","","61.3065129","","68.5480337","67.0653378","65.6983201","69.6618961","67.0031441","63.289033","66.7378013","67.7742279","65.2210394","65.761941","65.507341","64.8149452","68.8746252","69.4313931","70.9387577","71.3371618","71.2863312","70.2287496","72.4487589","72.7485643","74.5789641","75.3620856","74.2324658","",
"Germany","DEU","Government Effectiveness - Governance score (0-100)","GOV_WGI_GE_SC","","","","","","","","","","","","","","","","","","","","","","","","","","","","","","","","","","","","","85.9133266","","83.4987994","","85.6005385","","85.2926113","81.8993984","81.3822575","83.3938425","84.3496463","85.5563033","85.1272438","85.7953189","81.2566005","83.3429828","85.5302347","86.5440284","89.5580615","89.4963851","88.3965749","88.091681","86.3768371","88.0532013","85.9752286","86.8568108","85.9365","81.7001069","81.406755","",
"Djibouti","DJI","Government Effectiveness - Governance score (0-100)","GOV_WGI_GE_SC","","","","","","","","","","","","","","","","","","","","","","","","","","","","","","","","","","","","","25.9462734","","25.7687961","","25.8301809","","35.8741586","35.6242602","37.4144419","35.0068698","31.0590843","34.2829708","35.556768","37.0715194","37.1610864","37.2413182","36.3886921","37.3089426","37.9137352","36.7102806","37.479315","36.1890273","36.329487","38.6444045","38.2156211","38.7465615","40.4871979","40.9149061","41.7537153","",
"Dominica","DMA","Government Effectiveness - Governance score (0-100)","GOV_WGI_GE_SC","","","","","","","","","","","","","","","","","","","","","","","","","","","","","","","","","","","","","66.1026449","","65.9251677","","65.9865524","","65.9914368","65.7415403","58.7553175","58.7757493","58.7412167","61.1408382","61.1815695","61.3237987","64.7178574","63.2706778","63.2755427","63.2809773","53.6844921","53.6439727","52.2301999","42.418553","42.443663","42.4681391","43.8260959","43.8675777","50.9083643","58.8922909","54.238458","",
"Denmark","DNK","Government Effectiveness - Governance score (0-100)","GOV_WGI_GE_SC","","","","","","","","","","","","","","","","","","","","","","","","","","","","","","","","","","","","","85.9359109","","87.1943804","","89.2010479","","93.9672108","93.031936","92.1610733","91.4238747","93.3933109","94.1967981","93.0783683","93.4702392","88.674883","91.0587374","89.5815207","89.431129","86.5250025","86.2304917","87.0248227","86.8339582","88.6832634","89.1490916","90.227523","93.9328863","92.1406221","89.37227","88.5349172","",
"Dominican Republic","DOM","Government Effectiveness - Governance score (0-100)","GOV_WGI_GE_SC","","","","","","","","","","","","","","","","","","","","","","","","","","","","","","","","","","","","","45.4496463","","34.2708903","","34.2991502","","34.9267662","35.0427557","35.8335031","35.0773135","37.9807899","37.5637078","37.7601838","38.2950247","37.5182672","38.2440211","41.6009825","43.2203855","49.1620833","45.4478652","46.6104504","45.2306502","44.4024905","45.5172726","44.3335692","48.4209842","48.9863657","52.2308591","52.7919493","",
"Algeria","DZA","Government Effectiveness - Governance score (0-100)","GOV_WGI_GE_SC","","","","","","","","","","","","","","","","","","","","","","","","","","","","","","","","","","","","","36.7835535","","36.1246015","","30.3157122","","37.3724856","34.5850843","38.1033202","38.0264522","37.0497518","36.7240995","37.2559537","37.761123","39.6206596","37.2941554","38.5167643","40.6276868","45.2110876","44.4268928","43.0877306","41.1681878","45.716986","45.1981709","46.1037431","42.3162152","46.1462983","44.4269433","46.4563079","",
"East Asia & Pacific (excluding high income)","EAP","Government Effectiveness - Governance score (0-100)","GOV_WGI_GE_SC","","","","","","","","","","","","","","","","","","","","","","","","","","","","","","","","","","","","","","","","","","","","","","","","","","","","","","","","","","","","","","","","","","",
"Early-demographic dividend","EAR","Government Effectiveness - Governance score (0-100)","GOV_WGI_GE_SC","","","","","","","","","","","","","","","","","","","","","","","","","","","","","","","","","","","","","","","","","","","","","","","","","","","","","","","","","","","","","","","","","","",
"East Asia & Pacific","EAS","Government Effectiveness - Governance score (0-100)","GOV_WGI_GE_SC","","","","","","","","","","","","","","","","","","","","","","","","","","","","","","","","","","","","","","","","","","","","","","","","","","","","","","","","","","","","","","","","","","",
"Europe & Central Asia (excluding high income)","ECA","Government Effectiveness - Governance score (0-100)","GOV_WGI_GE_SC","","","","","","","","","","","","","","","","","","","","","","","","","","","","","","","","","","","","","","","","","","","","","","","","","","","","","","","","","","","","","","","","","","",
"Europe & Central Asia","ECS","Government Effectiveness - Governance score (0-100)","GOV_WGI_GE_SC","","","","","","","","","","","","","","","","","","","","","","","","","","","","","","","","","","","","","","","","","","","","","","","","","","","","","","","","","","","","","","","","","","",
"Ecuador","ECU","Government Effectiveness - Governance score (0-100)","GOV_WGI_GE_SC","","","","","","","","","","","","","","","","","","","","","","","","","","","","","","","","","","","","","35.1782163","","40.8808266","","30.6050295","","30.3650903","31.147331","33.6159515","33.3239023","33.7950893","35.0782779","36.5679135","42.0401626","41.9319742","45.486693","45.6624591","47.7255844","49.24823","47.5719747","48.3617013","48.5679071","47.1982412","47.5431334","44.6613118","49.1871136","51.3720731","48.1801661","47.0703248","",
"Egypt, Arab Rep.","EGY","Government Effectiveness - Governance score (0-100)","GOV_WGI_GE_SC","","","","","","","","","","","","","","","","","","","","","","","","","","","","","","","","","","","","","52.7489081","","47.015864","","46.3983589","","37.1694434","38.9186955","40.218153","39.0703355","39.3896549","40.0895249","41.2697556","44.8516649","41.966637","41.7477907","40.9901078","36.4689862","38.8182807","41.1970738","42.7666301","43.4288001","43.4484327","49.0336069","46.7836577","46.9635849","48.5516052","50.5676507","49.4532828","",
"Euro area","EMU","Government Effectiveness - Governance score (0-100)","GOV_WGI_GE_SC","","","","","","","","","","","","","","","","","","","","","","","","","","","","","","","","","","","","","","","","","","","","","","","","","","","","","","","","","","","","","","","","","","",
"Eritrea","ERI","Government Effectiveness - Governance score (0-100)","GOV_WGI_GE_SC","","","","","","","","","","","","","","","","","","","","","","","","","","","","","","","","","","","","","25.9462734","","25.7687961","","25.8301809","","33.1941932","33.0144391","30.5631782","33.5625155","29.3084322","29.332572","29.1409103","28.9500517","28.182674","26.1843576","25.5503076","24.2759893","27.0537425","26.5645563","26.7053932","26.5704128","23.6565514","22.8977096","24.1661908","24.2228177","25.2176826","24.5029613","23.0265068","",
"Spain","ESP","Government Effectiveness - Governance score (0-100)","GOV_WGI_GE_SC","","","","","","","","","","","","","","","","","","","","","","","","","","","","","","","","","","","","","77.9048112","","76.709142","","81.8658575","","86.2093832","86.0152639","74.5430276","76.6901432","71.1230909","73.211155","71.7543779","69.5244385","66.8234911","68.373687","68.890859","71.2501964","71.1855431","72.1152492","71.8350998","71.1731923","72.1501162","73.0905204","71.7138819","73.1230736","73.5436342","72.3009649","72.9391098","",
"Estonia","EST","Government Effectiveness - Governance score (0-100)","GOV_WGI_GE_SC","","","","","","","","","","","","","","","","","","","","","","","","","","","","","","","","","","","","","58.6672069","","55.249514","","62.6442596","","63.7863391","68.3338929","68.3544588","69.1438821","71.4799625","70.6846243","71.6963959","69.2859557","71.5420317","71.8721426","71.9079021","72.0046205","73.9696507","71.4535945","72.0227229","72.1112768","75.9403274","74.5831698","77.0103901","77.9927973","77.7596927","75.9934621","76.5591936","",
"Ethiopia","ETH","Government Effectiveness - Governance score (0-100)","GOV_WGI_GE_SC","","","","","","","","","","","","","","","","","","","","","","","","","","","","","","","","","","","","","25.109255","","25.0275512","","25.0558111","","26.3368512","23.2933079","31.6625878","33.4842027","36.5843845","38.9233426","41.0238315","41.213611","42.0603455","41.2894135","43.1496229","41.2145793","42.5630007","41.038014","42.0637249","41.0715491","40.9791219","41.1258037","40.6134168","38.6928804","37.7281615","37.9556857","38.7798166","",
"European Union","EUU","Government Effectiveness - Governance score (0-100)","GOV_WGI_GE_SC","","","","","","","","","","","","","","","","","","","","","","","","","","","","","","","","","","","","","","","","","","","","","","","","","","","","","","","","","","","","","","","","","","",
"Finland","FIN","Government Effectiveness - Governance score (0-100)","GOV_WGI_GE_SC","","","","","","","","","","","","","","","","","","","","","","","","","","","","","","","","","","","","","83.7406382","","88.6751416","","92.5248184","","96.4931874","96.4205173","93.3552395","93.6407808","90.8351953","88.1509114","90.1834609","93.3166023","93.0859943","94.8579686","95.538659","94.7555239","91.5426504","88.7404502","89.0248715","92.3694646","93.3360502","93.1277483","92.8616841","93.2627909","88.2297958","86.1002615","86.6733953","",
"Fiji","FJI","Government Effectiveness - Governance score (0-100)","GOV_WGI_GE_SC","","","","","","","","","","","","","","","","","","","","","","","","","","","","","","","","","","","","","56.0635515","","55.8860743","","55.947461","","55.9523434","55.7024469","48.4646321","55.5686001","55.5113141","45.5588517","35.5873302","34.5108392","40.7602717","41.1238457","40.0909871","40.0967076","49.4107879","49.3681316","49.3829596","49.3877739","59.7482167","73.0032012","64.0830762","65.55242","61.1111102","61.1284251","63.1811265","",
"France","FRA","Government Effectiveness - Governance score (0-100)","GOV_WGI_GE_SC","","","","","","","","","","","","","","","","","","","","","","","","","","","","","","","","","","","","","81.0104081","","79.7343126","","83.7032532","","81.4544454","83.1275741","81.550633","84.6762884","79.8013323","80.889408","83.0072895","81.4823864","79.3586094","79.8974363","80.7574861","80.0063772","79.6111153","79.7147617","78.9518133","78.5973333","80.8697481","80.1591081","80.3248197","81.2128456","79.8021859","77.6243079","74.6869309","",
"Faroe Islands","FRO","Government Effectiveness - Governance score (0-100)","GOV_WGI_GE_SC","","","","","","","","","","","","","","","","","","","","","","","","","","","","","","","","","","","","","","","","","","","","","","","","","","","","","","","","","","","","","","","","","","",
"Micronesia, Fed. Sts.","FSM","Government Effectiveness - Governance score (0-100)","GOV_WGI_GE_SC","","","","","","","","","","","","","","","","","","","","","","","","","","","","","","","","","","","","","","","","","","","","","48.4646321","44.5443366","44.4898214","42.4936847","42.0383427","42.2628706","42.8251216","37.9025024","37.9071923","38.2984915","47.9737698","47.9347067","47.9482845","52.6844083","52.7086162","51.3556701","54.0413676","54.0813601","49.6826094","49.6999263","47.7476106","",
"Gabon","GAB","Government Effectiveness - Governance score (0-100)","GOV_WGI_GE_SC","","","","","","","","","","","","","","","","","","","","","","","","","","","","","","","","","","","","","44.8724","","39.5307932","","39.5590532","","39.5613009","39.4462565","29.9744113","31.086304","36.2017009","36.236811","36.2641959","39.4214556","40.0367344","35.8753603","32.764772","35.0920871","38.0919377","37.6832127","38.4397523","35.2562918","36.1832563","36.0168291","35.5236452","39.8944703","39.783793","39.983277","40.3127112","",
"United Kingdom","GBR","Government Effectiveness - Governance score (0-100)","GOV_WGI_GE_SC","","","","","","","","","","","","","","","","","","","","","","","","","","","","","","","","","","","","","83.6073145","","83.6089906","","85.1989845","","86.0102259","83.6439995","82.1533957","87.0542842","84.5522005","83.7435354","84.5019786","80.2065107","80.1316434","79.887339","80.6579094","79.4652327","83.5843317","83.1560518","83.4783092","81.7911302","80.9891227","78.4973891","78.0332564","77.1809881","76.4866596","73.4657181","74.3798903","",
"Georgia","GEO","Government Effectiveness - Governance score (0-100)","GOV_WGI_GE_SC","","","","","","","","","","","","","","","","","","","","","","","","","","","","","","","","","","","","","25.9462734","","25.7687961","","34.2974003","","27.8050322","27.6277864","37.1209986","39.4621967","43.8163408","47.010025","51.0404612","52.9775814","55.4596125","61.900975","63.2747144","62.0561499","61.6395054","60.4770505","62.9627954","63.6579094","61.1018024","61.2834309","57.3322836","60.1202955","59.943003","62.7658644","60.2121471","",
"Ghana","GHA","Government Effectiveness - Governance score (0-100)","GOV_WGI_GE_SC","","","","","","","","","","","","","","","","","","","","","","","","","","","","","","","","","","","","","50.7095473","","45.3679406","","50.017871","","46.9843044","42.8061229","43.6352567","46.142425","52.7786399","52.4317314","52.6759891","52.8751172","52.0582273","51.4601817","51.7715972","49.6173125","49.6272154","49.6710927","51.6859949","52.0523183","51.0707258","50.2772134","51.1389276","50.4750116","50.051445","50.9948047","52.4989455","",
"Gibraltar","GIB","Government Effectiveness - Governance score (0-100)","GOV_WGI_GE_SC","","","","","","","","","","","","","","","","","","","","","","","","","","","","","","","","","","","","","","","","","","","","","","","","","","","","","","","","","","","","","","","","","","",
"Guinea","GIN","Government Effectiveness - Governance score (0-100)","GOV_WGI_GE_SC","","","","","","","","","","","","","","","","","","","","","","","","","","","","","","","","","","","","","25.9220111","","33.2679502","","33.3080399","","31.8926591","31.7626","34.6425394","34.7797519","26.5495844","27.4684096","28.714886","28.2624975","29.6862509","28.7471183","27.595659","29.7487693","31.8794936","32.9616311","34.2602136","34.0741304","35.0462731","38.1864104","35.5546292","35.6181606","33.3576455","34.3558976","34.0710252","",
"Gambia, The","GMB","Government Effectiveness - Governance score (0-100)","GOV_WGI_GE_SC","","","","","","","","","","","","","","","","","","","","","","","","","","","","","","","","","","","","","39.9402901","","39.8243824","","39.8644721","","39.8676609","39.7650334","38.284278","36.029458","33.4761782","36.216632","36.3756102","38.6975198","38.9163914","39.1520957","40.125823","39.4821657","40.8210829","39.0213638","39.4588134","41.1892495","41.5729578","40.9155263","39.9186412","41.3619999","41.5699401","42.2339048","40.9219001","",
"Guinea-Bissau","GNB","Government Effectiveness - Governance score (0-100)","GOV_WGI_GE_SC","","","","","","","","","","","","","","","","","","","","","","","","","","","","","","","","","","","","","25.9220111","","25.8061034","","32.4026252","","32.405814","25.6861766","21.5344291","23.8192162","30.3548258","30.9924632","32.08239","32.8511657","32.6688858","31.6698229","27.7527609","23.8681179","23.0964586","24.2100157","23.3249881","21.3461643","27.3204445","26.4437564","26.4291034","24.4306703","21.6265568","23.1129238","24.7485606","",
"Equatorial Guinea","GNQ","Government Effectiveness - Governance score (0-100)","GOV_WGI_GE_SC","","","","","","","","","","","","","","","","","","","","","","","","","","","","","","","","","","","","","24.8609548","","24.7528033","","24.7902117","","24.7931866","24.640903","24.621634","24.0484515","24.0188654","24.0636061","24.0985043","24.7621773","25.727322","25.6566489","25.6600749","25.0317997","32.3349173","31.9442558","32.4024852","31.795089","32.1944439","31.7102042","30.6835561","31.0877623","28.479032","28.9342709","28.3476973","",
"Greece","GRC","Government Effectiveness - Governance score (0-100)","GOV_WGI_GE_SC","","","","","","","","","","","","","","","","","","","","","","","","","","","","","","","","","","","","","61.2174263","","56.8245613","","57.5247171","","59.8090706","61.4047733","64.3124359","61.021903","61.9642886","60.9811989","60.247963","60.9675764","57.259701","56.315898","55.7531725","59.0507519","56.0998457","54.8741394","52.9718104","56.4412613","57.9494834","60.2647801","62.7489676","62.4764927","62.2992157","56.3540919","55.0595965","",
"Grenada","GRD","Government Effectiveness - Governance score (0-100)","GOV_WGI_GE_SC","","","","","","","","","","","","","","","","","","","","","","","","","","","","","","","","","","","","","66.1026449","","65.9251677","","65.9865524","","65.9914368","65.7415403","60.6342262","59.9494487","60.7666478","60.8188705","60.8596038","61.801198","62.2611813","62.2453013","62.249301","61.0800679","56.0525307","51.9847503","51.9963292","52.0000877","48.3347558","49.5285739","49.4711149","49.5052139","50.4871096","52.9097782","51.7321666","",
"Greenland","GRL","Government Effectiveness - Governance score (0-100)","GOV_WGI_GE_SC","","","","","","","","","","","","","","","","","","","","","","","","","","","","","","","","","","","","","","","","","","","","","","","","","","60.3429412","60.3977228","60.3654943","60.3736122","60.382677","60.7492784","60.6816793","60.7051774","60.7128073","60.7547014","60.7955338","60.6789163","60.7481215","66.4662364","66.4926686","77.6453074","",
"Guatemala","GTM","Government Effectiveness - Governance score (0-100)","GOV_WGI_GE_SC","","","","","","","","","","","","","","","","","","","","","","","","","","","","","","","","","","","","","32.9658951","","37.1808862","","30.9821151","","33.3344585","32.9427665","34.0418125","33.8593265","37.7140296","38.2627787","38.7209284","40.0319726","39.5303208","38.0920971","37.8801126","38.794034","40.2148786","38.6489233","38.2011062","37.764584","36.4630344","36.2144095","36.2431283","36.8656986","34.1479496","34.5626109","33.6586778","",
"Guam","GUM","Government Effectiveness - Governance score (0-100)","GOV_WGI_GE_SC","","","","","","","","","","","","","","","","","","","","","","","","","","","","","","","","","","","","","","","","","","","","","56.5770312","45.5295067","45.4722208","45.5588517","45.6264235","45.8623631","45.9071388","45.880798","45.8874323","45.8948404","66.2726692","66.2174152","66.236622","66.2428596","66.2771005","66.3104743","66.2151577","66.2717223","69.868063","69.890828","76.0226009","",
"Guyana","GUY","Government Effectiveness - Governance score (0-100)","GOV_WGI_GE_SC","","","","","","","","","","","","","","","","","","","","","","","","","","","","","","","","","","","","","46.4967223","","53.8426614","","53.8827511","","53.8859399","53.7227346","50.9954774","44.5724565","49.1874986","51.6948477","48.433687","49.67028","50.5116383","50.4644282","50.9595021","50.8820235","49.4977085","49.0374607","49.0431209","48.2036428","49.6879293","49.6980188","46.1830086","48.5670204","48.828877","49.4414102","49.4302941","",
"High income","HIC","Government Effectiveness - Governance score (0-100)","GOV_WGI_GE_SC","","","","","","","","","","","","","","","","","","","","","","","","","","","","","","","","","","","","","","","","","","","","","","","","","","","","","","","","","","","","","","","","","","",
"Hong Kong SAR, China","HKG","Government Effectiveness - Governance score (0-100)","GOV_WGI_GE_SC","","","","","","","","","","","","","","","","","","","","","","","","","","","","","","","","","","","","","82.37553","","79.5712006","","80.7662146","","75.6546442","81.9538689","80.7624735","82.5307185","85.4928692","84.1227891","84.1140198","83.2065285","82.5654922","82.8937948","87.9288685","84.9973636","87.2393135","87.1331142","88.4228788","88.8012828","89.0713485","88.0664602","82.2846467","82.9288776","83.2935774","81.2341077","83.1791513","",
"Honduras","HND","Government Effectiveness - Governance score (0-100)","GOV_WGI_GE_SC","","","","","","","","","","","","","","","","","","","","","","","","","","","","","","","","","","","","","28.3933558","","32.6083488","","30.3860042","","31.414764","30.4659678","36.8495679","37.7799273","37.4096509","39.4171702","37.9876653","38.769834","39.1786348","39.5962185","37.9599323","35.6870041","39.6550483","40.5381315","42.9545002","43.1871557","41.0906042","41.3748835","40.0142766","38.366425","37.9968603","38.5482305","39.2915482","",
"Heavily indebted poor countries (HIPC)","HPC","Government Effectiveness - Governance score (0-100)","GOV_WGI_GE_SC","","","","","","","","","","","","","","","","","","","","","","","","","","","","","","","","","","","","","","","","","","","","","","","","","","","","","","","","","","","","","","","","","","",
"Croatia","HRV","Government Effectiveness - Governance score (0-100)","GOV_WGI_GE_SC","","","","","","","","","","","","","","","","","","","","","","","","","","","","","","","","","","","","","44.8229208","","45.3679406","","54.9060976","","55.3467225","54.5125059","58.5218182","58.2412196","57.2225473","58.6395128","59.036128","59.5324289","56.9187831","56.0184181","59.1426463","59.4215338","59.6165223","56.3326237","56.492053","59.1971848","60.9216088","59.489619","61.1725164","66.0362591","65.266939","65.8990155","65.1411148","",
"Haiti","HTI","Government Effectiveness - Governance score (0-100)","GOV_WGI_GE_SC","","","","","","","","","","","","","","","","","","","","","","","","","","","","","","","","","","","","","25.0165964","","24.9006887","","24.9407784","","15.6110942","15.6478959","14.4282056","19.1480529","19.0776266","19.1005239","23.4094899","23.2998859","20.8564123","19.8613548","20.2365991","21.7108836","13.8166815","14.9918469","14.7204045","14.5822061","17.2801048","14.6193481","14.0795218","11.2813601","12.1957638","12.2417295","12.147424","",
"Hungary","HUN","Government Effectiveness - Governance score (0-100)","GOV_WGI_GE_SC","","","","","","","","","","","","","","","","","","","","","","","","","","","","","","","","","","","","","67.1599252","","67.7603079","","70.5168419","","70.1875419","67.8685255","66.8232636","65.9781954","65.3244097","60.9440375","60.9722274","61.8764035","60.0989829","60.4591445","59.7453351","62.4481433","64.2948896","62.6125464","62.1375212","63.1557792","63.5105529","61.5257209","65.3557593","66.5888485","64.1294133","61.9606214","61.0995877","",
"IBRD only","IBD","Government Effectiveness - Governance score (0-100)","GOV_WGI_GE_SC","","","","","","","","","","","","","","","","","","","","","","","","","","","","","","","","","","","","","","","","","","","","","","","","","","","","","","","","","","","","","","","","","","",
"IDA & IBRD total","IBT","Government Effectiveness - Governance score (0-100)","GOV_WGI_GE_SC","","","","","","","","","","","","","","","","","","","","","","","","","","","","","","","","","","","","","","","","","","","","","","","","","","","","","","","","","","","","","","","","","","",
"IDA total","IDA","Government Effectiveness - Governance score (0-100)","GOV_WGI_GE_SC","","","","","","","","","","","","","","","","","","","","","","","","","","","","","","","","","","","","","","","","","","","","","","","","","","","","","","","","","","","","","","","","","","",
"IDA blend","IDB","Government Effectiveness - Governance score (0-100)","GOV_WGI_GE_SC","","","","","","","","","","","","","","","","","","","","","","","","","","","","","","","","","","","","","","","","","","","","","","","","","","","","","","","","","","","","","","","","","","",
"Indonesia","IDN","Government Effectiveness - Governance score (0-100)","GOV_WGI_GE_SC","","","","","","","","","","","","","","","","","","","","","","","","","","","","","","","","","","","","","46.363558","","36.9068364","","40.6512316","","36.3993999","33.6750711","36.5108219","37.073248","41.2810836","42.4519248","42.5385381","44.9194662","46.4184115","44.9745977","46.3417399","48.1635493","57.5456059","50.1223884","53.7163997","54.3846673","56.2687851","57.4126224","55.4967156","54.2003128","55.8672272","56.6528103","54.8365911","",
"IDA only","IDX","Government Effectiveness - Governance score (0-100)","GOV_WGI_GE_SC","","","","","","","","","","","","","","","","","","","","","","","","","","","","","","","","","","","","","","","","","","","","","","","","","","","","","","","","","","","","","","","","","","",
"Isle of Man","IMN","Government Effectiveness - Governance score (0-100)","GOV_WGI_GE_SC","","","","","","","","","","","","","","","","","","","","","","","","","","","","","","","","","","","","","","","","","","","","","","","","","","","","","","","","","","","","","","","","","","",
"India","IND","Government Effectiveness - Governance score (0-100)","GOV_WGI_GE_SC","","","","","","","","","","","","","","","","","","","","","","","","","","","","","","","","","","","","","46.5810646","","42.6201505","","40.6845217","","41.9714689","43.0285663","47.5436428","47.8216184","48.8916228","51.0283962","48.3171978","49.5237323","49.1209884","49.9282691","49.6146448","50.199062","51.0781048","59.0568048","58.6538119","58.1999807","61.0922301","61.1691545","58.1320686","56.0073078","57.9369129","59.5575797","59.2076282","",
"Not classified","INX","Government Effectiveness - Governance score (0-100)","GOV_WGI_GE_SC","","","","","","","","","","","","","","","","","","","","","","","","","","","","","","","","","","","","","","","","","","","","","","","","","","","","","","","","","","","","","","","","","","",
"Ireland","IRL","Government Effectiveness - Governance score (0-100)","GOV_WGI_GE_SC","","","","","","","","","","","","","","","","","","","","","","","","","","","","","","","","","","","","","79.7981474","","79.9546212","","78.7977642","","78.9289316","75.9612939","77.2149276","82.4518944","79.7197879","78.102586","76.9383423","73.5733621","71.4472344","75.5249817","78.0174096","77.3952281","79.8861704","78.8130589","78.873907","78.1121019","79.6806257","76.6868572","80.5133684","82.8094272","84.5079207","83.6350611","82.6755532","",
"Iran, Islamic Rep.","IRN","Government Effectiveness - Governance score (0-100)","GOV_WGI_GE_SC","","","","","","","","","","","","","","","","","","","","","","","","","","","","","","","","","","","","","46.0878787","","40.746272","","40.7745319","","37.3724856","37.2749603","38.3297906","36.9062103","37.0562345","37.170367","36.7574557","36.8376118","39.0124079","40.9003892","40.9877064","40.2826079","46.3342811","47.6110494","47.3901809","47.5024565","46.0373048","43.2270684","37.5907798","38.5725219","37.5806922","36.947486","37.6106029","",
"Iraq","IRQ","Government Effectiveness - Governance score (0-100)","GOV_WGI_GE_SC","","","","","","","","","","","","","","","","","","","","","","","","","","","","","","","","","","","","","15.8659159","","10.5243092","","10.5525691","","8.4958779","12.3162117","20.4960932","13.7296248","15.6614659","19.6131324","27.4389869","30.2556418","28.4161034","28.306791","29.624732","30.515692","32.6557553","30.3543883","30.1091758","30.1111727","30.4485245","29.8230474","27.6607343","27.4041568","27.5438368","25.2876422","29.9154103","",
"Iceland","ISL","Government Effectiveness - Governance score (0-100)","GOV_WGI_GE_SC","","","","","","","","","","","","","","","","","","","","","","","","","","","","","","","","","","","","","76.5657424","","81.7745795","","89.4980923","","90.7794279","91.7953449","89.4625486","90.8538733","82.0896601","80.5478077","82.7552172","83.1533258","79.0750865","79.0201357","79.9801881","81.0625648","78.5234168","78.4585166","78.2310332","79.8959488","82.1325789","82.0552286","81.745221","86.3507296","83.0927402","83.2339776","83.3448105","",
"Israel","ISR","Government Effectiveness - Governance score (0-100)","GOV_WGI_GE_SC","","","","","","","","","","","","","","","","","","","","","","","","","","","","","","","","","","","","","77.8228585","","78.1232239","","79.5018672","","80.3790724","79.3595116","78.1354736","78.9068218","76.0730114","74.2937008","76.1685069","75.2506791","76.678016","77.4570971","76.6177279","76.5869577","76.6398455","79.7939299","81.0271611","81.3967141","78.5109493","81.8544555","74.0068471","82.2501258","80.9687007","77.7243629","74.1410108","",
"Italy","ITA","Government Effectiveness - Governance score (0-100)","GOV_WGI_GE_SC","","","","","","","","","","","","","","","","","","","","","","","","","","","","","","","","","","","","","65.4922018","","62.545307","","65.9123618","","66.4563394","62.1517134","58.4035324","59.9348423","57.3505532","55.2276609","56.426062","58.3200378","57.8767278","56.6892562","59.2562888","60.4696676","58.3178271","58.5385497","59.7770308","58.8834672","59.8004841","60.2576967","61.9905283","62.5163957","65.2987922","67.9329688","66.7457636","",
"Jamaica","JAM","Government Effectiveness - Governance score (0-100)","GOV_WGI_GE_SC","","","","","","","","","","","","","","","","","","","","","","","","","","","","","","","","","","","","","50.7095473","","50.6278435","","49.9157024","","48.8556708","48.8940319","50.0391233","45.5423301","53.5818315","52.9757264","53.7414825","55.2044642","54.8124747","54.564122","54.3319818","55.2927692","60.131785","59.7844428","60.577018","60.2784843","61.0608922","61.0939956","58.8600916","57.9444571","56.2887658","54.5486815","54.6705042","",
"Jordan","JOR","Government Effectiveness - Governance score (0-100)","GOV_WGI_GE_SC","","","","","","","","","","","","","","","","","","","","","","","","","","","","","","","","","","","","","55.2475463","","52.608355","","48.0042269","","48.3643301","53.1804039","52.3081627","49.8039343","53.2633015","55.0588129","55.0052194","55.6678093","52.8175571","53.9652559","55.6249975","56.0296684","58.7454147","58.7699258","58.3898205","56.7296726","53.0879709","51.5567544","53.554851","53.7294447","54.118084","58.9409204","55.5444973","",
"Japan","JPN","Government Effectiveness - Governance score (0-100)","GOV_WGI_GE_SC","","","","","","","","","","","","","","","","","","","","","","","","","","","","","","","","","","","","","73.2135466","","74.2614121","","78.5685289","","76.8147775","76.5796545","76.9455404","78.6613216","79.670859","76.5166287","76.4223096","77.1254987","77.2459058","77.2299151","76.899252","79.5585854","85.8180198","84.5129644","86.6068501","84.6386214","86.8238668","87.0499696","86.4392038","83.4821825","90.8264358","90.0027288","91.9378443","",
"Kazakhstan","KAZ","Government Effectiveness - Governance score (0-100)","GOV_WGI_GE_SC","","","","","","","","","","","","","","","","","","","","","","","","","","","","","","","","","","","","","24.8609548","","30.2874522","","30.0294379","","29.3753041","29.2935925","33.3414778","32.9256907","33.5050603","33.3247851","35.1157504","36.5455237","35.9134978","36.7616051","39.2857733","39.8770465","51.2114091","51.1184861","49.2500947","51.5791733","49.3256814","52.4896065","52.3568797","51.6869126","54.4581171","54.2964071","54.1941626","",
"Kenya","KEN","Government Effectiveness - Governance score (0-100)","GOV_WGI_GE_SC","","","","","","","","","","","","","","","","","","","","","","","","","","","","","","","","","","","","","46.0878787","","34.9091227","","34.9373827","","32.11883","29.8688166","37.3109064","37.283224","38.3677025","41.1529826","39.3043482","39.6220576","41.5896233","41.0169483","42.2287774","43.199384","43.2603488","44.1934926","45.1848965","45.4430061","44.6331802","45.6736783","44.030085","44.5971582","44.8757346","45.2523381","45.5482916","",
"Kyrgyz Republic","KGZ","Government Effectiveness - Governance score (0-100)","GOV_WGI_GE_SC","","","","","","","","","","","","","","","","","","","","","","","","","","","","","","","","","","","","","46.0244582","","45.8469829","","44.4693177","","39.6164325","39.4391866","40.5248824","36.0929622","34.3432259","36.9023117","32.6478299","31.8621009","36.3737824","34.4286377","33.9830877","34.5690935","34.6294555","33.9397431","33.9067407","37.4590582","40.8044874","38.3049139","39.9413965","34.9636982","31.9268067","31.8166933","34.0644026","",
"Cambodia","KHM","Government Effectiveness - Governance score (0-100)","GOV_WGI_GE_SC","","","","","","","","","","","","","","","","","","","","","","","","","","","","","","","","","","","","","30.9786366","","30.8704851","","30.9078915","","29.1964366","29.0734084","30.6118874","26.3221963","28.2257561","32.9191206","31.8271036","35.714426","35.5107518","36.7995151","37.7112141","35.5071527","39.7105804","39.871538","40.2121214","42.2538135","41.9076886","41.32227","39.8596888","38.8301377","42.3466179","43.2504809","45.6336334","",
"Kiribati","KIR","Government Effectiveness - Governance score (0-100)","GOV_WGI_GE_SC","","","","","","","","","","","","","","","","","","","","","","","","","","","","","","","","","","","","","","","","","","","","","46.842155","42.55589","41.9109707","41.2000974","40.8618084","39.1353194","38.3573719","39.0536584","38.0226781","38.0270122","43.3302617","43.2979438","43.3091785","43.3128262","43.3328536","46.0218663","46.3405363","46.3805287","46.3745069","43.4079036","42.8957403","",
"St. Kitts and Nevis","KNA","Government Effectiveness - Governance score (0-100)","GOV_WGI_GE_SC","","","","","","","","","","","","","","","","","","","","","","","","","","","","","","","","","","","","","","","","","","","","","55.6237959","70.3462712","70.3020438","70.3689254","70.4210937","70.6032472","76.0244169","75.9980761","76.0047104","76.0121205","59.5799423","66.2174152","66.236622","66.2428596","66.2771005","66.3104743","66.2151577","59.5789973","64.7851045","64.8078696","64.7837862","",
"Korea, Rep.","KOR","Government Effectiveness - Governance score (0-100)","GOV_WGI_GE_SC","","","","","","","","","","","","","","","","","","","","","","","","","","","","","","","","","","","","","64.8696413","","57.4999882","","64.152293","","71.1569896","70.0326022","68.1376522","71.1935093","69.3855966","73.6257171","69.5969492","71.281196","76.0784285","77.0671142","77.2653285","75.1378455","74.408685","74.6415719","74.4078722","74.3374479","78.2996628","82.9882538","82.2854536","82.9600367","80.2050057","80.420774","80.2483639","",
"Kuwait","KWT","Government Effectiveness - Governance score (0-100)","GOV_WGI_GE_SC","","","","","","","","","","","","","","","","","","","","","","","","","","","","","","","","","","","","","51.2867936","","45.3679406","","45.3962005","","50.7142158","54.4104326","53.8217338","53.1057564","50.6809704","49.7692539","49.4146533","53.4075431","53.848201","51.9908868","51.8888854","51.6614604","54.0802401","55.9637415","51.2857028","51.1983719","53.8322783","49.1573876","49.1596372","51.9172115","57.8274003","57.3510373","57.7161007","",
"Latin America & Caribbean (excluding high income)","LAC","Government Effectiveness - Governance score (0-100)","GOV_WGI_GE_SC","","","","","","","","","","","","","","","","","","","","","","","","","","","","","","","","","","","","","","","","","","","","","","","","","","","","","","","","","","","","","","","","","","",
"Lao PDR","LAO","Government Effectiveness - Governance score (0-100)","GOV_WGI_GE_SC","","","","","","","","","","","","","","","","","","","","","","","","","","","","","","","","","","","","","35.9853648","","35.8078895","","35.8692743","","28.9745239","21.5735097","31.6481953","25.8630044","33.4094813","34.3579606","34.3185476","34.076242","34.6136495","34.9637488","35.0534401","37.6172139","45.970466","44.4577174","46.2407632","46.802184","38.7184124","36.6184038","36.4473703","36.8903673","37.5273689","36.6901055","40.025976","",
"Lebanon","LBN","Government Effectiveness - Governance score (0-100)","GOV_WGI_GE_SC","","","","","","","","","","","","","","","","","","","","","","","","","","","","","","","","","","","","","46.0268926","","51.2050898","","51.2333497","","45.7469551","45.6647166","48.2847886","48.1343929","47.3714077","46.1490418","45.5161487","45.0903616","46.604833","46.2950042","46.2831045","45.0070557","46.1564695","45.8438018","46.5587818","47.0247091","41.624502","39.2409451","32.8837928","30.7937803","31.0782366","28.6719925","29.3664046","",
"Liberia","LBR","Government Effectiveness - Governance score (0-100)","GOV_WGI_GE_SC","","","","","","","","","","","","","","","","","","","","","","","","","","","","","","","","","","","","","11.9037321","","11.7878244","","11.827914","","19.275874","19.1458129","19.0424874","19.0301054","25.926703","25.5469088","27.7054322","29.8616126","31.4440409","31.938409","34.1994413","29.5010874","29.6599879","27.955667","28.8306674","28.8259308","28.051983","26.3310919","24.5966387","25.5339571","25.4488817","27.7099257","27.1075325","",
"Libya","LBY","Government Effectiveness - Governance score (0-100)","GOV_WGI_GE_SC","","","","","","","","","","","","","","","","","","","","","","","","","","","","","","","","","","","","","30.3691579","","25.0275512","","25.0558111","","22.9618243","22.864299","27.4925085","25.1598153","25.5038694","23.7545123","26.0345259","26.1990223","26.4111877","26.4027567","24.1596226","24.6470959","20.8851563","19.2556541","18.9329553","21.616129","21.172047","21.1293557","19.5931557","22.9726916","20.9355533","23.190418","23.7399254","",
"St. Lucia","LCA","Government Effectiveness - Governance score (0-100)","GOV_WGI_GE_SC","","","","","","","","","","","","","","","","","","","","","","","","","","","","","","","","","","","","","","","","","","","","","54.3711907","67.1748504","65.9666184","67.1925406","67.2332738","68.5492043","72.0800264","72.0607087","67.4873897","67.491856","56.4126106","54.0319062","55.2171825","55.220943","55.2415828","57.1924772","53.6423161","48.7756878","54.8914077","58.8922909","56.5559402","",
"Latin America & Caribbean","LCN","Government Effectiveness - Governance score (0-100)","GOV_WGI_GE_SC","","","","","","","","","","","","","","","","","","","","","","","","","","","","","","","","","","","","","","","","","","","","","","","","","","","","","","","","","","","","","","","","","","",
"Least developed countries: UN classification","LDC","Government Effectiveness - Governance score (0-100)","GOV_WGI_GE_SC","","","","","","","","","","","","","","","","","","","","","","","","","","","","","","","","","","","","","","","","","","","","","","","","","","","","","","","","","","","","","","","","","","",
"Low income","LIC","Government Effectiveness - Governance score (0-100)","GOV_WGI_GE_SC","","","","","","","","","","","","","","","","","","","","","","","","","","","","","","","","","","","","","","","","","","","","","","","","","","","","","","","","","","","","","","","","","","",
"Liechtenstein","LIE","Government Effectiveness - Governance score (0-100)","GOV_WGI_GE_SC","","","","","","","","","","","","","","","","","","","","","","","","","","","","","","","","","","","","","76.1417363","","75.964261","","76.0256458","","76.0305301","75.7806317","77.6692702","75.6467849","85.6285923","85.7152232","85.7827951","84.6480751","84.6753609","84.6593079","84.6633523","84.6678672","84.850464","84.8167947","84.8284981","84.8322994","84.8531648","84.8735032","84.8154181","80.7714353","80.8446109","84.2785979","84.262401","",
"Sri Lanka","LKA","Government Effectiveness - Governance score (0-100)","GOV_WGI_GE_SC","","","","","","","","","","","","","","","","","","","","","","","","","","","","","","","","","","","","","45.4496463","","39.5307932","","41.8152575","","49.1211731","43.7740306","42.3733184","44.4181741","45.7225878","47.0295098","46.9117938","49.4814008","47.7331656","48.1592055","47.9577187","48.5462523","54.0569792","53.0872671","50.6200095","49.9814465","49.4433819","49.9535152","49.1348325","46.7645248","41.5449098","45.8075951","46.002677","",
"Lower middle income","LMC","Government Effectiveness - Governance score (0-100)","GOV_WGI_GE_SC","","","","","","","","","","","","","","","","","","","","","","","","","","","","","","","","","","","","","","","","","","","","","","","","","","","","","","","","","","","","","","","","","","",
"Low & middle income","LMY","Government Effectiveness - Governance score (0-100)","GOV_WGI_GE_SC","","","","","","","","","","","","","","","","","","","","","","","","","","","","","","","","","","","","","","","","","","","","","","","","","","","","","","","","","","","","","","","","","","",
"Lesotho","LSO","Government Effectiveness - Governance score (0-100)","GOV_WGI_GE_SC","","","","","","","","","","","","","","","","","","","","","","","","","","","","","","","","","","","","","56.0635515","","55.8860743","","55.947461","","56.5645287","56.323662","43.4494322","46.535482","42.0259102","41.2288045","41.9305761","44.85841","44.4932591","44.0414812","42.7256752","42.547078","41.6414591","40.2583593","39.2668932","39.031953","39.0551361","38.2270795","37.5628193","37.4651208","36.7977885","36.7512861","38.7584729","",
"Late-demographic dividend","LTE","Government Effectiveness - Governance score (0-100)","GOV_WGI_GE_SC","","","","","","","","","","","","","","","","","","","","","","","","","","","","","","","","","","","","","","","","","","","","","","","","","","","","","","","","","","","","","","","","","","",
"Lithuania","LTU","Government Effectiveness - Governance score (0-100)","GOV_WGI_GE_SC","","","","","","","","","","","","","","","","","","","","","","","","","","","","","","","","","","","","","50.9406025","","49.9896111","","49.9965642","","61.6884363","65.8862407","62.809071","64.0806321","62.0345145","60.3695406","57.0876642","61.7728797","62.5650427","62.6075784","65.0568113","65.1204866","66.7899366","68.4405239","67.7749803","66.0837298","68.0850852","67.8873629","69.9897592","70.3703584","69.679071","69.7124583","74.7023169","",
"Luxembourg","LUX","Government Effectiveness - Governance score (0-100)","GOV_WGI_GE_SC","","","","","","","","","","","","","","","","","","","","","","","","","","","","","","","","","","","","","86.6218784","","87.1449284","","89.7701997","","94.4504375","90.7774719","88.5276762","85.2171257","87.2127822","86.5902799","86.9453938","88.3429036","87.3191993","89.2339083","88.3510448","87.024776","86.9661503","88.275779","88.1416813","89.1473708","89.1039445","89.8818589","89.8868696","89.2797243","89.5582268","93.0595368","91.0007125","",
"Latvia","LVA","Government Effectiveness - Governance score (0-100)","GOV_WGI_GE_SC","","","","","","","","","","","","","","","","","","","","","","","","","","","","","","","","","","","","","43.2139981","","49.9896111","","50.7053746","","58.1569375","59.9126586","59.4994343","59.1580498","59.6438178","57.3152623","57.9579416","59.6535379","62.2370357","62.4202431","63.1971542","65.060776","68.3450712","66.1498453","64.7237353","64.3896637","66.8588792","67.4626841","66.8280255","68.4428785","65.4871192","63.7345266","65.7908892","",
"Macao SAR, China","MAC","Government Effectiveness - Governance score (0-100)","GOV_WGI_GE_SC","","","","","","","","","","","","","","","","","","","","","","","","","","","","","","","","","","","","","56.0635515","","55.8860743","","55.947461","","65.9914368","75.7806317","76.8580307","75.6467849","65.5504056","65.6370384","65.7046083","72.4127136","72.4399994","72.4239464","64.7013844","64.7059012","77.1238596","77.0901903","73.0234405","77.105695","73.0481072","73.0684456","73.0103605","73.0448309","73.0396413","73.057907","73.0385835","",
"St. Martin (French part)","MAF","Government Effectiveness - Governance score (0-100)","GOV_WGI_GE_SC","","","","","","","","","","","","","","","","","","","","","","","","","","","","","","","","","","","","","","","","","","","","","","","","","","","","","","","","","","","","","","","","","","",
"Morocco","MAR","Government Effectiveness - Governance score (0-100)","GOV_WGI_GE_SC","","","","","","","","","","","","","","","","","","","","","","","","","","","","","","","","","","","","","51.2867936","","51.2050898","","51.2333497","","46.1375329","45.5378132","44.0065714","41.584352","45.0071082","45.9655136","45.4284873","45.9436313","49.0676398","48.1264617","47.4286781","47.0830645","46.0979352","46.7442758","48.6246078","46.224121","45.1923591","48.7485362","50.2181269","48.9260271","49.0068481","50.9743068","54.7695462","",
"Monaco","MCO","Government Effectiveness - Governance score (0-100)","GOV_WGI_GE_SC","","","","","","","","","","","","","","","","","","","","","","","","","","","","","","","","","","","","","","","","","","","","","","","","","","","","","","","","86.2956019","86.3148087","86.3210444","86.3552853","86.388661","86.2933425","86.3499091","85.1169463","85.1397113","85.1156279","",
"Moldova","MDA","Government Effectiveness - Governance score (0-100)","GOV_WGI_GE_SC","","","","","","","","","","","","","","","","","","","","","","","","","","","","","","","","","","","","","37.0963164","","39.5307932","","38.325927","","37.2204587","37.123678","35.2711101","33.8112142","34.9557126","36.6284077","37.1967797","36.8304505","39.5938113","40.0762894","40.4034039","41.5935899","42.3200321","39.1125524","39.6467127","43.5127419","47.1483109","46.0297022","46.0479252","47.2544422","48.7390436","50.6857886","56.349995","",
"Madagascar","MDG","Government Effectiveness - Governance score (0-100)","GOV_WGI_GE_SC","","","","","","","","","","","","","","","","","","","","","","","","","","","","","","","","","","","","","32.4784433","","32.3625355","","32.4026252","","41.4635074","34.2666476","38.2021347","40.3254587","39.9797498","42.5569769","41.2979513","40.8610773","38.5761288","36.9150359","33.6671671","33.2273375","32.0469688","31.9055311","35.093734","35.3968099","34.0798431","34.4679496","33.7064168","32.9487125","33.4865068","32.7748557","34.5565404","",
"Maldives","MDV","Government Effectiveness - Governance score (0-100)","GOV_WGI_GE_SC","","","","","","","","","","","","","","","","","","","","","","","","","","","","","","","","","","","","","66.1026449","","65.9251677","","65.9865524","","65.9914368","65.7415403","55.0028627","51.0200061","50.9865001","51.0371693","48.9276331","48.2904487","51.2285024","49.4525575","50.5952398","49.4607726","47.9981584","46.8270354","50.0486178","45.3213157","45.3455235","51.477378","49.4290244","54.2007347","47.038773","47.0560879","47.0377697","",
"Middle East, North Africa, Afghanistan & Pakistan","MEA","Government Effectiveness - Governance score (0-100)","GOV_WGI_GE_SC","","","","","","","","","","","","","","","","","","","","","","","","","","","","","","","","","","","","","","","","","","","","","","","","","","","","","","","","","","","","","","","","","","",
"Mexico","MEX","Government Effectiveness - Governance score (0-100)","GOV_WGI_GE_SC","","","","","","","","","","","","","","","","","","","","","","","","","","","","","","","","","","","","","43.2983677","","52.07261","","51.6959152","","45.2130767","46.0847346","46.6085662","48.807541","49.685491","48.2335983","51.4690774","53.3610427","49.9711645","53.2634999","55.1941472","55.6731428","53.8959477","53.2847969","53.8304719","51.5346523","50.8168666","51.171928","50.4408854","50.4510527","49.640729","49.8847981","47.0640988","",
"Marshall Islands","MHL","Government Effectiveness - Governance score (0-100)","GOV_WGI_GE_SC","","","","","","","","","","","","","","","","","","","","","","","","","","","","","","","","","","","","","","","","","","","","","","39.4668224","34.4075215","32.3852753","32.6827008","32.5367831","36.2885787","27.3344306","27.3419185","27.9665498","28.3047183","45.1816241","45.1952038","45.1996137","44.8377585","44.8613558","47.1609864","47.2009789","48.1121995","48.1295144","45.6833556","",
"Middle income","MIC","Government Effectiveness - Governance score (0-100)","GOV_WGI_GE_SC","","","","","","","","","","","","","","","","","","","","","","","","","","","","","","","","","","","","","","","","","","","","","","","","","","","","","","","","","","","","","","","","","","",
"North Macedonia","MKD","Government Effectiveness - Governance score (0-100)","GOV_WGI_GE_SC","","","","","","","","","","","","","","","","","","","","","","","","","","","","","","","","","","","","","38.705241","","30.8704851","","30.890246","","39.1565367","36.8338552","47.3549288","43.0753078","44.6618757","44.6860563","45.8778911","46.7777662","41.1732977","44.4563271","49.474154","49.7245968","54.0746013","49.9349423","48.971073","49.4017192","51.9896735","49.0421098","49.5459238","49.8085522","51.5563966","51.7750718","50.7116064","",
"Mali","MLI","Government Effectiveness - Governance score (0-100)","GOV_WGI_GE_SC","","","","","","","","","","","","","","","","","","","","","","","","","","","","","","","","","","","","","25.0165964","","24.9006887","","24.9407784","","35.5754654","30.4245578","31.8921847","34.082258","33.514271","34.5407888","35.1261024","35.6915559","33.3657731","35.3537589","33.6446198","34.75555","30.9247572","33.0954079","33.2650453","34.3855283","32.304991","30.0408787","29.5164054","28.3756073","27.8906754","27.5043888","26.3132851","",
"Malta","MLT","Government Effectiveness - Governance score (0-100)","GOV_WGI_GE_SC","","","","","","","","","","","","","","","","","","","","","","","","","","","","","","","","","","","","","70.8023579","","66.9555257","","66.9956154","","66.9988042","65.1732752","64.6752166","67.3443361","69.4564","71.1183174","73.5107582","70.5809955","70.5465212","70.556636","72.1816272","74.4396885","72.0387467","70.9586197","72.9304475","71.0115775","71.0561918","70.662952","72.2978247","71.2261967","69.0907066","66.1378522","63.4443032","",
"Myanmar","MMR","Government Effectiveness - Governance score (0-100)","GOV_WGI_GE_SC","","","","","","","","","","","","","","","","","","","","","","","","","","","","","","","","","","","","","25.109255","","25.0275512","","25.0558111","","20.7904951","20.6929697","19.4227872","17.8237479","20.4050874","20.4345178","20.0417175","18.9080126","25.7402737","25.8502082","21.0906738","21.2302838","26.0569487","26.8902786","28.9339112","27.0022334","25.6752646","25.7175242","25.707738","21.3650756","19.363269","20.5926852","21.0407163","",
"Middle East, North Africa, Afghanistan & Pakistan (excluding high income)","MNA","Government Effectiveness - Governance score (0-100)","GOV_WGI_GE_SC","","","","","","","","","","","","","","","","","","","","","","","","","","","","","","","","","","","","","","","","","","","","","","","","","","","","","","","","","","","","","","","","","","",
"Montenegro","MNE","Government Effectiveness - Governance score (0-100)","GOV_WGI_GE_SC","","","","","","","","","","","","","","","","","","","","","","","","","","","","","","","","","","","","","","","","","","","","","","","53.7516576","44.8845758","46.0373379","48.5767288","44.7938695","44.8981458","49.5291436","51.1741933","57.41865","57.4437911","56.1982403","56.9180812","55.0439421","55.2321136","53.0983988","50.8616715","51.7162109","56.7205669","58.4666107","",
"Mongolia","MNG","Government Effectiveness - Governance score (0-100)","GOV_WGI_GE_SC","","","","","","","","","","","","","","","","","","","","","","","","","","","","","","","","","","","","","39.9402901","","39.8243824","","39.8644721","","42.751561","42.3905089","43.1962263","39.7588191","40.2133095","38.2836557","37.9990439","39.1572133","40.8907936","40.7519827","40.7114186","41.6177432","45.4144662","44.866662","44.3627936","42.6445022","45.5577939","44.7572467","45.2804191","44.4962243","45.5327286","44.2647549","43.7724984","",
"Northern Mariana Islands","MNP","Government Effectiveness - Governance score (0-100)","GOV_WGI_GE_SC","","","","","","","","","","","","","","","","","","","","","","","","","","","","","","","","","","","","","","","","","","","","","","","","","","","","","","","","","","","","","","","","","","",
"Mozambique","MOZ","Government Effectiveness - Governance score (0-100)","GOV_WGI_GE_SC","","","","","","","","","","","","","","","","","","","","","","","","","","","","","","","","","","","","","50.0713148","","39.4698071","","39.498067","","35.9983942","31.630826","35.8015216","36.8159511","38.3014431","39.7278798","40.0904174","42.6380857","38.7396608","37.6799209","40.4963872","40.767919","40.2254309","40.0610803","38.0728145","37.926121","37.9801015","38.7009555","35.3508131","35.4238973","36.3553301","36.2136298","37.4225793","",
"Mauritania","MRT","Government Effectiveness - Governance score (0-100)","GOV_WGI_GE_SC","","","","","","","","","","","","","","","","","","","","","","","","","","","","","","","","","","","","","46.0244582","","45.8469829","","45.9083676","","45.913252","45.6633535","40.0786499","38.1680766","34.781638","36.42003","33.1662774","36.4988833","41.3195206","41.5159207","38.6936523","35.186725","34.8978977","33.2308783","33.9295544","35.3834265","35.117094","35.3171652","33.8252956","34.8463049","34.2890452","35.4205374","36.9276512","",
"Mauritius","MUS","Government Effectiveness - Governance score (0-100)","GOV_WGI_GE_SC","","","","","","","","","","","","","","","","","","","","","","","","","","","","","","","","","","","","","60.5412585","","60.3241233","","59.3953446","","62.5866547","62.7796716","62.4553026","63.1583711","63.2096878","63.2214864","67.4865633","66.822305","65.5996417","65.8607943","70.5816974","69.3503873","71.8078568","71.9363001","72.739377","71.3453769","69.4936139","68.0541381","67.5162388","65.7050011","65.5727176","67.3580344","66.2220234","",
"Malawi","MWI","Government Effectiveness - Governance score (0-100)","GOV_WGI_GE_SC","","","","","","","","","","","","","","","","","","","","","","","","","","","","","","","","","","","","","34.352594","","39.5307932","","39.5590532","","31.8862834","29.3079169","32.3202156","33.0169474","34.586144","35.6990594","38.6006458","40.609423","40.7885433","39.9852505","40.1363072","40.2491487","40.7874505","39.9559445","39.499992","40.0975086","39.0186183","38.0011614","36.788255","38.1231395","36.1458285","36.3969461","37.2287788","",
"Malaysia","MYS","Government Effectiveness - Governance score (0-100)","GOV_WGI_GE_SC","","","","","","","","","","","","","","","","","","","","","","","","","","","","","","","","","","","","","66.3728662","","65.5531569","","68.3473792","","69.2235073","69.5250763","67.7049022","66.4832558","67.3957364","68.6942469","66.5275006","65.070113","70.0195183","68.8710281","68.3782913","68.2768986","69.2141509","67.6059224","66.4538797","66.1388399","68.0473561","67.2315239","68.2086053","66.9664999","66.618172","65.8744129","69.1273333","",
"North America","NAC","Government Effectiveness - Governance score (0-100)","GOV_WGI_GE_SC","","","","","","","","","","","","","","","","","","","","","","","","","","","","","","","","","","","","","","","","","","","","","","","","","","","","","","","","","","","","","","","","","","",
"Namibia","NAM","Government Effectiveness - Governance score (0-100)","GOV_WGI_GE_SC","","","","","","","","","","","","","","","","","","","","","","","","","","","","","","","","","","","","","68.4199871","","60.4484289","","60.4766888","","54.0576442","54.614589","53.3799346","52.2021286","56.7168337","57.0967465","58.5900919","60.5432807","56.0309459","55.0228901","59.0771238","57.8626989","57.4938848","57.0330518","55.908958","56.5592477","57.438306","56.9167337","54.2548707","54.4441369","54.5564222","54.3336618","53.2721077","",
"New Caledonia","NCL","Government Effectiveness - Governance score (0-100)","GOV_WGI_GE_SC","","","","","","","","","","","","","","","","","","","","","","","","","","","","","","","","","","","","","","","","","","","","","","","","","","","","","","","","","","","","","","","","","","",
"Niger","NER","Government Effectiveness - Governance score (0-100)","GOV_WGI_GE_SC","","","","","","","","","","","","","","","","","","","","","","","","","","","","","","","","","","","","","25.9220111","","25.8061034","","25.8461931","","31.0137175","30.8836564","35.0959059","36.8706569","35.6642176","35.4352604","36.8520723","38.0651866","37.0491102","37.8143043","39.8709936","38.945293","39.8920029","39.8518529","40.3343135","38.6065315","39.4263789","38.4169834","38.558355","38.9059363","38.7999217","39.4498983","36.3750735","",
"Nigeria","NGA","Government Effectiveness - Governance score (0-100)","GOV_WGI_GE_SC","","","","","","","","","","","","","","","","","","","","","","","","","","","","","","","","","","","","","30.3691579","","25.6047975","","26.6990311","","21.6606014","24.6492911","30.1132377","30.1507958","31.0124497","32.7538387","31.5697756","29.5565418","29.2210274","29.5352331","32.4814474","32.2468183","30.8288399","33.5709036","33.4681925","34.6017808","34.8939836","32.5216168","32.2041115","30.9230481","30.7911243","34.4678426","31.7683438","",
"Nicaragua","NIC","Government Effectiveness - Governance score (0-100)","GOV_WGI_GE_SC","","","","","","","","","","","","","","","","","","","","","","","","","","","","","","","","","","","","","27.8344705","","27.7679642","","25.4661402","","25.3333726","25.6663709","30.5668103","32.0706711","34.1402323","34.3341183","33.6979392","35.0483672","35.4785214","35.7622252","36.6817835","37.0573739","36.5433032","36.6623686","36.056526","41.6630439","36.3551589","36.8803361","35.8205845","36.6591506","33.4313286","33.1258883","30.8663765","",
"Netherlands","NLD","Government Effectiveness - Governance score (0-100)","GOV_WGI_GE_SC","","","","","","","","","","","","","","","","","","","","","","","","","","","","","","","","","","","","","88.8672486","","90.1135947","","92.1463153","","91.8725785","89.3183051","87.3496797","89.2052342","85.4723168","85.5128129","85.7285404","85.8905927","85.099748","87.3846556","88.6857153","88.0978759","88.612248","88.8292083","89.4892666","90.3198724","90.8032877","91.4720745","91.0015797","87.3814124","85.6594208","85.3894503","85.406351","",
"Norway","NOR","Government Effectiveness - Governance score (0-100)","GOV_WGI_GE_SC","","","","","","","","","","","","","","","","","","","","","","","","","","","","","","","","","","","","","88.2250398","","86.4949478","","88.4828869","","88.2539044","87.5349113","88.1996945","88.2159789","89.0345585","88.5597394","84.7214452","86.0844943","85.9512775","86.591153","89.2646824","88.9471751","89.3339128","88.8100598","89.458967","91.4668285","89.0113774","89.1522784","89.2537957","90.0666199","86.7536233","86.087267","87.1769157","",
"Nepal","NPL","Government Effectiveness - Governance score (0-100)","GOV_WGI_GE_SC","","","","","","","","","","","","","","","","","","","","","","","","","","","","","","","","","","","","","35.9853648","","35.8078895","","35.8692743","","30.9755839","30.7958278","37.3913074","33.4250618","31.2547592","32.9333497","31.5758422","36.0338815","37.8746994","35.8569059","29.7673402","30.889301","33.9323368","28.7198131","32.24893","33.3015495","33.5608919","29.725032","31.3834164","32.9449151","32.7808542","34.9287923","34.1416692","",
"Naoero","NRU","Government Effectiveness - Governance score (0-100)","GOV_WGI_GE_SC","","","","","","","","","","","","","","","","","","","","","","","","","","","","","","","","","","","","","","","","","","","","","","","","41.9995557","44.7005576","45.739088","45.9361706","45.820226","45.8494289","45.8820424","47.2009633","51.4935243","50.472513","50.4784473","56.8800001","50.5427934","50.4520871","50.5059159","50.4978097","50.526336","51.5354476","",
"New Zealand","NZL","Government Effectiveness - Governance score (0-100)","GOV_WGI_GE_SC","","","","","","","","","","","","","","","","","","","","","","","","","","","","","","","","","","","","","89.9255632","","88.1304544","","85.9508867","","90.9465182","90.2727673","86.3015654","88.5181312","87.2268499","86.6856334","86.6780697","89.5863681","86.5023949","89.5047285","89.6998415","88.9729832","90.8814351","89.258822","86.779933","86.0992134","84.4641774","84.0805878","84.2310864","82.5086321","83.5496532","84.9223349","87.2960648","",
"OECD members","OED","Government Effectiveness - Governance score (0-100)","GOV_WGI_GE_SC","","","","","","","","","","","","","","","","","","","","","","","","","","","","","","","","","","","","","","","","","","","","","","","","","","","","","","","","","","","","","","","","","","",
"Oman","OMN","Government Effectiveness - Governance score (0-100)","GOV_WGI_GE_SC","","","","","","","","","","","","","","","","","","","","","","","","","","","","","","","","","","","","","56.5466965","","51.2050898","","51.2333497","","53.3941851","57.0904019","54.9701598","57.039863","54.5680264","53.6674241","56.0810434","56.4808066","57.5486916","52.9131147","52.3337316","51.050924","54.0383946","52.9066438","54.4782689","53.4953095","53.5065773","55.3079939","53.3201442","53.3387599","60.0293791","60.5179762","62.3751465","",
"Other small states","OSS","Government Effectiveness - Governance score (0-100)","GOV_WGI_GE_SC","","","","","","","","","","","","","","","","","","","","","","","","","","","","","","","","","","","","","","","","","","","","","","","","","","","","","","","","","","","","","","","","","","",
"Pakistan","PAK","Government Effectiveness - Governance score (0-100)","GOV_WGI_GE_SC","","","","","","","","","","","","","","","","","","","","","","","","","","","","","","","","","","","","","40.8279758","","40.746272","","40.7745319","","39.5438168","35.9104625","38.5567664","38.8299938","40.9037472","41.0735907","35.9210693","36.200124","36.22957","35.2850418","38.7006114","38.5071064","38.0755445","39.4682574","41.026367","43.1480596","41.4757961","41.6806369","39.3830517","41.2872377","38.0780236","38.5358563","39.6677025","",
"Panama","PAN","Government Effectiveness - Governance score (0-100)","GOV_WGI_GE_SC","","","","","","","","","","","","","","","","","","","","","","","","","","","","","","","","","","","","","44.3373511","","54.6796292","","50.2691888","","47.4666561","46.6477265","48.7060491","49.0768679","50.5244713","52.5227488","51.9128541","53.2349249","53.721251","53.7761823","55.8430758","55.5098189","55.7389103","57.5817581","59.066869","58.0172633","57.6756338","61.0079753","55.8409117","55.4272518","52.1167285","51.9467897","56.1071256","",
"Peru","PER","Government Effectiveness - Governance score (0-100)","GOV_WGI_GE_SC","","","","","","","","","","","","","","","","","","","","","","","","","","","","","","","","","","","","","42.5024423","","46.8565261","","41.9095844","","38.7623033","34.2594786","36.4495499","37.226743","38.3484354","38.7163319","39.4415413","43.5436404","47.4948266","48.1723049","49.204691","49.2958115","47.4749568","46.5035997","48.0215612","49.9120761","48.2135515","52.2664708","49.2735889","50.2448974","49.6189517","47.5089547","47.443648","",
"Philippines","PHL","Government Effectiveness - Governance score (0-100)","GOV_WGI_GE_SC","","","","","","","","","","","","","","","","","","","","","","","","","","","","","","","","","","","","","48.0771556","","50.7348323","","45.2630245","","43.7317302","43.1967241","46.2801684","48.481109","50.2983996","52.0082814","50.9115979","50.7727229","51.2799648","52.8918663","55.6852603","56.0614632","60.1755923","59.274047","56.2005872","54.7710745","55.5875464","54.875588","54.8698093","54.3791841","52.0364364","53.3201947","54.1505555","",
"Palau","PLW","Government Effectiveness - Governance score (0-100)","GOV_WGI_GE_SC","","","","","","","","","","","","","","","","","","","","","","","","","","","","","","","","","","","","","","","","","","","","","","","","","42.2969831","43.3355116","41.1290275","45.820226","45.8494289","45.8820424","47.2009633","45.1245636","45.142841","45.1487753","51.5503203","51.5820821","50.9717305","51.0255593","50.4978097","50.526336","51.5354476","",
"Papua New Guinea","PNG","Government Effectiveness - Governance score (0-100)","GOV_WGI_GE_SC","","","","","","","","","","","","","","","","","","","","","","","","","","","","","","","","","","","","","46.0878787","","40.746272","","40.7745319","","37.3724856","37.2749603","41.0247084","33.1365028","37.0440295","37.3536133","38.7190151","38.3311691","38.0060321","38.0542669","38.5512871","38.3866682","37.072968","37.0560828","35.447969","37.4952571","37.7947475","37.2099103","34.1121999","33.6827767","30.2527252","30.2610764","33.8321749","",
"Poland","POL","Government Effectiveness - Governance score (0-100)","GOV_WGI_GE_SC","","","","","","","","","","","","","","","","","","","","","","","","","","","","","","","","","","","","","64.8619823","","58.9956786","","59.1681802","","57.0512339","60.3584342","56.8832803","60.3110102","57.3147645","55.7849285","59.3020561","60.4228425","61.9844209","62.5902655","63.0116543","64.0632258","69.011587","68.2915982","65.9236394","63.461552","64.7981864","64.234619","64.4958416","62.7886528","61.3624514","63.6700055","64.4341341","",
"Pre-demographic dividend","PRE","Government Effectiveness - Governance score (0-100)","GOV_WGI_GE_SC","","","","","","","","","","","","","","","","","","","","","","","","","","","","","","","","","","","","","","","","","","","","","","","","","","","","","","","","","","","","","","","","","","",
"Puerto Rico (US)","PRI","Government Effectiveness - Governance score (0-100)","GOV_WGI_GE_SC","","","","","","","","","","","","","","","","","","","","","","","","","","","","","","","","","","","","","76.1417363","","75.964261","","76.0256458","","76.0305301","75.7806317","67.1231546","75.6467849","61.6571197","60.6990895","60.9793965","55.5079445","55.3349316","55.3515912","56.1920571","55.418957","58.3470086","57.5577584","57.5664771","41.847206","44.9006424","46.9040804","43.698022","43.7247381","40.6780488","45.3536609","46.3781293","",
"Korea, Dem. People's Rep.","PRK","Government Effectiveness - Governance score (0-100)","GOV_WGI_GE_SC","","","","","","","","","","","","","","","","","","","","","","","","","","","","","","","","","","","","","12.8091468","","5.2313922","","5.2714819","","3.6011881","3.471127","14.7712273","14.1147369","14.0946901","14.1250053","13.7105832","17.4373602","23.2825962","23.1444795","16.2472345","16.2498284","22.9426739","22.9233388","22.9300606","22.9322422","22.5258797","26.9744984","26.9411442","22.5239975","25.3819029","26.6321106","26.6210975","",
"Portugal","PRT","Government Effectiveness - Governance score (0-100)","GOV_WGI_GE_SC","","","","","","","","","","","","","","","","","","","","","","","","","","","","","","","","","","","","","65.3840853","","64.9400656","","67.9709508","","72.6460301","68.3321604","64.685555","65.5595306","67.4823984","67.0800588","68.7035976","70.9220767","65.6166708","68.0243655","69.0760206","69.1208449","69.4932212","72.9656451","72.6031483","75.2574904","71.9545074","71.0506386","72.704298","74.0464254","71.2121173","70.1204736","69.76339","",
"Paraguay","PRY","Government Effectiveness - Governance score (0-100)","GOV_WGI_GE_SC","","","","","","","","","","","","","","","","","","","","","","","","","","","","","","","","","","","","","35.3686491","","30.0760782","","27.2747919","","24.7057507","24.6647783","29.9102693","32.4593843","33.8718193","33.9392647","34.9621719","36.1948566","36.420242","36.7122348","36.4824628","36.5389885","36.9819642","36.0687116","38.1443957","38.8443202","41.6272611","42.2719023","39.5287497","40.1212829","41.7004406","44.7713941","44.447377","",
"West Bank and Gaza","PSE","Government Effectiveness - Governance score (0-100)","GOV_WGI_GE_SC","","","","","","","","","","","","","","","","","","","","","","","","","","","","","","","","","","","","","25.9462734","","25.7687961","","25.8301809","","25.8350652","25.5851688","42.2723534","32.5321788","34.473565","36.0702671","34.8702269","43.7757436","48.6722709","42.561906","42.1441162","42.2662888","46.054225","46.4789971","45.3362157","48.6283333","42.2874381","42.6448969","42.5948461","39.1102794","37.4267053","31.079971","29.9794589","",
"Pacific island small states","PSS","Government Effectiveness - Governance score (0-100)","GOV_WGI_GE_SC","","","","","","","","","","","","","","","","","","","","","","","","","","","","","","","","","","","","","","","","","","","","","","","","","","","","","","","","","","","","","","","","","","",
"Post-demographic dividend","PST","Government Effectiveness - Governance score (0-100)","GOV_WGI_GE_SC","","","","","","","","","","","","","","","","","","","","","","","","","","","","","","","","","","","","","","","","","","","","","","","","","","","","","","","","","","","","","","","","","","",
"French Polynesia","PYF","Government Effectiveness - Governance score (0-100)","GOV_WGI_GE_SC","","","","","","","","","","","","","","","","","","","","","","","","","","","","","","","","","","","","","","","","","","","","","","","","","","","","","","","","","","","","","","","","","","",
"Qatar","QAT","Government Effectiveness - Governance score (0-100)","GOV_WGI_GE_SC","","","","","","","","","","","","","","","","","","","","","","","","","","","","","","","","","","","","","55.9084641","","55.8267603","","55.8550203","","56.7227291","56.6283731","56.0396743","55.4015099","58.981154","63.8304381","65.2511368","71.2981921","70.0924275","70.9408518","70.2942915","73.5009934","70.454238","71.4469466","71.3532322","70.2034412","67.0161522","69.663893","70.089857","73.268826","74.4612461","73.631595","73.395251","",
"Romania","ROU","Government Effectiveness - Governance score (0-100)","GOV_WGI_GE_SC","","","","","","","","","","","","","","","","","","","","","","","","","","","","","","","","","","","","","34.352594","","34.2708903","","38.9046997","","42.1031515","39.8812892","45.078003","41.3105724","42.5316841","41.9983483","41.5058701","41.6206754","46.9432834","47.8694759","47.638551","50.4486805","50.3717113","51.1153654","49.0223916","49.0059945","49.355108","48.5141794","46.4798604","49.8294468","55.2104413","53.9057495","59.4705016","",
"Russian Federation","RUS","Government Effectiveness - Governance score (0-100)","GOV_WGI_GE_SC","","","","","","","","","","","","","","","","","","","","","","","","","","","","","","","","","","","","","37.0586144","","34.4794624","","31.340309","","36.1242184","35.8922727","38.1292566","34.7679436","35.3555263","37.2876864","36.5122958","35.7070412","35.6283415","35.6187517","35.1716326","36.98092","47.4684664","45.0710518","44.9980608","47.1232942","48.1709302","52.1461979","50.4999408","49.0645229","47.2828965","47.2868281","45.088178","",
"Rwanda","RWA","Government Effectiveness - Governance score (0-100)","GOV_WGI_GE_SC","","","","","","","","","","","","","","","","","","","","","","","","","","","","","","","","","","","","","25.9462734","","25.7687961","","25.8301809","","23.7543257","23.5745696","37.7135143","37.1275649","44.1572178","44.0967372","46.583954","46.762872","48.7558083","49.0139879","49.5913373","51.1605222","50.5563848","50.3756701","53.6784936","57.4987691","56.7310978","55.7922219","56.4078546","55.4292332","58.5045849","59.2865923","58.1246449","",
"South Asia","SAS","Government Effectiveness - Governance score (0-100)","GOV_WGI_GE_SC","","","","","","","","","","","","","","","","","","","","","","","","","","","","","","","","","","","","","","","","","","","","","","","","","","","","","","","","","","","","","","","","","","",
"Saudi Arabia","SAU","Government Effectiveness - Governance score (0-100)","GOV_WGI_GE_SC","","","","","","","","","","","","","","","","","","","","","","","","","","","","","","","","","","","","","45.4496463","","45.3679406","","45.3962005","","40.6328803","40.5506399","41.1105265","42.2803838","47.579204","48.6124747","49.9245436","50.4049334","53.073876","51.5118931","51.2044443","49.8606797","52.8043993","52.9975543","56.8213355","54.7809656","56.5030836","56.4333535","53.4389277","58.8939981","61.3410999","65.4540371","66.5710105","",
"Sudan","SDN","Government Effectiveness - Governance score (0-100)","GOV_WGI_GE_SC","","","","","","","","","","","","","","","","","","","","","","","","","","","","","","","","","","","","","29.7309255","","29.6492198","","29.6774797","","25.2511866","21.235802","26.3067713","23.1902877","28.5979594","28.4706672","25.8668562","27.4996056","25.7057645","25.6491299","25.7528404","25.8422537","25.8815909","26.1909997","26.5963122","27.1943753","22.3317137","23.7455895","23.5485827","23.2904788","21.4739485","16.8737656","16.4591471","",
"Senegal","SEN","Government Effectiveness - Governance score (0-100)","GOV_WGI_GE_SC","","","","","","","","","","","","","","","","","","","","","","","","","","","","","","","","","","","","","45.4496463","","40.1080395","","40.1362995","","40.8356036","36.6895358","39.1925645","40.843286","41.1530001","42.7186189","46.1249118","44.7084538","45.788363","46.4693043","46.6746915","47.8301601","48.9253115","48.1766856","47.7480792","50.7623495","49.6678242","53.7598532","52.997811","53.8862413","53.6808016","54.28861","55.8984038","",
"Singapore","SGP","Government Effectiveness - Governance score (0-100)","GOV_WGI_GE_SC","","","","","","","","","","","","","","","","","","","","","","","","","","","","","","","","","","","","","94.7718375","","96.2460578","","96.9403201","","91.5412621","91.8302256","93.275029","93.6196879","94.0903284","95.6676507","95.925595","93.3599333","93.6769719","92.7010182","94.9863419","93.6220464","93.3818933","93.8738309","95.0042168","94.4261072","94.4482054","94.9771682","94.4177755","94.4686196","94.1426523","95.3284225","95.6655857","",
"Solomon Islands","SLB","Government Effectiveness - Governance score (0-100)","GOV_WGI_GE_SC","","","","","","","","","","","","","","","","","","","","","","","","","","","","","","","","","","","","","","","","","","","","","30.6173589","36.6636636","35.2466204","32.9768713","32.8332655","34.3608811","33.597643","34.591771","35.6728741","34.5384069","34.1642807","34.1319647","34.1431975","30.2323343","29.9329761","32.4288124","32.3614233","29.5707573","33.6434745","33.6582675","34.4510294","",
"Sierra Leone","SLE","Government Effectiveness - Governance score (0-100)","GOV_WGI_GE_SC","","","","","","","","","","","","","","","","","","","","","","","","","","","","","","","","","","","","","19.365579","","11.7878244","","11.827914","","10.9978624","10.8678033","24.3187156","25.2855733","28.0732217","29.1651764","28.5210661","28.2811444","29.1135234","29.3026709","29.9020484","29.7841088","30.9604681","28.950985","31.0381897","31.5694665","32.3906127","31.0425355","32.7329169","31.6595778","32.7063428","32.7813461","32.5361337","",
"El Salvador","SLV","Government Effectiveness - Governance score (0-100)","GOV_WGI_GE_SC","","","","","","","","","","","","","","","","","","","","","","","","","","","","","","","","","","","","","29.7872451","","34.0022381","","32.6343202","","34.0586452","35.0857542","42.0933731","41.1632043","43.1190471","43.1643867","42.553932","44.824803","47.2970654","45.7816782","46.2276637","46.8970397","49.0592944","45.4063483","45.0266455","44.5116454","44.241356","44.6381812","48.5651694","46.5089234","43.813815","49.4975432","47.7787327","",
"San Marino","SMR","Government Effectiveness - Governance score (0-100)","GOV_WGI_GE_SC","","","","","","","","","","","","","","","","","","","","","","","","","","","","","","","","","","","","","","","","","","","","","","","","","","","","","","","","79.6028749","79.6220817","79.6283194","79.6625603","79.695934","79.6006175","79.6571821","73.8781316","68.8179323","68.793847","",
"Somalia, Fed. Rep.","SOM","Government Effectiveness - Governance score (0-100)","GOV_WGI_GE_SC","","","","","","","","","","","","","","","","","","","","","","","","","","","","","","","","","","","","","11.9037321","","11.7878244","","11.827914","","14.050978","8.696023","13.9353872","11.9190326","11.9006425","11.9284513","12.0506025","14.1449704","10.8098893","10.6819243","11.1874825","10.6955099","8.4537913","11.4613962","12.9063358","12.43294","11.8103814","12.2348482","13.6404214","13.161278","13.508484","15.0705194","13.4236225","",
"Serbia","SRB","Government Effectiveness - Governance score (0-100)","GOV_WGI_GE_SC","","","","","","","","","","","","","","","","","","","","","","","","","","","","","","","","","","","","","40.8279758","","34.9091227","","34.8636684","","42.3284494","39.364226","45.8533372","43.2901234","44.758528","44.5485559","45.0068457","46.8141732","46.8152212","45.7020802","45.6508238","46.5369286","53.3985172","50.5063767","52.4828166","53.5512889","54.1095364","52.6343108","52.2674644","52.5624827","54.8176118","53.3537882","53.3227691","",
"Sub-Saharan Africa (excluding high income)","SSA","Government Effectiveness - Governance score (0-100)","GOV_WGI_GE_SC","","","","","","","","","","","","","","","","","","","","","","","","","","","","","","","","","","","","","","","","","","","","","","","","","","","","","","","","","","","","","","","","","","",
"South Sudan","SSD","Government Effectiveness - Governance score (0-100)","GOV_WGI_GE_SC","","","","","","","","","","","","","","","","","","","","","","","","","","","","","","","","","","","","","","","","","","","","","","","","","","","","20.6906617","22.2859444","19.1508295","15.7557228","12.8069807","11.4218237","9.7648452","10.9648523","10.6087176","9.2813794","7.7355934","8.235468","8.4465115","9.0916193","",
"Sub-Saharan Africa","SSF","Government Effectiveness - Governance score (0-100)","GOV_WGI_GE_SC","","","","","","","","","","","","","","","","","","","","","","","","","","","","","","","","","","","","","","","","","","","","","","","","","","","","","","","","","","","","","","","","","","",
"Small states","SST","Government Effectiveness - Governance score (0-100)","GOV_WGI_GE_SC","","","","","","","","","","","","","","","","","","","","","","","","","","","","","","","","","","","","","","","","","","","","","","","","","","","","","","","","","","","","","","","","","","",
"Sao Tome and Principe","STP","Government Effectiveness - Governance score (0-100)","GOV_WGI_GE_SC","","","","","","","","","","","","","","","","","","","","","","","","","","","","","","","","","","","","","35.9853648","","35.8078895","","35.8692743","","35.8741586","35.6242602","35.2952304","33.5700909","31.5273604","34.1452741","36.1484885","36.2222552","35.4588946","36.8454691","36.081041","34.9352711","37.0540723","38.5418684","39.741267","40.7292235","43.9278328","42.4090624","41.8378146","39.8252788","38.6919666","38.1821735","37.3665708","",
"Suriname","SUR","Government Effectiveness - Governance score (0-100)","GOV_WGI_GE_SC","","","","","","","","","","","","","","","","","","","","","","","","","","","","","","","","","","","","","39.0348755","","46.3808146","","52.9773364","","52.9805252","52.8173199","51.0695903","50.9616273","46.128017","45.9498515","48.3633016","49.9966031","50.0118122","49.2552668","51.3128816","51.1241716","50.0904536","50.072217","50.6703112","48.86759","48.8805183","48.6264355","48.5825543","45.5274846","44.1239744","44.136018","42.5072216","",
"Slovak Republic","SVK","Government Effectiveness - Governance score (0-100)","GOV_WGI_GE_SC","","","","","","","","","","","","","","","","","","","","","","","","","","","","","","","","","","","","","61.0084011","","58.2638174","","61.2088864","","58.8428759","61.5621551","65.4029324","68.274575","64.9890003","62.9013989","63.7645112","64.1709165","60.3353716","60.6032227","61.430173","60.4719231","65.2069308","63.8746246","65.5394255","62.4352091","61.6389123","59.8649255","64.9044752","65.6644156","66.8181382","62.7084734","64.126485","",
"Slovenia","SVN","Government Effectiveness - Governance score (0-100)","GOV_WGI_GE_SC","","","","","","","","","","","","","","","","","","","","","","","","","","","","","","","","","","","","","66.3938113","","61.0866613","","60.5322132","","64.0204509","67.2458911","66.4847685","65.96013","66.6016329","66.0814587","70.4420524","70.9491602","66.7615716","67.4058609","68.0873096","67.4943545","71.3685561","71.2158233","74.67346","75.4494767","76.6205375","76.0758989","77.9872169","77.47504","75.802794","73.9433915","72.521532","",
"Sweden","SWE","Government Effectiveness - Governance score (0-100)","GOV_WGI_GE_SC","","","","","","","","","","","","","","","","","","","","","","","","","","","","","","","","","","","","","85.5207947","","85.9036571","","89.3536524","","90.7449206","89.8772137","87.2003458","86.8969802","86.7097829","89.7790914","89.7862352","91.4146193","89.1761479","89.9131035","90.2247989","89.1206664","88.6060706","86.9421622","86.5662432","87.8289379","88.642499","88.1363537","89.8547462","89.5832785","88.5743205","84.2596283","85.8476797","",
"Eswatini","SWZ","Government Effectiveness - Governance score (0-100)","GOV_WGI_GE_SC","","","","","","","","","","","","","","","","","","","","","","","","","","","","","","","","","","","","","46.0244582","","45.8469829","","45.9083676","","45.913252","35.6242602","29.3731089","30.2583465","40.4325116","39.858985","45.2204965","43.5921765","46.3681273","44.451888","47.7003071","47.3037114","46.0111935","45.7013588","46.5114453","45.7502683","42.5740624","41.6919027","39.2160684","37.2765527","39.0505843","37.3840626","36.1519495","",
"Sint Maarten (Dutch part)","SXM","Government Effectiveness - Governance score (0-100)","GOV_WGI_GE_SC","","","","","","","","","","","","","","","","","","","","","","","","","","","","","","","","","","","","","","","","","","","","","","","","","","","","","","","","","","","","","","","","","","",
"Seychelles","SYC","Government Effectiveness - Governance score (0-100)","GOV_WGI_GE_SC","","","","","","","","","","","","","","","","","","","","","","","","","","","","","","","","","","","","","66.1026449","","65.9251677","","65.9865524","","65.9914368","65.7415403","56.7421342","57.912532","57.882946","57.9276867","57.9625848","62.9735071","62.9966319","62.9830269","65.153802","63.7929812","62.4827984","64.1264286","67.1504773","63.3720998","63.9890235","62.2651148","60.9952394","62.2528806","59.3334232","61.6339366","63.5273525","",
"Syrian Arab Republic","SYR","Government Effectiveness - Governance score (0-100)","GOV_WGI_GE_SC","","","","","","","","","","","","","","","","","","","","","","","","","","","","","","","","","","","","","30.3691579","","25.0275512","","29.6774797","","26.8796836","22.864299","27.3579228","26.4984622","31.4629424","32.6819813","36.2838694","37.442941","37.8431962","37.9439512","33.2996984","29.2645568","31.5785352","27.1159673","22.7390037","22.7411231","22.7527564","20.4407322","22.6938196","21.6579239","19.9404842","19.9499281","18.8174812","",
"Turks and Caicos Islands","TCA","Government Effectiveness - Governance score (0-100)","GOV_WGI_GE_SC","","","","","","","","","","","","","","","","","","","","","","","","","","","","","","","","","","","","","","","","","","","","","","","","","","","","","","","","","","","","","","","","","","",
"Chad","TCD","Government Effectiveness - Governance score (0-100)","GOV_WGI_GE_SC","","","","","","","","","","","","","","","","","","","","","","","","","","","","","","","","","","","","","35.9853648","","35.8078895","","35.8692743","","27.9739949","20.0635668","26.6026082","24.575608","23.1770074","23.4350801","22.5195196","25.3601664","26.123387","27.3543374","25.7021537","26.9706388","27.0068202","27.3784654","28.2551905","29.9436956","28.4343341","26.7968754","27.4402352","27.220965","28.4854174","27.707048","29.9423228","",
"East Asia & Pacific (IDA & IBRD countries)","TEA","Government Effectiveness - Governance score (0-100)","GOV_WGI_GE_SC","","","","","","","","","","","","","","","","","","","","","","","","","","","","","","","","","","","","","","","","","","","","","","","","","","","","","","","","","","","","","","","","","","",
"Europe & Central Asia (IDA & IBRD countries)","TEC","Government Effectiveness - Governance score (0-100)","GOV_WGI_GE_SC","","","","","","","","","","","","","","","","","","","","","","","","","","","","","","","","","","","","","","","","","","","","","","","","","","","","","","","","","","","","","","","","","","",
"Togo","TGO","Government Effectiveness - Governance score (0-100)","GOV_WGI_GE_SC","","","","","","","","","","","","","","","","","","","","","","","","","","","","","","","","","","","","","32.4784433","","24.9006887","","24.9407784","","19.275874","19.1458129","21.1697196","18.076946","20.6076396","21.136725","22.1588505","23.200593","24.9789334","25.015037","27.5056274","26.8797516","30.1819081","30.1761041","32.7136809","32.2214828","33.052911","35.1629664","34.1733493","34.287828","32.5101273","33.4969833","35.7568956","",
"Thailand","THA","Government Effectiveness - Governance score (0-100)","GOV_WGI_GE_SC","","","","","","","","","","","","","","","","","","","","","","","","","","","","","","","","","","","","","59.2285558","","53.1377787","","56.7787454","","53.3914376","55.0018108","54.5948805","56.1364744","54.6647876","54.2776202","53.3669421","55.9956569","54.0252135","53.713907","54.8456403","54.254093","53.8461108","52.6510813","53.1751287","54.3886359","54.7516616","54.0667732","53.6186352","55.3968725","55.7638453","57.278445","56.27225","",
"Tajikistan","TJK","Government Effectiveness - Governance score (0-100)","GOV_WGI_GE_SC","","","","","","","","","","","","","","","","","","","","","","","","","","","","","","","","","","","","","25.9462734","","25.7687961","","25.8301809","","23.524021","23.3467751","28.1021952","26.5688456","25.9786107","27.4868211","27.3750725","27.9737947","31.2450663","30.5650798","31.9722727","31.7987912","37.6333349","37.0338583","36.1671178","37.7511074","37.9433582","36.2561403","36.4857236","35.2353234","35.8259238","36.4005316","39.6559136","",
"Turkmenistan","TKM","Government Effectiveness - Governance score (0-100)","GOV_WGI_GE_SC","","","","","","","","","","","","","","","","","","","","","","","","","","","","","","","","","","","","","25.9462734","","25.7687961","","25.8301809","","17.7511478","17.5713937","22.4174073","17.5647788","22.6330726","22.6757231","23.0171445","23.1333012","18.0588494","18.0458803","25.6650331","25.2718284","39.5058232","39.4451462","35.8218153","34.0677197","33.4162634","35.3619409","32.1555481","32.1822681","41.89442","41.9067358","30.7465703","",
"Latin America & the Caribbean (IDA & IBRD countries)","TLA","Government Effectiveness - Governance score (0-100)","GOV_WGI_GE_SC","","","","","","","","","","","","","","","","","","","","","","","","","","","","","","","","","","","","","","","","","","","","","","","","","","","","","","","","","","","","","","","","","","",
"Timor-Leste","TLS","Government Effectiveness - Governance score (0-100)","GOV_WGI_GE_SC","","","","","","","","","","","","","","","","","","","","","","","","","","","","","","","","","","","","","","","","","","","45.913252","35.6242602","41.9493474","28.7927515","27.8726197","27.9486536","28.7574217","28.202225","25.6604677","26.6497794","26.8889797","25.4567391","32.1105002","32.090957","32.0977508","32.0999557","32.3196926","37.3865145","37.347539","37.1147338","36.5587787","34.7149314","33.8688152","",
"Middle East, North Africa, Afghanistan & Pakistan (IDA & IBRD)","TMN","Government Effectiveness - Governance score (0-100)","GOV_WGI_GE_SC","","","","","","","","","","","","","","","","","","","","","","","","","","","","","","","","","","","","","","","","","","","","","","","","","","","","","","","","","","","","","","","","","","",
"Tonga","TON","Government Effectiveness - Governance score (0-100)","GOV_WGI_GE_SC","","","","","","","","","","","","","","","","","","","","","","","","","","","","","","","","","","","","","","","","","","","","","37.9185184","38.812325","38.7718231","41.7538611","43.7825918","45.6569215","46.247205","45.2222601","45.2261411","45.2304733","49.0008574","48.9254515","48.9366863","52.8548488","55.3405159","55.3600358","52.7072979","52.7403819","46.5865692","48.5443896","50.6156521","",
"South Asia (IDA & IBRD)","TSA","Government Effectiveness - Governance score (0-100)","GOV_WGI_GE_SC","","","","","","","","","","","","","","","","","","","","","","","","","","","","","","","","","","","","","","","","","","","","","","","","","","","","","","","","","","","","","","","","","","",
"Sub-Saharan Africa (IDA & IBRD countries)","TSS","Government Effectiveness - Governance score (0-100)","GOV_WGI_GE_SC","","","","","","","","","","","","","","","","","","","","","","","","","","","","","","","","","","","","","","","","","","","","","","","","","","","","","","","","","","","","","","","","","","",
"Trinidad and Tobago","TTO","Government Effectiveness - Governance score (0-100)","GOV_WGI_GE_SC","","","","","","","","","","","","","","","","","","","","","","","","","","","","","","","","","","","","","51.2867936","","56.4649928","","62.8984415","","60.6283016","59.6320561","57.162617","52.4949458","52.8173043","53.8682711","53.4371641","56.1723642","56.1182631","56.9835726","57.79999","57.0339306","57.7974837","57.4099527","57.4444133","57.7224862","58.5127067","56.9038346","58.0585352","57.7989848","54.2714195","54.2803521","53.5044657","",
"Tunisia","TUN","Government Effectiveness - Governance score (0-100)","GOV_WGI_GE_SC","","","","","","","","","","","","","","","","","","","","","","","","","","","","","","","","","","","","","61.7456133","","61.6639076","","61.6921676","","60.2604441","55.7583388","56.7129837","56.5359596","61.507041","62.5005624","61.4693002","61.9131372","58.1843458","54.12445","53.9023545","50.1357795","51.1111655","51.0695475","50.2261845","52.3589057","53.3457442","52.4136018","50.7034788","51.05841","48.3762785","48.0648067","46.6866126","",
"Turkiye","TUR","Government Effectiveness - Governance score (0-100)","GOV_WGI_GE_SC","","","","","","","","","","","","","","","","","","","","","","","","","","","","","","","","","","","","","54.1290757","","45.6754166","","45.9089821","","49.8564079","48.9666126","52.9190452","52.3095685","52.8800113","55.0674616","53.8712791","55.8382459","56.4736084","57.6042976","58.8220358","57.1877853","60.6603143","57.8182771","55.4087042","56.9298118","52.2695935","55.4219261","52.7193901","51.8281987","50.8583854","49.1222075","49.9654888","",
"Tuvalu","TUV","Government Effectiveness - Governance score (0-100)","GOV_WGI_GE_SC","","","","","","","","","","","","","","","","","","","","","","","","","","","","","","","","","","","","","","","","","","","","","37.1072789","43.5050479","43.4505327","43.01333","43.0776314","43.8218026","44.3840537","44.3589884","40.0558596","40.0610978","35.5412284","32.1469889","32.1605666","36.8966943","40.2760767","40.299672","40.2322829","43.0253561","43.4053953","39.8572544","37.9049407","",
"Tanzania","TZA","Government Effectiveness - Governance score (0-100)","GOV_WGI_GE_SC","","","","","","","","","","","","","","","","","","","","","","","","","","","","","","","","","","","","","29.7309255","","35.486369","","35.514629","","38.1114828","36.2351738","37.4620876","40.9042002","43.0774642","43.3780959","41.2982177","42.385049","42.533823","41.7713471","39.6484529","40.2125686","41.9613677","43.8155825","44.5046552","44.388308","42.2802282","41.426521","41.8444761","41.8743343","43.0330171","43.4631091","45.6540613","",
"Uganda","UGA","Government Effectiveness - Governance score (0-100)","GOV_WGI_GE_SC","","","","","","","","","","","","","","","","","","","","","","","","","","","","","","","","","","","","","35.5680728","","40.746272","","40.7745319","","42.1162413","38.6330473","40.6937615","39.4660544","41.368014","42.5877704","40.9403603","41.9060844","42.6276598","42.0579617","41.3771021","42.0634196","45.3640692","45.4117071","43.9804114","44.2525868","41.6890095","41.2885677","40.1302213","40.2816746","41.3273449","42.9488536","44.5324232","",
"Ukraine","UKR","Government Effectiveness - Governance score (0-100)","GOV_WGI_GE_SC","","","","","","","","","","","","","","","","","","","","","","","","","","","","","","","","","","","","","28.660295","","28.235132","","31.3403167","","31.5598183","33.5518893","36.0692891","34.2393385","34.3093972","35.8757316","35.2942427","35.421496","35.5721055","35.2979254","37.8091089","36.9490299","41.2156954","40.5690047","41.3103761","41.9349724","44.2785291","44.0890082","43.8988087","43.4683901","38.9508053","40.0563826","39.6965613","",
"Upper middle income","UMC","Government Effectiveness - Governance score (0-100)","GOV_WGI_GE_SC","","","","","","","","","","","","","","","","","","","","","","","","","","","","","","","","","","","","","","","","","","","","","","","","","","","","","","","","","","","","","","","","","","",
"Uruguay","URY","Government Effectiveness - Governance score (0-100)","GOV_WGI_GE_SC","","","","","","","","","","","","","","","","","","","","","","","","","","","","","","","","","","","","","65.694688","","60.4021171","","59.3418561","","61.1635955","60.8832322","56.7098513","62.0958138","61.9172924","62.2393067","63.5760753","64.1374281","64.1740801","62.9792159","60.8927014","60.7534181","64.3057238","63.6979874","62.8174455","60.8641479","61.8662013","64.7176785","66.2962276","67.4225536","68.827629","67.9453819","64.7661835","",
"United States","USA","Government Effectiveness - Governance score (0-100)","GOV_WGI_GE_SC","","","","","","","","","","","","","","","","","","","","","","","","","","","","","","","","","","","","","85.2031883","","84.4962562","","88.0937071","","88.925219","83.6300309","83.0630278","82.8097752","81.4716942","81.4203931","80.7495938","79.0823119","79.1364129","79.6872017","81.0674724","81.5277163","82.4573621","81.921098","82.2968867","82.4298488","83.2803088","81.4636929","78.6145996","79.3938712","79.9489163","77.7556405","77.7839316","",
"Uzbekistan","UZB","Government Effectiveness - Governance score (0-100)","GOV_WGI_GE_SC","","","","","","","","","","","","","","","","","","","","","","","","","","","","","","","","","","","","","29.5157443","","29.2986091","","28.8556024","","20.0739849","19.952137","24.9437553","24.326499","24.5895494","28.6967992","31.676325","33.0626836","28.9990778","29.5025944","29.0640209","29.7826135","38.1999687","39.3387622","39.7336021","41.2569478","40.8414796","41.6021647","38.5718239","45.4383298","43.8923747","45.5349919","48.5484689","",
"St. Vincent and the Grenadines","VCT","Government Effectiveness - Governance score (0-100)","GOV_WGI_GE_SC","","","","","","","","","","","","","","","","","","","","","","","","","","","","","","","","","","","","","","","","","","","","","55.6237959","66.001151","65.9666184","67.1925406","67.2332738","67.375501","70.6521645","70.6328469","70.6377117","70.6431464","57.1647519","57.1242325","62.0464279","62.0510011","62.0761111","62.1005873","57.1225759","57.1640578","61.698763","57.7335517","56.5559402","",
"Venezuela, RB","VEN","Government Effectiveness - Governance score (0-100)","GOV_WGI_GE_SC","","","","","","","","","","","","","","","","","","","","","","","","","","","","","","","","","","","","","37.1554495","","33.4258862","","31.6701145","","25.1735077","28.5852935","29.2964216","32.0817619","31.9282164","33.8382725","33.2611837","35.0905296","30.9776838","30.0219247","33.3372857","32.8062364","31.7491156","31.5085445","30.4424425","28.1577973","20.3087248","20.2793254","20.9661193","21.7886363","22.1442675","23.4884579","22.83069","",
"British Virgin Islands","VGB","Government Effectiveness - Governance score (0-100)","GOV_WGI_GE_SC","","","","","","","","","","","","","","","","","","","","","","","","","","","","","","","","","","","","","","","","","","","","","","","","","","","","","","","","","","","","","","","","","","",
"Virgin Islands (U.S.)","VIR","Government Effectiveness - Governance score (0-100)","GOV_WGI_GE_SC","","","","","","","","","","","","","","","","","","","","","","","","","","","","","","","","","","","","","","","","","","","","","63.8781907","75.6467849","75.5894989","75.6761298","75.7437017","75.9796413","76.0244169","75.9980761","76.0047104","76.0121205","79.658129","79.6028749","79.6220817","66.2428596","66.2771005","66.3104743","59.5224308","59.5789973","58.6292483","58.6520134","58.62793","",
"Viet Nam","VNM","Government Effectiveness - Governance score (0-100)","GOV_WGI_GE_SC","","","","","","","","","","","","","","","","","","","","","","","","","","","","","","","","","","","","","40.3533317","","42.5086857","","37.8068339","","37.4505398","38.1529861","38.7043641","42.5348593","43.2174611","42.9876172","44.1704067","45.1319815","44.393486","44.713939","44.8283573","45.0931207","52.921779","53.278707","52.3972727","52.7084431","51.6994735","52.136435","52.6620263","52.2784619","49.331569","47.8521338","49.5458577","",
"Vanuatu","VUT","Government Effectiveness - Governance score (0-100)","GOV_WGI_GE_SC","","","","","","","","","","","","","","","","","","","","","","","","","","","","","","","","","","","","","","","","","","","","","45.219676","56.7510376","56.7105357","50.0602706","51.8706508","51.2653371","53.4456553","53.4270319","53.0456607","53.050899","41.8195197","37.0307939","37.0420267","37.0456744","42.8336439","37.7998477","36.6052946","35.7406929","35.7357114","34.9445595","35.457586","",
"World","WLD","Government Effectiveness - Governance score (0-100)","GOV_WGI_GE_SC","","","","","","","","","","","","","","","","","","","","","","","","","","","","","","","","","","","","","","","","","","","","","","","","","","","","","","","","","","","","","","","","","","",
"Samoa","WSM","Government Effectiveness - Governance score (0-100)","GOV_WGI_GE_SC","","","","","","","","","","","","","","","","","","","","","","","","","","","","","","","","","","","","","46.0244582","","45.8469829","","45.9083676","","45.913252","45.6633535","46.0309155","52.9131517","51.4961104","51.1712961","51.2190701","50.9830683","50.169023","50.5198728","50.5237519","51.6668892","63.5856826","63.5533667","67.3852444","67.3896543","67.4138621","62.7057435","61.261815","61.3018055","55.5821312","59.4983921","59.7887088","",
"Kosovo","XKX","Government Effectiveness - Governance score (0-100)","GOV_WGI_GE_SC","","","","","","","","","","","","","","","","","","","","","","","","","","","","","","","","","","","","","","","","","","","","","","","42.2575487","42.5879785","44.1529848","44.3930135","37.4951755","39.2356777","41.6120598","40.6814728","45.6998655","44.7340616","44.5699599","44.6529198","44.9839775","44.9902521","44.1150398","48.2693811","50.8782494","51.5204679","50.1486573","",
"Yemen, Rep.","YEM","Government Effectiveness - Governance score (0-100)","GOV_WGI_GE_SC","","","","","","","","","","","","","","","","","","","","","","","","","","","","","","","","","","","","","34.9908265","","29.6492198","","29.6774797","","27.4225159","27.3249924","27.8870374","31.4107838","35.3534361","35.5492199","35.5628443","31.8471426","31.2432639","28.6100244","28.1381472","29.6142303","23.7781582","21.0703626","19.3114526","17.5936979","13.7018587","13.13337","12.3760079","12.8678677","16.3549894","14.6331553","14.9257528","",
"South Africa","ZAF","Government Effectiveness - Governance score (0-100)","GOV_WGI_GE_SC","","","","","","","","","","","","","","","","","","","","","","","","","","","","","","","","","","","","","63.3121811","","57.29324","","60.5355109","","59.6843275","60.2338991","60.482382","60.9310606","58.7777773","57.7990956","57.2731757","58.6564816","56.6288359","57.2747409","57.4905229","57.8248395","57.784499","56.0942459","55.2548767","55.6720559","54.2202351","55.0228162","53.1939817","52.1589454","51.3101517","47.7497513","46.9478119","",
"Zambia","ZMB","Government Effectiveness - Governance score (0-100)","GOV_WGI_GE_SC","","","","","","","","","","","","","","","","","","","","","","","","","","","","","","","","","","","","","25.109255","","25.0275512","","25.0558111","","30.6610516","27.7907253","31.4275757","33.4089583","32.6331807","34.0521295","35.634093","37.7089236","37.3534908","41.4064665","41.6129795","41.0112337","42.6637265","41.0407283","41.0620351","42.3325326","41.5797263","39.2906596","37.061776","37.2110769","39.8696364","40.3969835","40.9757367","",
"Zimbabwe","ZWE","Government Effectiveness - Governance score (0-100)","GOV_WGI_GE_SC","","","","","","","","","","","","","","","","","","","","","","","","","","","","","","","","","","","","","51.1207747","","45.5985136","","36.2186055","","34.7823458","32.9126496","32.5333532","26.3135417","23.5912234","25.2822406","20.4785041","21.1276252","22.8453877","24.632719","24.9430514","26.1119364","27.9891204","33.0382075","33.5775671","32.7046939","30.9765172","29.8556453","29.4604553","29.9618602","29.9566706","32.1204614","32.136983","",
