Country Name,Country Code,Series Name,Series Code,2006 [YR2006],2007 [YR2007],2008 [YR2008],2009 [YR2009],2010 [YR2010],2011 [YR2011],2012 [YR2012],2013 [YR2013],2014 [YR2014],2015 [YR2015],2016 [YR2016],2017 [YR2017],2018 [YR2018],2019 [YR2019],2020 [YR2020],2021 [YR2021],2022 [YR2022],2023 [YR2023],2024 [YR2024],2025 [YR2025]
Afghanistan,AFG,GDP per capita growth (annual %),NY.GDP.PCAP.KD.ZG,1.13248505528998,11.6923032922081,1.6772791560615,17.0438963216074,11.0550305527288,-3.21329500579925,8.27936899310519,2.0520682606117,-0.939984755736006,-1.66505744749013,-0.300121027406746,-0.195569548342789,-1.71374269254262,0.856294729087764,-5.38251464221077,-22.5844818732987,-7.57666891152213,0.10609280092082,-0.975915304703463,..
Afghanistan,AFG,GDP per capita (constant 2015 US$),NY.GDP.PCAP.KD,367.75831169358,410.757728879097,417.647282647498,488.830652491949,542.871030476037,525.42698276582,568.929021458341,580.603833333096,575.146245808546,565.569730408751,563.872336723147,562.769574140988,553.125151688293,557.861533207459,527.834554499306,408.625855217403,377.665627080705,378.06630312259,374.37669620849,..
Afghanistan,AFG,"Unemployment, total (% of total labor force) (national estimate)",SL.UEM.TOTL.NE.ZS,..,..,2.494,..,..,..,1.692,..,7.915,..,..,11.184,..,..,11.71,5.679,..,..,..,..
Afghanistan,AFG,Domestic general government health expenditure (% of GDP),SH.XPD.GHED.GD.ZS,0.49784002,0.55994755,0.62779975,0.53190351,0.46915731,0.47999981,0.34288675,0.44335932,0.47265697,0.52267277,0.60012972,0.64313394,0.55239552,0.49705607,1.18621242,0.71036398,0.18147056,0.24774949,..,..
Afghanistan,AFG,Current health expenditure (% of GDP),SH.XPD.CHEX.GD.ZS,10.62276554,9.90467453,10.25649548,9.81848717,8.56967163,8.56190777,7.89716864,8.80596447,9.52887821,10.10534763,11.81859016,12.62081718,14.20841885,14.83131981,15.53361416,21.50844383,23.0881691,14.9857626,..,..
Africa Eastern and Southern,AFE,GDP per capita growth (annual %),NY.GDP.PCAP.KD.ZG,3.82815757987287,3.86883047212268,1.63317109322863,-1.80600961701633,2.49382116351491,1.04190827835093,-0.827397152064862,1.79755555426182,1.14400714688763,0.195047809492067,-0.373426659266414,0.001542071800543,-0.0640051941255848,-0.801354122244689,-5.51611083521335,1.72157250545655,1.01471726677123,-0.594614604893195,0.277358647887979,1.17018148257519
Africa Eastern and Southern,AFE,GDP per capita (constant 2015 US$),NY.GDP.PCAP.KD,1364.58002599767,1417.37331385996,1440.52144510506,1414.50548927128,1449.78072652181,1464.88611192938,1452.76568595828,1478.87995623663,1495.79844862987,1498.71597073834,1493.11936575691,1493.1423907296,1492.18670204384,1480.22900239543,1398.57793000832,1422.65546311873,1437.09139374966,1428.54623843676,1432.50843496815,1449.27138341047
Africa Eastern and Southern,AFE,"Unemployment, total (% of total labor force) (national estimate)",SL.UEM.TOTL.NE.ZS,..,..,..,..,..,..,..,..,..,..,..,..,..,..,..,..,..,..,..,..
Africa Eastern and Southern,AFE,Domestic general government health expenditure (% of GDP),SH.XPD.GHED.GD.ZS,2.47219977889932,2.5250539120443,2.45244375261402,2.74743643567776,2.80090061106953,2.79467543417658,2.73589858086609,2.6259712276402,2.62510054839664,2.67977709983767,2.74040654295812,2.73404156086592,2.72396327227843,2.73470693647331,3.13904598278858,3.08228155325521,2.75058865134518,2.70007546126141,..,..
Africa Eastern and Southern,AFE,Current health expenditure (% of GDP),SH.XPD.CHEX.GD.ZS,5.91102141456223,5.92495785790316,5.80170556350869,6.31330626650674,6.35972537295694,6.2708392029194,6.07532688187087,6.06318749507177,5.71319321750065,5.89158804069771,6.01013121696575,5.8615134661489,5.72726191770079,5.75412533119706,5.98549369692664,5.94632006946188,5.56646899236104,5.54379730412469,..,..
Africa Western and Central,AFW,GDP per capita growth (annual %),NY.GDP.PCAP.KD.ZG,2.35271467955923,2.50903560180902,3.24513185503825,3.21119767785272,4.0522852338199,2.00094533366727,2.25119702126244,3.19663766359375,2.85364068079778,0.201687513875925,-2.45468067370471,-0.335939423564639,0.336503639808257,0.798449950611996,-5.9882592891983,0.158044421755463,2.08027089264411,1.20760367386683,2.11770319005143,2.21394778961708
Africa Western and Central,AFW,GDP per capita (constant 2015 US$),NY.GDP.PCAP.KD,1477.96252664219,1515.04513261704,1564.2103448338,1614.44023110383,1679.8619541977,1713.47507358227,1752.04877339883,1808.05542437383,1859.65082949513,1863.40151301991,1817.66095620629,1811.55471646765,1817.65066402569,1832.1636948549,1722.44898220443,1725.17121673839,1761.05945140847,1782.32607004266,1820.07044608507,1860.36585549564
Africa Western and Central,AFW,"Unemployment, total (% of total labor force) (national estimate)",SL.UEM.TOTL.NE.ZS,..,..,..,..,..,..,..,..,4.44593504759302,..,..,7.24552779596263,..,3.6925423524759,..,..,3.34061439909144,..,..,..
Africa Western and Central,AFW,Domestic general government health expenditure (% of GDP),SH.XPD.GHED.GD.ZS,0.938377083734892,0.847815736038665,0.767015141772628,0.76704846752951,0.684518900204211,0.706785950634931,0.723082995608772,0.720779505614353,0.651226159217981,0.742726861546926,0.721845606920644,0.800142559805971,0.744778144180052,0.727370950077919,0.902779993073891,0.909365843101301,0.916756169787177,0.956355529243059,..,..
Africa Western and Central,AFW,Current health expenditure (% of GDP),SH.XPD.CHEX.GD.ZS,4.03887465403461,3.81897623428866,3.63072424603027,3.73365983830438,3.49414443704428,3.47733809150255,3.45159999875064,3.58102975824724,3.59914074177932,3.81020228561836,3.80268742713908,3.73310550709269,3.28852693690847,3.24983385590998,3.78820568649626,4.13565471129464,4.17450107095049,4.14260145115394,..,..
Albania,ALB,GDP per capita growth (annual %),NY.GDP.PCAP.KD.ZG,6.68998139667232,7.30798262922809,7.73056161381389,3.38511539501225,3.48564808644622,2.73953255678821,2.5545386692104,3.28889031489732,3.83017022939833,3.81743447071763,5.52482598081943,4.88935288088643,5.28357949627288,3.64975808463876,-1.81016536329729,10.6641494274411,6.45698822084806,5.7396783820155,5.55729254637092,5.00582719956736
Albania,ALB,GDP per capita (constant 2015 US$),NY.GDP.PCAP.KD,2894.36032580174,3105.8796756386,3345.98161761476,3459.24695646692,3579.82413181046,3677.89457937717,3771.84781862015,3895.89975621942,4045.11934884933,4199.53912925398,4431.55635814168,4648.23078660658,4893.82375538717,5072.43648354739,4980.61699524696,5511.75743402862,5867.65096230557,6204.43525612114,6549.23387415397,6877.07720478965
Albania,ALB,"Unemployment, total (% of total labor force) (national estimate)",SL.UEM.TOTL.NE.ZS,13.8,15.966,13.06,13.674,14.086,13.481,13.376,15.866,18.055,17.193,15.418,13.616,12.304,11.466,11.639,11.474,10.785,9.473,8.431,..
Albania,ALB,Domestic general government health expenditure (% of GDP),SH.XPD.GHED.GD.ZS,2.60609818,2.71601963,2.27345061,2.33076763,2.35073113,2.36980104,2.42631125,2.54741931,2.56312561,2.67593837,2.84762025,2.74185801,2.84073949,2.89433575,2.97455955,2.91998744,3.72758842,3.49766994,..,..
Albania,ALB,Current health expenditure (% of GDP),SH.XPD.CHEX.GD.ZS,5.56553745,5.85639858,5.44421673,5.75751925,6.16333199,6.11026192,6.08504725,6.20897436,6.35884142,6.38810158,6.65018797,6.50111914,6.59002447,6.78144073,7.46513748,7.35750389,7.53646231,7.05240345,..,..
Algeria,DZA,GDP per capita growth (annual %),NY.GDP.PCAP.KD.ZG,1.32618894855368,1.39346833661227,0.652527943948144,-0.72042057547074,2.77921908194712,1.00399237129356,0.379563284418055,0.548743629610698,2.00005200987388,1.09962061859601,1.78594064734014,-0.541667024495979,-0.546019580108478,-0.939992962004737,-6.61247509707083,2.13263632683078,1.96825188100587,2.55120301943617,2.25996527082104,2.45643243285815
Algeria,DZA,GDP per capita (constant 2015 US$),NY.GDP.PCAP.KD,4279.61547120827,4339.25055772831,4367.56538017541,4336.10054052949,4456.6102741643,4501.3543013352,4518.43978956464,4543.23444006767,4634.10149179952,4685.05902729002,4768.73140081027,4742.90075532529,4717.0035885361,4672.66408678635,4363.68533767783,4456.74687637774,4544.46688060372,4660.40545687895,4765.72900168387,4882.79591454336
Algeria,DZA,"Unemployment, total (% of total labor force) (national estimate)",SL.UEM.TOTL.NE.ZS,12.274,13.79,11.333,10.164,9.962,9.961,10.969,9.829,10.602,11.206,10.202,11.707,..,..,..,..,..,..,..,..
Algeria,DZA,Domestic general government health expenditure (% of GDP),SH.XPD.GHED.GD.ZS,2.18395877,2.52639246,2.86780095,3.4677248,3.22398353,3.40776706,4.02772284,3.91591859,4.21865416,4.33925533,3.94321752,3.84453487,3.84471345,3.27598047,3.31185937,2.87333918,1.71663105,2.30922818,..,..
Algeria,DZA,Current health expenditure (% of GDP),SH.XPD.CHEX.GD.ZS,3.18999887,3.62011433,3.98331022,4.89210796,4.64001417,4.82567501,5.63658524,5.64541769,6.01484108,6.33435678,6.00080872,5.9484539,5.9323926,5.41732121,5.63830757,5.02188873,3.63464284,4.35082531,..,..
American Samoa,ASM,GDP per capita growth (annual %),NY.GDP.PCAP.KD.ZG,-3.68497685539259,2.32559828018989,-2.16041177422564,-3.6489098592902,0.84468159199173,0.606612624100549,-3.62202258510453,-1.62801355404956,2.79061243809868,4.29662336687659,-0.488137584297121,-5.79936404816848,4.03850712136055,0.897584681397618,5.3517874262504,0.297884820349225,3.59327606262792,..,..,..
American Samoa,ASM,GDP per capita (constant 2015 US$),NY.GDP.PCAP.KD,12794.7565021718,13092.3111393408,12809.4633079683,12342.0575384016,12446.3086265015,12521.8095058644,12068.2667374983,11871.7937192729,12203.0894714284,12727.4102651386,12665.2829921268,11930.7771236826,12412.6024074562,12524.0160252283,13194.274740128,13233.5784817341,13709.0974895473,..,..,..
American Samoa,ASM,"Unemployment, total (% of total labor force) (national estimate)",SL.UEM.TOTL.NE.ZS,..,..,..,..,9.202,..,..,..,..,..,..,..,..,..,..,..,..,..,..,..
American Samoa,ASM,Domestic general government health expenditure (% of GDP),SH.XPD.GHED.GD.ZS,..,..,..,..,..,..,..,..,..,..,..,..,..,..,..,..,..,..,..,..
American Samoa,ASM,Current health expenditure (% of GDP),SH.XPD.CHEX.GD.ZS,..,..,..,..,..,..,..,..,..,..,..,..,..,..,..,..,..,..,..,..
Andorra,AND,GDP per capita growth (annual %),NY.GDP.PCAP.KD.ZG,1.95883002800001,-1.2896115123411,-7.38929878788132,-5.74648545856505,1.88988084312282,3.7495175357235,-3.80075429834201,-1.44394540350855,4.52989381717444,3.63079793724701,3.69962046811506,-1.80605703312767,-0.30211930399588,0.265352820614368,-12.2238384935431,6.92704485233561,7.72123800096536,1.1232590791063,2.47782130029728,2.65776092136174
Andorra,AND,GDP per capita (constant 2015 US$),NY.GDP.PCAP.KD,41322.0529213846,40789.1589697748,37775.1261404342,35604.3840098196,36277.2644425331,37637.4868342866,36206.9784356446,35684.1694347737,37300.6244197096,38654.9347217207,40085.020598622,39361.0622648699,39242.1448975099,39346.275035865,34536.6499222556,36929.0191528644,39780.3966130791,40227.23352974,41223.9924906603,42319.6276533021
Andorra,AND,"Unemployment, total (% of total labor force) (national estimate)",SL.UEM.TOTL.NE.ZS,..,..,..,..,..,..,..,..,..,..,..,..,..,..,..,..,..,..,..,..
Andorra,AND,Domestic general government health expenditure (% of GDP),SH.XPD.GHED.GD.ZS,2.96214485,2.95692062,3.70078373,4.13392305,5.68869781,5.60742188,4.67067814,4.76766396,4.8130722,4.97208548,5.00518513,5.08694077,5.21907949,5.22278023,6.37670708,6.16799164,5.53698158,5.45127535,..,..
Andorra,AND,Current health expenditure (% of GDP),SH.XPD.CHEX.GD.ZS,4.95078182,4.94078732,5.6787138,6.09363031,7.68835258,7.62052774,6.71966314,6.79758358,6.77313089,6.91368532,6.94162941,7.07158232,7.37781096,7.32238626,8.78462029,8.64671707,7.52135801,7.69928026,..,..
Angola,AGO,GDP per capita growth (annual %),NY.GDP.PCAP.KD.ZG,7.79557532887192,8.85163544291423,6.67888592419779,-1.80906009330889,1.31579076620976,-0.356512141669299,4.37008778613288,0.921826358320473,0.821220988941135,-2.80470818378251,-3.73813083448252,-3.63762547583934,-3.88378811597828,-4.35122089958229,-8.31907910122797,-2.07481613044689,0.35327155797566,-1.75357049644875,1.80585033622316,0.0844684076458151
Angola,AGO,GDP per capita (constant 2015 US$),NY.GDP.PCAP.KD,3065.05576244155,3336.36332465491,3559.19522512538,3494.80724466468,3540.79159568681,3528.16824373698,3682.35229323075,3716.29718727597,3746.81619978931,3641.72893920253,3505.59634681792,3378.07588102598,3246.87857140997,3105.59971242672,2847.24241578243,2788.16737086685,2798.01717317688,2748.95196954248,2798.59392792708,2800.95785565447
Angola,AGO,"Unemployment, total (% of total labor force) (national estimate)",SL.UEM.TOTL.NE.ZS,..,..,..,3.782,9.431,16.774,..,..,9.579,..,..,..,..,16.431,16.033,15.806,14.094,12.885,13.937,10.391
Angola,AGO,Domestic general government health expenditure (% of GDP),SH.XPD.GHED.GD.ZS,1.28968012,1.53876388,1.91652381,2.23769045,1.46826649,1.52542961,1.39434171,1.5071826,1.16797769,1.08924341,1.05520773,1.12824702,0.97981894,1.00303984,1.46055436,1.51676536,1.30711842,1.1340301,..,..
Angola,AGO,Current health expenditure (% of GDP),SH.XPD.CHEX.GD.ZS,2.39833426,2.65790844,2.97807598,3.30655909,2.36373854,2.35561895,2.13677311,2.4297719,2.15680027,2.29966879,2.39068723,2.4379425,2.29887486,2.20394278,2.81688905,2.73987103,2.60041046,2.54692864,..,..
Antigua and Barbuda,ATG,GDP per capita growth (annual %),NY.GDP.PCAP.KD.ZG,11.3196408319242,7.84344693304287,-1.47076894898352,-13.2817680568047,-9.0794536101368,-3.10800074739414,2.27378133147778,-1.50846791062001,1.39120573166151,0.691094824520249,3.47228425039911,2.1461875762954,6.17448976886325,2.67761319425004,-19.2945462845167,7.58367481372255,7.92395469957276,3.33568914888815,2.04180224398706,4.51099369921818
Antigua and Barbuda,ATG,GDP per capita (constant 2015 US$),NY.GDP.PCAP.KD,19259.6486517907,20770.2689732844,20464.786306605,17746.700856041,16135.397384487,15633.9091131821,15989.3900199779,15748.1952024226,15967.284996712,16077.6340769406,16635.895232831,16992.9327495236,18042.1596435727,18525.2588907167,14950.8942397208,16084.7214406048,17359.2674811108,17938.3186828047,18304.5836762037,19130.3022925054
Antigua and Barbuda,ATG,"Unemployment, total (% of total labor force) (national estimate)",SL.UEM.TOTL.NE.ZS,..,..,..,..,..,..,..,..,..,..,..,..,8.78,..,..,..,..,..,..,..
Antigua and Barbuda,ATG,Domestic general government health expenditure (% of GDP),SH.XPD.GHED.GD.ZS,2.17760348,2.01404786,1.87520587,2.03098321,2.77452183,2.73921561,2.71204996,2.75379777,3.14859223,2.93535352,2.75887132,2.61894512,2.81542587,2.49952674,3.58067584,3.06314707,2.85039449,2.30815935,..,..
Antigua and Barbuda,ATG,Current health expenditure (% of GDP),SH.XPD.CHEX.GD.ZS,4.11220551,3.92354655,3.69396091,3.69979143,4.75770044,4.81000614,4.81754541,4.9103117,5.32218313,4.90963078,4.93979549,4.66318989,4.6865654,4.27709961,5.68408012,4.81315422,4.43146801,3.91348195,..,..
Arab World,ARB,GDP per capita growth (annual %),NY.GDP.PCAP.KD.ZG,3.76799825944971,2.02973818546926,2.94388275607452,-1.77742408482605,2.66756149995162,1.47986834629215,2.99674440011191,-0.018419233108105,0.20994989882179,0.840584401735526,1.19964765471723,-0.681450995163544,0.861357587521155,-0.147542137815066,-7.25739207603073,2.86183497876445,4.5665417527059,-0.618659094254539,-0.170393051350842,1.46471292301749
Arab World,ARB,GDP per capita (constant 2015 US$),NY.GDP.PCAP.KD,5632.36344117714,5746.68567268712,5915.86136125116,5810.71141659136,5965.71571721365,6054.00045574247,6235.42337538268,6234.27485821589,6247.36371197299,6299.87807685552,6375.45441645456,6332.00881888743,6386.55005729143,6377.12720480427,5914.3140803644,6083.57198947026,6361.38084442534,6322.02558331114,6311.25329101256,6403.69503357038
Arab World,ARB,"Unemployment, total (% of total labor force) (national estimate)",SL.UEM.TOTL.NE.ZS,10.3586811683813,9.75346967099571,9.80394859842949,9.57882361717494,9.37034844122666,12.0571306166476,10.6951540677382,..,10.8373821052262,..,9.67841516951048,..,..,..,..,..,..,..,..,..
Arab World,ARB,Domestic general government health expenditure (% of GDP),SH.XPD.GHED.GD.ZS,1.96114740187138,2.00831805722006,1.92231420891016,2.55217915314465,2.25281609630485,2.27989694379598,2.30675024186153,2.4718270319066,2.73125813132253,2.92278515797654,3.19935389468736,3.02940025296789,2.87451593386127,2.98927190177548,3.65046188093646,3.36597854088239,2.93619917738206,3.33574153687767,..,..
Arab World,ARB,Current health expenditure (% of GDP),SH.XPD.CHEX.GD.ZS,3.42808736043941,3.53654789560243,3.37689475245828,4.30434512450331,3.89784073269193,3.81100934787733,3.90798411215442,4.16615940997274,4.50346171584294,5.01268980779963,5.28754747977112,5.16279232756299,4.87070558790054,4.94577726319513,5.72107292849238,5.26248759924123,4.6691857013873,5.16576491698387,..,..
Argentina,ARG,GDP per capita growth (annual %),NY.GDP.PCAP.KD.ZG,6.94185160089025,7.93261011269163,3.00856892610517,-6.9103121153056,8.96819672899282,4.88127252804149,-2.0383253093713,1.39351266056681,-3.51326421042003,1.66091253843923,-3.02450095578762,1.91639608148853,-3.41553683867816,-2.69506723533574,-10.3361096878518,10.1485599877349,5.79747980169367,-2.13703473540124,-1.68352700528746,4.01402236988311
Argentina,ARG,GDP per capita (constant 2015 US$),NY.GDP.PCAP.KD,11870.2791559298,12811.9021206578,13197.3570267029,12285.3784651865,13387.1553748458,14040.6189124444,13754.4254235596,13946.0950832252,13456.1319159151,13679.6264980954,13265.8860639123,13520.1129846159,13058.3285449954,12706.3978108968,11393.0505957877,12549.2811699342,13276.8232110189,12993.0928872416,12774.3506596628,13287.1159527489
Argentina,ARG,"Unemployment, total (% of total labor force) (national estimate)",SL.UEM.TOTL.NE.ZS,10.078,8.469,7.837,8.645,7.714,7.18,7.217,7.1,7.268,..,..,8.347,9.22,9.843,11.461,8.736,6.805,6.139,1.725,7.377
Argentina,ARG,Domestic general government health expenditure (% of GDP),SH.XPD.GHED.GD.ZS,4.04397869,4.24544716,4.47786331,5.74631262,5.56987906,5.71961212,6.14357281,6.2950058,6.40571356,6.80309105,6.5777607,6.68290806,6.11101341,6.2193737,6.99057627,6.34810066,5.95705795,6.18493843,..,..
Argentina,ARG,Current health expenditure (% of GDP),SH.XPD.CHEX.GD.ZS,7.70940399,7.86196613,8.24087811,9.56852913,9.4852438,9.51042366,9.8851881,9.92091465,9.79773045,10.27364159,10.05355549,10.26057911,10.17289257,10.11911297,10.67246342,11.00910187,10.15950489,10.2695179,..,..
Armenia,ARM,GDP per capita growth (annual %),NY.GDP.PCAP.KD.ZG,13.8986537041733,14.4208244850475,7.60294775074826,-13.5088421403002,2.91158696816194,5.28437530828725,7.33470454115984,3.37178358702843,3.88187670110254,3.51599547257022,0.611877151180408,7.96544606461424,5.56850117850011,7.83608438672164,-7.16866452731679,5.77142760758333,12.3383335576379,8.47902034166535,3.48421625230606,5.35238280364143
Armenia,ARM,GDP per capita (constant 2015 US$),NY.GDP.PCAP.KD,2551.43546358452,2919.3734936373,3141.33193500774,2716.97436280471,2796.08143428043,2943.83687119315,3159.75860786889,3266.29882999873,3393.09252326884,3512.39350276709,3533.88503607007,3815.3747426037,4027.83393010979,4343.45839583019,4032.09043454955,4264.79961505187,4791.00481712183,5197.23509013575,5378.31799981682,5666.18616756416
Armenia,ARM,"Unemployment, total (% of total labor force) (national estimate)",SL.UEM.TOTL.NE.ZS,..,28.373,22.974,19.295,19.523,18.884,17.511,16.576,17.498,18.261,17.617,17.704,10.589,9.794,8.055,8.418,8.262,8.298,..,..
Armenia,ARM,Domestic general government health expenditure (% of GDP),SH.XPD.GHED.GD.ZS,1.58640754,1.61389112,1.48813355,1.81169069,1.68628836,1.6728667,1.57816982,1.37565804,1.50548005,1.61020839,1.63735199,1.37250984,1.23468125,1.41167367,2.35673714,2.18868065,1.71535587,1.46441019,..,..
Armenia,ARM,Current health expenditure (% of GDP),SH.XPD.CHEX.GD.ZS,5.85007095,5.49814034,6.63976622,8.44377708,9.23538303,9.37588882,9.13455009,10.32345009,10.17827892,10.11762714,9.95194912,10.36270332,10.00543404,11.3798008,12.24056244,12.32268524,9.96211243,9.32119179,..,..
Aruba,ABW,GDP per capita growth (annual %),NY.GDP.PCAP.KD.ZG,-0.673257700327071,2.32267757939195,1.06177235220186,-12.2749362798142,-2.95695264975568,2.61052505937265,-2.4846479774957,4.85525795729174,0.351129288189497,2.556217861775,0.469912651203259,3.48581549286742,3.0485184481057,0.955684591453277,-23.5085810660208,15.779443924071,11.0099466413272,9.46637557708961,6.18175077559285,..
Aruba,ABW,GDP per capita (constant 2015 US$),NY.GDP.PCAP.KD,28885.9118700469,29556.8384686554,29870.6648077005,26204.0597361984,25429.2180974853,26093.0542083227,25444.7336646687,26680.1411206342,26773.8229102391,27458.2201537506,27587.2498040483,28548.8904317739,29419.208623316,29700.3634670565,22718.2294445007,26303.0397202375,29198.9903584827,31963.0764505349,33938.9541769192,..
Aruba,ABW,"Unemployment, total (% of total labor force) (national estimate)",SL.UEM.TOTL.NE.ZS,..,5.706,..,..,10.605,8.9,..,..,..,..,..,..,..,..,..,..,..,..,..,..
Aruba,ABW,Domestic general government health expenditure (% of GDP),SH.XPD.GHED.GD.ZS,..,..,..,..,..,..,..,..,..,..,..,..,..,..,..,..,..,..,..,..
Aruba,ABW,Current health expenditure (% of GDP),SH.XPD.CHEX.GD.ZS,..,..,..,..,..,..,..,..,..,..,..,..,..,..,..,..,..,..,..,..
Australia,AUS,GDP per capita growth (annual %),NY.GDP.PCAP.KD.ZG,1.39339848998918,1.91249613831002,1.56811983624921,-0.124768741461196,0.632264496011231,0.981771621515961,2.15339832775771,0.902732553895234,1.08218148890933,0.704511799724457,1.16312811538609,0.62251098729871,1.3466306507712,0.695209563773375,-1.35774770320791,1.86332687000336,2.91752727950202,1.09251403364293,-0.618565861462017,-0.191544720344581
Australia,AUS,GDP per capita (constant 2015 US$),NY.GDP.PCAP.KD,51682.8925230537,52671.325846724,53497.275355342,53430.5274781651,53768.349733441,54296.2321324814,55465.4462872577,55966.1509270561,56571.8062524437,56970.3613028094,57632.9995925594,57991.771347333,58772.7063152213,59181.2997904131,58377.7670517802,59465.535671364,61200.4588964781,61869.082498576,61486.38147544,61368.6075579929
Australia,AUS,"Unemployment, total (% of total labor force) (national estimate)",SL.UEM.TOTL.NE.ZS,4.782,4.377,4.234,5.561,5.211,5.081,5.224,5.662,6.077,6.054,5.714,5.604,5.345,5.143,6.394,5.022,3.728,3.668,3.942,4.197
Australia,AUS,Domestic general government health expenditure (% of GDP),SH.XPD.GHED.GD.ZS,5.71296024,5.8701992,5.96531916,6.23710108,6.0919981,6.2522192,6.17619228,5.92386961,6.89110136,7.2235322,7.20443821,7.23039198,7.19087696,7.53765869,7.85286617,7.93791485,7.34881544,7.65963793,..,..
Australia,AUS,Current health expenditure (% of GDP),SH.XPD.CHEX.GD.ZS,7.97161102,8.0517149,8.24737453,8.54273987,8.4193306,8.53425312,8.67020702,8.7465601,9.82833862,10.13642025,10.08958244,10.10880566,10.08907509,10.25421429,10.70324135,10.51612186,9.89226055,10.39852047,..,..
Austria,AUT,GDP per capita growth (annual %),NY.GDP.PCAP.KD.ZG,2.75962370061296,3.43938549159965,1.13621131218787,-3.83849307623562,1.56453337880819,2.5811033185299,0.170488694211613,-0.836906795346636,-0.0285805465757676,0.174259722821304,1.01887723192984,1.56430689663536,1.98626296400239,1.30350317565873,-6.70639361073974,4.4669658436443,4.32849751156559,-1.76308859891033,-1.15937778694629,0.285965556994498
Austria,AUT,GDP per capita (constant 2015 US$),NY.GDP.PCAP.KD,42120.1557002022,43568.8302243941,44063.8642019916,42372.4758254763,43035.4073531933,44146.1956805294,44221.4599530893,43851.3675497404,43838.8345892137,43915.228020857,44362.6702805116,45056.6385912412,45951.5819164034,46550.5622459492,43428.6983137234,45368.6434337368,47332.4240357971,46497.9114640341,45958.8250071261,46090.2514170459
Austria,AUT,"Unemployment, total (% of total labor force) (national estimate)",SL.UEM.TOTL.NE.ZS,5.32,4.909,4.198,5.371,4.883,4.637,4.909,5.367,5.674,5.802,6.064,5.561,4.933,4.56,5.201,6.459,4.992,5.264,5.327,5.778
Austria,AUT,Domestic general government health expenditure (% of GDP),SH.XPD.GHED.GD.ZS,7.01176453,6.98812008,7.23871469,7.50799561,7.45021629,7.34409189,7.49027205,7.49345398,7.59864187,7.5736208,7.54772329,7.71547127,7.75579357,7.88670015,8.71023846,9.46212482,8.65631485,8.532197,..,..
Austria,AUT,Current health expenditure (% of GDP),SH.XPD.CHEX.GD.ZS,9.64073944,9.60482597,9.83415222,10.31152916,10.31620026,10.1370182,10.30198097,10.40574837,10.51159096,10.51688385,10.51713753,10.57132816,10.5157156,10.62530422,11.41292953,12.185215,11.22519779,11.15297318,11.8325634,..
Azerbaijan,AZE,GDP per capita growth (annual %),NY.GDP.PCAP.KD.ZG,32.9970665765516,24.0486787589595,8.29339095519384,7.12223856098808,3.54945543779385,-2.84718268648209,0.85388594737168,4.48320316777964,1.52243135535144,-0.147024760133903,-4.14117487259738,-0.824348468311783,0.62488437469257,1.61582943287135,-4.85235140794201,5.15148935903709,4.673317967871,1.23267992863603,3.65914632279566,1.01259270392453
Azerbaijan,AZE,GDP per capita (constant 2015 US$),NY.GDP.PCAP.KD,3556.83212858133,4412.20326117932,4778.12452736673,5118.43395494687,5300.11048729062,5149.20665913206,5193.17501119552,5425.99559780578,5508.60265612676,5500.50364628486,5272.71817141861,5229.25259993413,5261.92938234432,5346.95318604114,5087.50022783627,5349.58226071425,5599.58524971025,5668.61021317029,5876.03295533913,5935.53323632509
Azerbaijan,AZE,"Unemployment, total (% of total labor force) (national estimate)",SL.UEM.TOTL.NE.ZS,6.615,6.326,5.856,5.74,5.63,5.42,5.19,4.97,4.91,4.96,5,5,4.9,5.004,7.243,6.039,5.7,..,..,..
Azerbaijan,AZE,Domestic general government health expenditure (% of GDP),SH.XPD.GHED.GD.ZS,0.8678329,0.90984386,0.86519617,1.13348269,1.01347423,0.94998968,1.11568439,1.06625199,1.13015568,1.30528009,1.16546094,1.00444698,0.88865483,1.06925082,2.32817769,1.48136711,0.95312107,1.39353979,..,..
Azerbaijan,AZE,Current health expenditure (% of GDP),SH.XPD.CHEX.GD.ZS,2.07059145,1.99422264,2.04814458,2.76541352,2.64634848,2.59547186,3.15682149,3.22551084,3.58703041,4.34131384,4.42241955,4.07396507,3.83661342,4.18188763,5.84817696,4.68526697,3.41549611,4.27113533,..,..
"Bahamas, The",BHS,GDP per capita growth (annual %),NY.GDP.PCAP.KD.ZG,1.197964733166,0.0223161568588637,-3.62901783567871,-5.41414044702256,0.248837037553542,-0.537416355238307,3.47892776270808,-3.756252482479,0.955837779605616,0.198544914739557,-1.84653148444181,2.728115494957,1.8159781736959,-1.33052999956263,-20.3291813559269,17.434844816468,10.5529690990486,2.55756046187126,2.90387123462988,..
"Bahamas, The",BHS,GDP per capita (constant 2015 US$),NY.GDP.PCAP.KD,33541.850748701,33549.3360007274,32331.8246135092,30581.3342198488,30657.4319059659,30492.6738528071,31553.4919490645,30368.2631244189,30658.5344563722,30719.405417469,30152.1619246021,30974.7477261317,31537.2423841956,31117.6299132391,24791.6704945106,29114.0597726386,32186.4575039237,33009.645615121,33968.2032187918,..
"Bahamas, The",BHS,"Unemployment, total (% of total labor force) (national estimate)",SL.UEM.TOTL.NE.ZS,7.604,7.853,8.712,14.2,..,14.521,14.7,16.184,13.8,12,12.7,9.8,10,9.336,..,..,..,10.346,..,..
"Bahamas, The",BHS,Domestic general government health expenditure (% of GDP),SH.XPD.GHED.GD.ZS,1.65727472,1.80025303,2.08452892,2.34723687,2.36928177,2.37497997,2.31367421,2.59359813,2.53589177,2.32609415,2.71795917,3.57633185,2.79429245,2.87397003,4.37366199,3.51553249,3.99245048,3.18650889,..,..
"Bahamas, The",BHS,Current health expenditure (% of GDP),SH.XPD.CHEX.GD.ZS,4.30935764,4.49598694,4.86261654,5.1500144,5.25594234,5.32398558,5.3190918,5.68411207,5.64133978,5.244627,5.65515327,6.6036396,5.83890343,5.70484161,7.3983264,6.78537178,7.04287481,6.30260801,..,..
Bahrain,BHR,GDP per capita growth (annual %),NY.GDP.PCAP.KD.ZG,-1.47038032480991,0.0756469326690166,0.0637144631576234,-3.97919772562874,0.0771669589062469,4.78747209697194,2.60578123430011,1.5766868455926,-0.560855463138182,-1.66329278716239,-0.0791098754103388,-0.457057166110175,1.91849572888873,3.38274086937953,-5.17307400932464,2.11919822497499,4.76451212539493,0.42885937985659,2.14506863901964,2.72509987815381
Bahrain,BHR,GDP per capita (constant 2015 US$),NY.GDP.PCAP.KD,23095.0181330228,23112.4888058398,23127.2148040048,22206.9371985225,22224.0736166249,23288.0449398313,23894.8804447088,24271.6278814506,24135.4991304849,23734.0551143019,23715.2791328712,23606.8867501313,24059.7838641562,24873.6640060134,23586.9309581516,24086.7847803428,25234.40256182,25342.6226641572,25886.2393152311,26591.6651912691
Bahrain,BHR,"Unemployment, total (% of total labor force) (national estimate)",SL.UEM.TOTL.NE.ZS,0,5.6,3.7,4,1.128,1.233,1.198,..,..,0.894,..,..,..,..,..,..,..,..,..,..
Bahrain,BHR,Domestic general government health expenditure (% of GDP),SH.XPD.GHED.GD.ZS,2.06908512,2.03086805,2.00388288,2.74579287,2.55753851,2.42909908,2.58166146,2.70170784,2.75321245,3.08921409,2.8373127,2.44733834,2.31990647,2.20524931,2.86910701,2.75866771,2.37968802,2.36801171,..,..
Bahrain,BHR,Current health expenditure (% of GDP),SH.XPD.CHEX.GD.ZS,2.98138189,3.16071057,3.07321215,4.15054226,3.92259479,3.7181015,3.95061135,4.14491081,4.2369051,4.75126362,4.62360859,4.30236721,3.94324946,3.78430986,4.55685711,4.32771444,3.89098358,3.99562383,..,..
Bangladesh,BGD,GDP per capita growth (annual %),NY.GDP.PCAP.KD.ZG,5.44042881455881,5.91320275589507,4.96057170242533,4.07076421640669,4.65046297355514,5.501503282369,5.50548020192592,5.02341839695075,5.09905460197942,5.60449539732434,6.16181560014782,5.68710307010265,6.44197494702485,6.97264399779152,2.58647816564581,6.07069417020969,6.00847462887278,4.4907040939439,2.96499837954917,2.23843076756387
Bangladesh,BGD,GDP per capita (constant 2015 US$),NY.GDP.PCAP.KD,779.419570444998,825.508229964537,866.45815762135,901.729626251937,943.66422864236,995.579947155662,1050.39140404066,1103.15695907123,1159.40753475981,1224.38647668165,1299.83091360792,1373.75363740186,1462.25050255713,1564.20802445636,1604.6659234742,1702.08028414189,1804.3493461776,1885.37733613545,1941.27874360025,1984.73292428118
Bangladesh,BGD,"Unemployment, total (% of total labor force) (national estimate)",SL.UEM.TOTL.NE.ZS,3.591,..,..,5,3.379,2.504,..,4.426,..,..,4.2,4.372,..,..,..,..,4.593,3.352,3.635,..
Bangladesh,BGD,Domestic general government health expenditure (% of GDP),SH.XPD.GHED.GD.ZS,0.47882023,0.48857561,0.44322866,0.43522108,0.47062662,0.4823136,0.46968287,0.4372614,0.4220427,0.38844827,0.4755646,0.50250494,0.48568422,0.36105901,0.35576752,0.38806468,0.34193528,0.31430635,..,..
Bangladesh,BGD,Current health expenditure (% of GDP),SH.XPD.CHEX.GD.ZS,2.10646582,2.17268491,2.11878848,2.18321705,2.28807664,2.36418128,2.3537879,2.29574466,2.27915168,2.27217698,2.38938212,2.36720181,2.31622243,2.12712646,2.18254924,2.26678729,2.21544909,2.17014575,..,..
Barbados,BRB,GDP per capita growth (annual %),NY.GDP.PCAP.KD.ZG,5.56141194035619,1.59529257370816,0.107255997096644,-5.50548934989462,-8.4547528569926,-0.398444637384998,-3.13823714957955,-0.0670156985556787,0.559968073840309,-1.00095793249055,1.19578953850676,0.448798759502438,-0.443969056511889,0.0642920087754248,-17.5498930398064,7.84797752187261,15.875092547021,1.80770713344864,3.31901066583377,2.64331268678124
Barbados,BRB,GDP per capita (constant 2015 US$),NY.GDP.PCAP.KD,24193.1384344674,24579.0897752594,24605.4523230752,23250.8017659349,21285.0039393558,21200.1949825923,20534.8825878653,20521.1209928514,20636.0327188055,20429.4747123553,20673.7682337375,20766.5518491129,20674.3547847984,20687.6467427909,17056.9868669781,18395.6153622073,21315.9363255517,21701.2660270701,22421.5333611295,23014.2045970351
Barbados,BRB,"Unemployment, total (% of total labor force) (national estimate)",SL.UEM.TOTL.NE.ZS,..,..,..,10,10.7,..,..,11.546,12.3,9.803,8.247,8.62,8.321,8.41,..,11.015,7.261,6.54,6.03,..
Barbados,BRB,Domestic general government health expenditure (% of GDP),SH.XPD.GHED.GD.ZS,3.32250285,2.92400503,3.17477036,3.4388876,3.18992829,2.93728137,3.79151535,3.33373475,2.87362003,2.84907889,2.85200191,2.7041471,2.65220022,2.54682422,3.32207417,4.04128695,2.6457088,2.25056767,..,..
Barbados,BRB,Current health expenditure (% of GDP),SH.XPD.CHEX.GD.ZS,5.90468073,5.36863089,5.73821974,6.30137348,5.97029495,6.05910301,6.85218811,6.48274279,6.09732294,6.09170628,6.19479513,6.0020504,5.83037996,5.67476797,6.7272892,7.4427762,5.8744669,5.40463829,..,..
Belarus,BLR,GDP per capita growth (annual %),NY.GDP.PCAP.KD.ZG,10.6755867171242,9.09946004068696,10.581305038428,0.446705717445226,7.98573283435519,5.7975501732946,1.86726973670382,1.03749004802856,1.59406202466224,-3.9572512636508,-2.61191381567238,2.64480751685403,3.36999150781449,1.6513675093432,-0.251224685296094,3.29081749370279,-3.88854008026519,4.69120797390816,4.87181326291299,1.819968531776
Belarus,BLR,GDP per capita (constant 2015 US$),NY.GDP.PCAP.KD,4291.68647163264,4682.20676719042,5177.64534775676,5200.77418555423,5616.0941173307,5941.68999156239,6052.6373706236,6115.43288098707,6212.91667418659,5967.05595058777,5811.20159182547,5964.89668834561,6165.91320019277,6267.73508743505,6251.98898968645,6457.73053706343,6206.61909685419,6497.78450683592,6814.34443423546,6938.36335858537
Belarus,BLR,"Unemployment, total (% of total labor force) (national estimate)",SL.UEM.TOTL.NE.ZS,1.2,1,0.8,5.803,0.827,0.6,0.614,0.508,0.488,0.91,5.844,5.648,4.763,4.165,4.049,3.9,3.574,3.461,3.039,..
Belarus,BLR,Domestic general government health expenditure (% of GDP),SH.XPD.GHED.GD.ZS,3.9855392,3.99474669,3.48282266,3.48038435,3.84921932,3.08841538,3.44369793,3.56868172,3.37288022,3.68674207,4.19298792,3.98054695,3.9000001,4.12526941,4.54088545,4.87342072,4.44357491,4.7274251,..,..
Belarus,BLR,Current health expenditure (% of GDP),SH.XPD.CHEX.GD.ZS,5.57366323,5.6917243,5.29448891,5.3906498,5.65694332,4.87452745,5.24538946,5.69563103,5.38792181,6.06528044,5.91054153,5.75974846,5.52699471,5.86133814,6.40607214,6.56549978,6.57784128,7.08167362,..,..
Belgium,BEL,GDP per capita growth (annual %),NY.GDP.PCAP.KD.ZG,1.87817418916214,2.91838151983706,-0.343476136908251,-2.69253471722568,1.77618341639121,0.613616927857308,-0.403775116080638,-0.166173060728624,1.31477462306464,0.887876358046185,0.682454832714654,1.08431151262542,1.41528937457539,1.89071932044187,-5.20244011003201,5.8180102265206,3.18730563990106,0.701377653356133,0.427122650657566,0.279800186935191
Belgium,BEL,GDP per capita (constant 2015 US$),NY.GDP.PCAP.KD,39371.0858277448,40520.0843207009,40380.9075004042,39293.637546825,39991.5646206286,40236.9596308558,40074.492800399,40007.8997891411,40533.9135027898,40893.804537772,41172.8862831209,41619.328629169,42208.3625650272,43006.4042308863,40769.0218072962,43140.9676652971,44516.002160801,44828.2274521244,45019.6989654607,45145.6641673237
Belgium,BEL,"Unemployment, total (% of total labor force) (national estimate)",SL.UEM.TOTL.NE.ZS,8.246,7.459,6.976,7.908,8.293,7.14,7.542,8.425,8.523,8.482,7.83,7.09,5.941,5.364,5.545,6.248,5.57,5.547,5.708,6.2
Belgium,BEL,Domestic general government health expenditure (% of GDP),SH.XPD.GHED.GD.ZS,6.80566692,6.77384472,7.26614666,7.84423971,7.7745738,7.83494329,7.99403429,7.99912691,8.03469563,8.26822186,8.31613922,8.3176775,8.32855988,8.08414745,8.72537518,8.49062634,7.9360981,7.95761585,..,..
Belgium,BEL,Current health expenditure (% of GDP),SH.XPD.CHEX.GD.ZS,9.1325655,9.1392889,9.60036659,10.54393387,10.41325188,10.41302204,10.5865345,10.63787556,10.62032604,10.88387299,10.89833736,10.94042683,10.9937973,10.85831451,11.46253014,11.28825092,10.73976326,10.80371571,..,..
Belize,BLZ,GDP per capita growth (annual %),NY.GDP.PCAP.KD.ZG,1.55376134075311,0.469905572241231,-4.29751566746636,-3.07491344525414,-0.999227091889964,-2.28218512422295,1.73206971753382,1.86924052413502,1.71986752597024,0.623344723744751,-2.31386521552362,-4.06828153670182,-1.04044004654376,2.74257530356437,-14.6255152617956,16.6367646067625,7.24662103489808,-1.54675916595728,2.02408347328358,1.32658870222943
Belize,BLZ,GDP per capita (constant 2015 US$),NY.GDP.PCAP.KD,6435.58767337678,6465.82885846045,6187.95885023655,5997.68447156383,5937.75398343789,5802.24344531492,5902.74234696881,6013.07879895362,6116.49578852783,6154.62264230369,6012.21296983668,5767.61921963762,5707.61059954436,5864.14611827109,5006.48453276935,5839.40157956017,6262.56088273674,6165.69414825936,6290.49294452749,6373.94191324413
Belize,BLZ,"Unemployment, total (% of total labor force) (national estimate)",SL.UEM.TOTL.NE.ZS,9.394,8.508,8.182,..,..,..,14.271,8.349,8.244,7.578,7,6.596,9.346,9.053,..,..,..,..,..,..
Belize,BLZ,Domestic general government health expenditure (% of GDP),SH.XPD.GHED.GD.ZS,1.97383273,2.37503958,2.91308498,2.89427853,2.97982311,2.98816276,2.86571932,2.92492223,3.03495717,3.17137766,3.35043669,3.2159059,3.27672195,3.31428432,3.79881597,3.51546001,2.61415029,2.69897199,..,..
Belize,BLZ,Current health expenditure (% of GDP),SH.XPD.CHEX.GD.ZS,3.54883528,4.05345058,4.51286459,4.50473404,4.47716761,4.52904415,4.34283972,4.42128754,4.87071466,4.65988731,4.77207184,4.62228823,4.75529861,4.81608105,5.33901167,5.04598379,4.21643019,4.14735794,..,..
Benin,BEN,GDP per capita growth (annual %),NY.GDP.PCAP.KD.ZG,0.750089697773319,2.9001757042866,1.77647069609412,-0.703743155603306,-0.888244805144353,-0.0571230167535077,1.74647753021327,4.076668026964,3.26077217060734,-1.18432043750336,0.361166139903119,2.67041720047298,3.73701554279164,3.98211326561793,1.12020264806804,4.41335435119757,3.58043408047179,3.70332512754182,4.84017869082697,5.5081087133525
Benin,BEN,GDP per capita (constant 2015 US$),NY.GDP.PCAP.KD,900.62053578735,926.740113754071,943.203380303862,936.565651071554,928.246655329144,927.716412836707,943.918771531001,982.399206290516,1014.4330062135,1002.41886879614,1006.03926633023,1032.90471194182,1071.50452156932,1114.17304526443,1126.65404122154,1176.37727637273,1218.49668929091,1263.62158336368,1324.78312597434,1397.75362076916
Benin,BEN,"Unemployment, total (% of total labor force) (national estimate)",SL.UEM.TOTL.NE.ZS,..,..,..,..,1.041,2.647,..,2.198,..,..,..,..,..,1.214,..,..,1.685,..,..,..
Benin,BEN,Domestic general government health expenditure (% of GDP),SH.XPD.GHED.GD.ZS,1.06306994,0.95481884,0.74250972,0.86784607,0.7522946,0.65150005,0.74686456,0.76463026,0.57532531,0.59082586,0.71389222,0.70637327,0.66673458,0.45625761,0.51122105,0.33374113,0.50720674,0.4894892,..,..
Benin,BEN,Current health expenditure (% of GDP),SH.XPD.CHEX.GD.ZS,3.28773856,2.93715644,2.65178108,2.89953876,3.01848245,2.99865556,3.07562971,2.86880755,2.69111967,2.72813416,3.62042856,3.67389345,3.4364984,3.00206876,3.0512166,2.91589761,2.98184395,3.33732462,..,..
Bermuda,BMU,GDP per capita growth (annual %),NY.GDP.PCAP.KD.ZG,5.33726015507226,3.05647529695661,-2.31554307454078,-6.02013631834608,-2.74767294578886,-3.75482688131365,-5.17585752397146,-0.166771480196203,-3.63285540773872,0.878744268938576,-0.633720640096868,3.40119187834931,-0.827444988688441,-0.124745932153232,-7.36898527070605,4.3339140849598,6.09120821281877,4.41671735689361,1.98596161949381,..
Bermuda,BMU,GDP per capita (constant 2015 US$),NY.GDP.PCAP.KD,128662.931924261,132595.482654866,129525.177139097,121727.584908744,118382.908990645,113937.835700983,108040.575659203,107860.394791964,103941.982606956,104855.366822135,104190.876720334,107734.608357327,106843.163739391,106709.881238843,98846.4458079644,103130.365845318,109412.251159598,114244.681047132,116513.536565041,..
Bermuda,BMU,"Unemployment, total (% of total labor force) (national estimate)",SL.UEM.TOTL.NE.ZS,..,..,..,4.482,6.493,..,8.438,6.663,9,..,..,..,..,..,..,..,..,..,..,..
Bermuda,BMU,Domestic general government health expenditure (% of GDP),SH.XPD.GHED.GD.ZS,..,..,..,..,..,..,..,..,..,..,..,..,..,..,..,..,..,..,..,..
Bermuda,BMU,Current health expenditure (% of GDP),SH.XPD.CHEX.GD.ZS,..,..,..,..,..,..,..,..,..,..,..,..,..,..,..,..,..,..,..,..
Bhutan,BTN,GDP per capita growth (annual %),NY.GDP.PCAP.KD.ZG,4.23383383576189,14.7631409986349,3.35523609267926,6.48266406090858,10.7124208428696,7.30476940871061,4.006257825918,0.614996700864396,4.74506543590765,5.58370603464722,7.42464056841786,1.21137239128886,2.76296102776938,5.05479153201512,-10.8226112381065,3.68935319221934,4.47661599603487,3.90421520589868,6.80062352055369,7.30576455805061
Bhutan,BTN,GDP per capita (constant 2015 US$),NY.GDP.PCAP.KD,1701.11878173586,1952.25734603779,2017.76018913403,2148.56480375034,2378.72810760985,2552.48871073094,2654.74798946027,2671.07460201171,2797.81883971908,2954.04081911097,3173.36773217431,3211.80903275593,3300.55006461736,3467.38598979356,3092.12428399363,3206.20366997254,3349.73309632799,3480.51388523184,3717.21053114706,3988.78118067972
Bhutan,BTN,"Unemployment, total (% of total labor force) (national estimate)",SL.UEM.TOTL.NE.ZS,3.129,3.7,..,3.961,3.3,3.143,2.054,2.9,2.63,2.45,..,..,3.35,2.72,5.03,4.803,5.947,3.309,3.39,3.359
Bhutan,BTN,Domestic general government health expenditure (% of GDP),SH.XPD.GHED.GD.ZS,2.28304935,2.47752094,2.17638206,2.43460202,2.3471601,2.21770048,2.26811028,2.3066659,2.23058915,2.55167842,2.42386007,2.31912565,2.44134831,2.4829967,3.18623781,2.31712747,2.13837457,2.9429884,..,..
Bhutan,BTN,Current health expenditure (% of GDP),SH.XPD.CHEX.GD.ZS,4.08523893,3.83774948,3.14842224,3.29665017,3.25758624,3.02062726,3.25988412,3.34862685,3.23226452,3.43653083,3.27756715,3.11215067,3.06896734,3.37511158,4.08451509,4.78581429,3.91757464,4.41551638,..,..
Bolivia,BOL,GDP per capita growth (annual %),NY.GDP.PCAP.KD.ZG,3.02573623361984,2.79100340272169,4.37162981176147,1.65007711976043,2.42845712945092,3.51064972680194,3.45406363162328,5.12847091137223,3.84418415353171,3.27865156316338,2.72220716291487,2.6837284349174,1.40411994190022,0.0889440250061426,-13.7898619967426,8.91320528866063,2.54653335522636,1.11808728662825,-2.47074604396363,-2.90063448441337
Bolivia,BOL,GDP per capita (constant 2015 US$),NY.GDP.PCAP.KD,2221.42722588941,2283.42733535297,2383.25032547517,2422.57579380245,2481.4070083834,2568.52051674406,2657.2388497837,2793.51457124054,2900.90241571477,2996.01289811344,3077.57057582774,3160.16421247588,3204.53670838005,3207.38695231128,2765.09271788602,3011.55110825301,3088.24126173436,3122.77049466223,3045.61476620329,2957.27261403242
Bolivia,BOL,"Unemployment, total (% of total labor force) (national estimate)",SL.UEM.TOTL.NE.ZS,5.08,5.175,2.603,2.973,..,2.255,2.066,2.437,2.021,3.111,3.498,3.655,3.519,3.682,7.903,4.936,3.452,2.948,2.73,..
Bolivia,BOL,Domestic general government health expenditure (% of GDP),SH.XPD.GHED.GD.ZS,2.61106277,2.7755425,2.70188808,3.15830708,3.05729318,3.02061009,2.9963541,3.26242685,3.69240737,4.30645275,4.4294467,4.44758177,4.79799795,4.89661789,5.80238628,5.88253403,4.61549664,4.65502548,..,..
Bolivia,BOL,Current health expenditure (% of GDP),SH.XPD.CHEX.GD.ZS,4.66087532,4.6968894,4.60677242,5.17444515,5.20230532,5.17306805,5.2539444,5.57465124,5.89613628,6.55064964,6.83333063,6.4901948,6.60399437,6.88792992,8.0225811,8.16016769,7.15933084,6.91864729,..,..
Bosnia and Herzegovina,BIH,GDP per capita growth (annual %),NY.GDP.PCAP.KD.ZG,6.27585979363216,7.1739207271968,7.20155128475226,-1.31069341204288,2.67372042856877,2.83942425948602,1.11532015786369,4.02941435250273,2.45997274934615,5.65603511201289,4.59597025623206,4.57868807789549,5.10677209046635,4.16109545157208,-1.65750707667169,9.19342480517756,5.53111118093285,2.62616849156352,3.90600654036231,2.91433522626807
Bosnia and Herzegovina,BIH,GDP per capita (constant 2015 US$),NY.GDP.PCAP.KD,3419.75887457192,3665.08966529499,3929.03297717336,3877.53540078456,3981.20985692032,4094.25329541877,4139.91732773657,4306.73175072214,4412.67617817734,4662.25869219448,4876.53471495633,5099.81602856447,5360.25201017633,5583.29721276458,5490.75366635139,5995.54197590494,6327.16206849174,6493.32400514463,6746.95366547249,6943.58251284534
Bosnia and Herzegovina,BIH,"Unemployment, total (% of total labor force) (national estimate)",SL.UEM.TOTL.NE.ZS,31.11,28.984,23.405,24.068,27.312,27.582,28.01,27.49,27.517,27.695,25.408,20.527,18.4,15.692,15.868,14.897,12.657,10.668,10.706,..
Bosnia and Herzegovina,BIH,Domestic general government health expenditure (% of GDP),SH.XPD.GHED.GD.ZS,4.84716463,5.12106037,5.28242588,6.13346386,6.13426924,6.20625067,6.50727367,6.57830858,6.66444492,6.39630365,6.47960949,6.18360281,6.1210475,6.13385725,6.75351286,6.52639914,5.73453379,6.00363779,..,..
Bosnia and Herzegovina,BIH,Current health expenditure (% of GDP),SH.XPD.CHEX.GD.ZS,8.88362694,9.25501442,9.48630238,9.0152092,9.01212692,9.1712122,9.4791584,9.43616295,9.4710331,9.24086571,9.13943481,8.81797314,8.76100445,8.92544365,9.70311832,9.55514336,8.71644783,8.9216938,..,..
Botswana,BWA,GDP per capita growth (annual %),NY.GDP.PCAP.KD.ZG,6.36142559180612,3.7618955229655,1.1992313160418,-15.8997149078875,7.82114699392078,4.75557328946104,-1.83175900387364,9.43871073960261,4.17099012944411,-6.19995412245493,5.69319455388396,2.6459126098983,2.72071433079989,1.57639094067899,-10.0332383222742,10.2596472128547,3.82363084321453,1.52893817984001,-4.3568819642385,-2.32173162960181
Botswana,BWA,GDP per capita (constant 2015 US$),NY.GDP.PCAP.KD,5865.00026521361,6085.6354476126,6158.61629368051,5179.4138607146,5584.5034321846,5850.07858575461,5742.91924452636,6284.97678002618,6547.12254115892,6141.20394726616,6490.83463593483,6662.57644805467,6843.84612027739,6951.73189051146,6254.24806241091,6895.91184943107,7159.5860618268,7269.05170664457,6952.34770386661,6790.93284822604
Botswana,BWA,"Unemployment, total (% of total labor force) (national estimate)",SL.UEM.TOTL.NE.ZS,17.782,..,..,16.169,17.863,20.01,..,19.997,..,..,..,..,..,20.094,21.017,23.106,23.615,23.381,24.433,..
Botswana,BWA,Domestic general government health expenditure (% of GDP),SH.XPD.GHED.GD.ZS,2.79110265,3.12948751,3.66806316,3.41018438,3.60705996,3.60456705,4.09601831,4.15482092,3.99039125,4.13518047,3.83726597,5.01613283,4.14253378,4.37294102,4.48994827,4.82830048,4.30745316,4.72067308,..,..
Botswana,BWA,Current health expenditure (% of GDP),SH.XPD.CHEX.GD.ZS,4.87599421,5.52080727,5.89747286,6.62081194,6.26718187,5.86915016,6.35010576,6.49913645,5.8804059,6.10287762,5.76837635,6.62986994,6.04010344,6.12193203,6.1213398,6.30315065,5.73650789,6.25574684,..,..
Brazil,BRA,GDP per capita growth (annual %),NY.GDP.PCAP.KD.ZG,2.86752083975395,5.00147015838483,4.09221626720056,-1.0163236214624,6.62782994932327,3.13169854409105,1.09733293821196,2.17333080532316,-0.303163572499983,-4.30639755912077,-4.01012719354725,0.587668928736335,1.09040860447158,0.562970837578547,-3.83550546659214,4.3179316171849,2.64631532411505,2.83370012861097,3.00083291892194,1.89458783745351
Brazil,BRA,GDP per capita (constant 2015 US$),NY.GDP.PCAP.KD,7622.04007133264,8003.25413096047,8330.76459841304,8246.09706995094,8792.63436120342,9067.99316348047,9167.49923929815,9366.73932434359,9338.34278278114,8936.19661712113,8577.84376650911,8628.25308908043,8722.33630317935,8771.44051292177,8435.01143254978,8799.22945810901,9032.08481566299,9288.02701470069,9566.74518687619,9747.99557762692
Brazil,BRA,"Unemployment, total (% of total labor force) (national estimate)",SL.UEM.TOTL.NE.ZS,9.692,9.28,8.268,9.419,..,7.578,7.251,7.071,6.755,8.538,11.58,12.792,12.329,11.936,13.697,13.158,9.231,7.947,6.801,5.832
Brazil,BRA,Domestic general government health expenditure (% of GDP),SH.XPD.GHED.GD.ZS,3.54130626,3.48462701,3.50441861,3.70742011,3.57701325,3.46567941,3.35463309,3.55113959,3.69886327,3.85396719,3.94799495,3.95315194,3.88924217,3.91702151,4.17190552,4.30673981,4.25969172,4.29392195,..,..
Brazil,BRA,Current health expenditure (% of GDP),SH.XPD.CHEX.GD.ZS,8.24952507,8.20182991,8.01128483,8.39480495,7.94516611,7.78819132,7.73637724,7.9766016,8.39644146,8.90929985,9.16901684,9.47125053,9.46475029,9.61449146,9.62326527,9.63646507,9.38739491,9.73092747,..,..
British Virgin Islands,VGB,GDP per capita growth (annual %),NY.GDP.PCAP.KD.ZG,..,..,..,..,..,..,..,..,..,..,..,..,..,..,..,..,..,..,..,..
British Virgin Islands,VGB,GDP per capita (constant 2015 US$),NY.GDP.PCAP.KD,..,..,..,..,..,..,..,..,..,..,..,..,..,..,..,..,..,..,..,..
British Virgin Islands,VGB,"Unemployment, total (% of total labor force) (national estimate)",SL.UEM.TOTL.NE.ZS,..,..,..,..,..,..,..,..,..,..,..,..,..,..,..,..,..,..,..,..
British Virgin Islands,VGB,Domestic general government health expenditure (% of GDP),SH.XPD.GHED.GD.ZS,..,..,..,..,..,..,..,..,..,..,..,..,..,..,..,..,..,..,..,..
British Virgin Islands,VGB,Current health expenditure (% of GDP),SH.XPD.CHEX.GD.ZS,..,..,..,..,..,..,..,..,..,..,..,..,..,..,..,..,..,..,..,..
Brunei Darussalam,BRN,GDP per capita growth (annual %),NY.GDP.PCAP.KD.ZG,2.45784696303623,-5.37503174884661,-5.66095294794741,-3.72462679896589,0.808737769071328,1.91129549119837,-0.62162371685136,-3.46841841572171,-3.80575468176978,-1.68097052571925,-3.69864300009469,0.109331621558866,-1.09895909064488,2.72616506285996,0.0657353317528475,-2.53123842091919,-2.41660968862067,0.339025318690261,3.20430381881549,-0.109535164452723
Brunei Darussalam,BRN,GDP per capita (constant 2015 US$),NY.GDP.PCAP.KD,38229.3565684183,36174.516515486,34126.6941563969,32855.6021602466,33121.3178241724,33754.3640783713,33544.5389457877,32381.0739795231,31148.7297405401,30625.1287744656,29492.4145927789,29524.65912789,29200.1952024222,29996.2407223175,30015.9588506697,29256.1833678343,28549.1756060465,28645.9645396284,29563.8682753082,29531.4854435743
Brunei Darussalam,BRN,"Unemployment, total (% of total labor force) (national estimate)",SL.UEM.TOTL.NE.ZS,..,..,..,..,..,1.721,..,..,6.862,..,..,9.316,8.7,6.6,7.409,4.905,5.191,5.296,4.871,..
Brunei Darussalam,BRN,Domestic general government health expenditure (% of GDP),SH.XPD.GHED.GD.ZS,1.62710452,1.69323945,1.68647766,2.1657393,2.09004593,1.70617342,1.68712533,1.71973145,1.77395678,2.26836538,2.42138696,2.14737701,2.29566693,2.10503411,2.30922484,1.99766231,1.6302222,2.06224728,..,..
Brunei Darussalam,BRN,Current health expenditure (% of GDP),SH.XPD.CHEX.GD.ZS,1.9072516,1.94145441,1.87612021,2.39306617,2.27826095,1.86409724,1.85097206,1.898314,1.91436803,2.38708901,2.54828691,2.27022862,2.41600895,2.23100758,2.45359564,2.14748693,1.77042186,2.2286067,..,..
Bulgaria,BGR,GDP per capita growth (annual %),NY.GDP.PCAP.KD.ZG,7.61685289651042,7.4414860834102,6.87712697728189,-2.72241640378013,2.22608184788542,2.74691105411546,1.33406575233641,1.48365880262806,2.18296570880787,4.72028599415447,4.37288142099703,4.1152402016823,3.74323659397713,5.26898074561532,-2.15683346351801,8.54724289833413,4.76332097858048,1.97332517178712,3.47015020389682,3.22647677659302
Bulgaria,BGR,GDP per capita (constant 2015 US$),NY.GDP.PCAP.KD,5630.08907245392,6049.05136726418,6465.05231071194,6289.04666609216,6429.04599233108,6605.64616736859,6693.76983060797,6793.08253592745,6941.37319825776,7269.02586513711,7586.89174668116,7899.11056589871,8194.79296320014,8626.5750265742,8440.51416964556,9161.94541759347,9598.35828571579,9787.76510584614,10127.4152566236,10454.1739579477
Bulgaria,BGR,"Unemployment, total (% of total labor force) (national estimate)",SL.UEM.TOTL.NE.ZS,8.951,6.878,5.609,6.817,10.279,11.26,12.27,12.941,11.424,9.143,7.575,6.164,5.211,4.148,5.037,5.166,4.148,4.319,4.165,3.5
Bulgaria,BGR,Domestic general government health expenditure (% of GDP),SH.XPD.GHED.GD.ZS,3.63341045,3.43214798,3.48064542,3.54883742,3.91909194,3.84521842,3.82989573,4.03953886,4.47450733,4.13284254,4.11281013,4.11801386,4.23101759,4.2107811,5.05085564,5.52486372,4.77777004,4.97369862,..,..
Bulgaria,BGR,Current health expenditure (% of GDP),SH.XPD.CHEX.GD.ZS,6.52544546,6.15651751,6.28281593,6.59577608,7.09477949,7.10250568,7.53903675,7.14167452,7.68306208,7.39363575,7.45975018,7.49624491,7.34086275,7.11813641,8.44060898,8.58048916,7.63849449,7.91853094,..,..
Burkina Faso,BFA,GDP per capita growth (annual %),NY.GDP.PCAP.KD.ZG,2.98889211912471,1.00131276742226,2.73663676272773,-0.000227773519867469,5.31934915891263,3.51633623623128,3.28878346500349,2.66508275857795,1.27047655599692,0.888259827767996,2.9035090911533,3.21640521697573,3.76772678322459,3.24391866186016,-0.443420002406739,4.43100540861892,-0.693015914774818,0.688770925071964,2.50565566182472,2.99493943486739
Burkina Faso,BFA,GDP per capita (constant 2015 US$),NY.GDP.PCAP.KD,514.113131757062,519.26101218434,533.471299938288,533.470084831931,561.847221302489,581.603658737407,600.731343697818,616.741331164082,624.576885187665,630.124750752312,648.420480176012,669.276310328333,694.492813126351,717.021595096634,713.8421779224,745.472563435144,740.306319930259,745.405334618409,764.082625588818,786.966437457548
Burkina Faso,BFA,"Unemployment, total (% of total labor force) (national estimate)",SL.UEM.TOTL.NE.ZS,2.353,3.3,..,..,..,..,..,..,6.481,..,..,..,4.695,1.56,..,..,1.927,5.348,3.441,7.085
Burkina Faso,BFA,Domestic general government health expenditure (% of GDP),SH.XPD.GHED.GD.ZS,1.43097806,1.43212855,1.36111355,1.64177847,1.30630887,1.34620178,1.06450117,1.61236513,1.62685239,1.45618761,2.38693118,2.6879499,2.12523532,2.23602796,2.84514332,2.73058271,2.62870407,2.45250058,..,..
Burkina Faso,BFA,Current health expenditure (% of GDP),SH.XPD.CHEX.GD.ZS,5.17043304,5.77535009,4.96721601,5.19683933,5.28967237,4.64868164,4.60267258,5.56331587,5.00027227,5.13192415,5.95284653,6.12075186,4.94427681,5.35001135,6.89469957,7.08691931,7.41435528,7.79943228,..,..
Burundi,BDI,GDP per capita growth (annual %),NY.GDP.PCAP.KD.ZG,1.68473642542624,-0.311187520314832,0.668760370648471,-1.33995105464051,0.287652254263818,0.368535841377152,0.762376963720541,1.2220776240641,0.765722877623617,-2.63843207790325,1.43842310958158,1.41976304054418,2.20950781978466,1.08494176938687,-2.56910007414477,0.462596737226662,-0.413741362511459,0.476410170270753,1.4565402745951,1.7611109501225
Burundi,BDI,GDP per capita (constant 2015 US$),NY.GDP.PCAP.KD,255.105582251925,254.311725516331,256.012461554496,252.582019875886,253.308577749924,254.242110648215,256.180393931874,259.311117203355,261.296721752002,254.402585226788,258.061970804063,261.725839287239,267.508692172687,270.411005710809,263.463876362597,264.682651658422,263.587550049119,264.84330794512,268.700857389911,273.432977612477
Burundi,BDI,"Unemployment, total (% of total labor force) (national estimate)",SL.UEM.TOTL.NE.ZS,3.185,..,1.634,..,..,..,..,..,1.572,..,..,..,..,..,1.03,..,..,..,..,..
Burundi,BDI,Domestic general government health expenditure (% of GDP),SH.XPD.GHED.GD.ZS,2.36401343,2.46383238,1.5591383,2.08079624,1.9852922,3.47107577,2.66949105,1.54086971,2.78679872,2.4195447,2.23587942,2.01362443,2.0575192,2.27763605,2.1569612,2.22447824,1.58512878,1.34036565,..,..
Burundi,BDI,Current health expenditure (% of GDP),SH.XPD.CHEX.GD.ZS,8.71264839,9.1855402,7.74147511,9.23238468,11.28196716,10.06996346,8.63756466,8.62834644,7.21081543,6.29044485,7.06148243,6.95230389,7.29396152,9.05940628,10.70776176,8.94190311,8.6687746,9.09471226,..,..
Cabo Verde,CPV,GDP per capita growth (annual %),NY.GDP.PCAP.KD.ZG,6.74862061785244,13.9029028555293,5.93628669264135,-2.43495532260619,1.10867941118087,3.58680088003479,0.983345735610456,0.579092309567969,0.676815488926465,0.922631249857901,4.24816232606327,4.48221093147532,3.60152349643896,6.80449531732363,-20.8937523404244,6.62540765957627,15.1545081084513,4.2751322057766,6.46991608888079,5.80332221747327
Cabo Verde,CPV,GDP per capita (constant 2015 US$),NY.GDP.PCAP.KD,2683.83943856892,3056.97102851154,3238.44159287498,3159.58698693977,3194.61667734233,3309.20121643898,3341.7421054836,3361.09387702205,3383.8422809791,3415.06266730931,3560.1400729534,3719.71306047915,3853.67940035241,4115.90283469406,3255.93628984058,3471.6553421786,3997.76763250653,4168.67748407593,4438.38741931171,4695.96134251417
Cabo Verde,CPV,"Unemployment, total (% of total labor force) (national estimate)",SL.UEM.TOTL.NE.ZS,..,..,..,13.517,10.666,..,..,..,..,31.313,..,12.241,12.2,11.3,..,..,..,..,..,..
Cabo Verde,CPV,Domestic general government health expenditure (% of GDP),SH.XPD.GHED.GD.ZS,2.53359437,2.73044729,2.23800421,2.54577112,2.58053112,2.61180115,2.79963088,2.78713155,2.77216268,2.89664817,2.76934814,2.55316591,3.10238695,3.24034405,4.64176846,4.58503008,4.16780281,3.42531776,..,..
Cabo Verde,CPV,Current health expenditure (% of GDP),SH.XPD.CHEX.GD.ZS,3.82406759,3.84218621,3.26951575,3.55867004,4.08085394,3.92527819,4.6740551,4.82468271,4.85231543,4.40073681,4.36134005,4.48070955,4.78548193,4.82431316,7.03399324,6.60773611,6.70243406,5.84791613,..,..
Cambodia,KHM,GDP per capita growth (annual %),NY.GDP.PCAP.KD.ZG,9.31792401297673,8.78143916559131,5.85728555368171,2.44674504763958,3.45435117133705,5.66993084409259,6.04756982656951,6.25691498312409,6.41109251902618,5.652931676093,6.34300627617029,6.59196495590379,7.43177030242717,6.58272364852731,-4.96368199399319,1.57862051550094,3.74000920039251,3.66847775428445,4.72405869487767,4.11461115788671
Cambodia,KHM,GDP per capita (constant 2015 US$),NY.GDP.PCAP.KD,947.065220050691,1030.23117620792,1090.57475806147,1117.25834194514,1155.85236856699,1221.38839852454,1295.25271477893,1376.29557595926,1464.53115866927,1547.32010444393,1645.46671578126,1753.93530504662,1884.28374817086,2008.32094006706,1908.63427518336,1938.76436741728,2011.27433313262,2085.05748462122,2183.55682401667,2273.40169673646
Cambodia,KHM,"Unemployment, total (% of total labor force) (national estimate)",SL.UEM.TOTL.NE.ZS,..,1.257,0.825,0.579,0.771,0.577,1.279,0.438,0.692,0.393,0.716,0.141,..,0.499,0.172,0.396,..,0.256,..,..
Cambodia,KHM,Domestic general government health expenditure (% of GDP),SH.XPD.GHED.GD.ZS,0.83623242,0.82912254,0.87098134,1.01281023,1.10954452,1.02417195,1.08205044,1.11564887,1.0150677,1.00400126,1.04308498,1.1320188,1.20929301,1.22948682,1.40071249,3.00353575,1.17839336,1.24129963,..,..
Cambodia,KHM,Current health expenditure (% of GDP),SH.XPD.CHEX.GD.ZS,5.36440325,4.42702723,5.61296654,6.3089695,5.62713194,6.00443649,5.77632856,5.00863695,4.40784645,4.53898621,4.49053288,4.26933241,4.49707794,5.05801058,5.13031435,6.33888054,4.46856117,4.61706829,..,..
Cameroon,CMR,GDP per capita growth (annual %),NY.GDP.PCAP.KD.ZG,0.995178501621496,1.44056500100977,-0.054684354254718,-0.318334274636157,0.000136421484427274,0.496174364645441,1.723811615485,2.08714719116143,2.56873406379989,2.40123368709621,1.45711722669677,0.647004976201075,1.11514946861584,0.636415290549962,-2.43476031121681,0.631351991581198,1.04502997524601,0.652417560279119,0.854978148597212,0.590263610869485
Cameroon,CMR,GDP per capita (constant 2015 US$),NY.GDP.PCAP.KD,1277.32990712342,1295.73067471287,1295.02211276052,1290.89961351149,1290.9013745759,1297.3064962694,1319.66961634054,1347.2130636706,1381.81938454907,1415.00009710569,1435.61830727839,1444.90682916573,1461.01969999317,1470.31785276187,1434.51913723409,1443.57600237663,1458.66180431693,1468.17837007337,1480.73097431993,1489.47119043622
Cameroon,CMR,"Unemployment, total (% of total labor force) (national estimate)",SL.UEM.TOTL.NE.ZS,..,3.063,..,..,4.111,..,..,..,3.534,..,..,..,..,..,..,3.275,..,..,..,..
Cameroon,CMR,Domestic general government health expenditure (% of GDP),SH.XPD.GHED.GD.ZS,0.64810383,0.56892991,0.55071974,0.44800821,0.4063552,0.5729565,0.64008772,0.4803811,0.58977377,0.36383638,0.36593068,0.14120807,0.35133773,0.40687224,0.60675448,0.48882192,0.66833162,0.66923392,..,..
Cameroon,CMR,Current health expenditure (% of GDP),SH.XPD.CHEX.GD.ZS,3.73662829,3.79498792,3.65843678,3.49997187,3.57742167,3.85282946,3.9310236,3.63136435,4.34148788,4.12600517,4.02253723,3.79293942,3.61970162,3.65157914,4.25051928,4.34109783,4.49439144,4.5545516,..,..
Canada,CAN,GDP per capita growth (annual %),NY.GDP.PCAP.KD.ZG,1.60290147984234,1.06414483533945,-0.093342723123186,-4.02008815189166,1.95144743974238,2.13607718389216,0.658841996943821,1.25359012132115,1.84840950153425,-0.112369151907927,-0.0982963673716881,1.80946447841099,1.28092656218273,0.429657594374362,-6.06240641639141,5.36528783461416,2.78626569235895,-0.844530120415982,-0.954212030330638,0.791681826896635
Canada,CAN,GDP per capita (constant 2015 US$),NY.GDP.PCAP.KD,41663.5541588166,42106.9147186165,42067.610977795,40376.4559330928,41164.3812486578,42043.6842044008,42320.6856530018,42851.2135876232,43643.2794910996,43594.2379080706,43551.3863558236,44339.4332217878,44907.3887994469,45100.336805859,42366.1710935265,44639.2381171993,45883.0058941892,45495.5100892605,45061.3864587285,45418.1292662699
Canada,CAN,"Unemployment, total (% of total labor force) (national estimate)",SL.UEM.TOTL.NE.ZS,6.484,6.156,6.284,8.46,8.178,7.659,7.429,7.178,7.049,6.986,7.067,6.444,5.842,5.688,9.657,7.517,5.273,5.389,6.344,6.819
Canada,CAN,Domestic general government health expenditure (% of GDP),SH.XPD.GHED.GD.ZS,6.48794031,6.57450104,6.70112658,7.52285767,7.48326397,7.31292295,7.43784714,7.40494967,7.27883959,7.63076639,7.72722769,7.60926294,7.604599,7.68264532,9.61535835,9.00172424,7.86726427,7.86552382,7.93846798,..
Canada,CAN,Current health expenditure (% of GDP),SH.XPD.CHEX.GD.ZS,9.33188725,9.4346962,9.59427929,10.70402527,10.70066547,10.40518665,10.5407114,10.43559265,10.28115654,10.76397896,11.05626965,10.9242115,10.92262077,11.04823494,13.01732922,12.38106632,11.08119678,11.18692875,11.3095665,..
Caribbean small states,CSS,GDP per capita growth (annual %),NY.GDP.PCAP.KD.ZG,7.20483482650496,3.18384924816124,1.05232469729881,-3.90868854825267,0.542414635361752,0.247458454934588,3.44106475940104,0.871241055399167,1.90649605074414,-0.704416193082665,-3.69329542885677,-1.31455852532122,0.355868797009421,0.0597363324265814,-9.60221451017202,6.76081374499473,14.2784672783565,8.26125371691218,12.8498912691004,7.56041212197263
Caribbean small states,CSS,GDP per capita (constant 2015 US$),NY.GDP.PCAP.KD,13597.1381777631,14030.0505594073,14177.6922464874,13623.5304132425,13697.4264360568,13731.3218758813,14203.8255539522,14327.5751136155,14600.729767324,14497.8798625347,13962.4303282906,13778.886010068,13827.9207659533,13836.1810586697,12507.6012734005,13353.2168994617,15259.8516050593,16520.5066629775,18643.3738062746,20052.8896994689
Caribbean small states,CSS,"Unemployment, total (% of total labor force) (national estimate)",SL.UEM.TOTL.NE.ZS,8.21889782577187,..,..,..,..,..,..,7.8425611158767,6.54376175291748,5.99283950990689,7.03903785730386,..,..,7.89834422046161,..,..,..,..,..,..
Caribbean small states,CSS,Domestic general government health expenditure (% of GDP),SH.XPD.GHED.GD.ZS,2.01950974387221,2.03504192391739,2.00127124056906,2.51063599297719,2.43141399066492,2.36702848825455,2.37397398692666,2.49391003525428,2.45311144268825,2.7280157243534,2.96664497117054,3.1869081849407,3.04665491345002,3.12850425037929,3.6763200531907,3.40016423049184,2.92890909488087,2.85689695059524,..,..
Caribbean small states,CSS,Current health expenditure (% of GDP),SH.XPD.CHEX.GD.ZS,4.47595023387942,4.46435832120334,4.27364887277393,5.25270674983499,5.08617226679244,4.92606464011983,4.89619282061397,5.02066263725941,5.02332217946714,5.38567437618175,5.79141967927472,5.97087076748082,5.94749622539129,6.0899471806107,6.81972402950988,6.45295591405472,5.57302406714792,5.48778796194105,..,..
Cayman Islands,CYM,GDP per capita growth (annual %),NY.GDP.PCAP.KD.ZG,..,0.141681726123494,-3.20928610347219,-9.78775091467642,-5.37886645271013,-1.57276020805743,-1.48099828738833,-1.34351961199967,0.0864584263895267,0.360803236980843,0.85449283996779,0.889645893903833,2.04407129171315,1.77641822923059,-6.83262897536278,2.73935936787683,3.47204149366522,3.70821524263701,1.77902437118955,..
Cayman Islands,CYM,GDP per capita (constant 2015 US$),NY.GDP.PCAP.KD,96066.6290832355,96202.7379415493,93115.3168416314,84001.4215657607,79483.0972813604,78233.0187551876,77074.3890872511,76038.879554035,76104.6215727416,76379.2095108681,77031.8643873625,77717.1752058822,79305.769672996,80714.5718222987,75199.6446006284,77259.6331096058,79942.1196290248,82906.5454943954,84381.4731440521,..
Cayman Islands,CYM,"Unemployment, total (% of total labor force) (national estimate)",SL.UEM.TOTL.NE.ZS,2.622,3.824,3.972,6.039,6.682,6.781,6.212,6.273,4.697,4.2,..,..,..,..,..,..,..,..,..,..
Cayman Islands,CYM,Domestic general government health expenditure (% of GDP),SH.XPD.GHED.GD.ZS,..,..,..,..,..,..,..,..,..,..,..,..,..,..,..,..,..,..,..,..
Cayman Islands,CYM,Current health expenditure (% of GDP),SH.XPD.CHEX.GD.ZS,..,..,..,..,..,..,..,..,..,..,..,..,..,..,..,..,..,..,..,..
Central African Republic,CAF,GDP per capita growth (annual %),NY.GDP.PCAP.KD.ZG,2.64652651726671,2.61065388109087,-0.0996463174017777,9.30502220176477,5.47038096593693,2.55065326927321,4.00963689358869,-36.8245466038613,0.497506544343594,4.19878078824811,2.87598768927953,2.7861131027974,1.9780319759616,1.72290159793216,-0.744488614542561,-0.705468755505223,0.730965726740934,-0.362884514707787,-1.89436423949913,1.03862629845366
Central African Republic,CAF,GDP per capita (constant 2015 US$),NY.GDP.PCAP.KD,439.294330902768,450.762785401893,450.313616886022,492.215398914836,519.141456408484,532.38295493852,553.729578314912,349.821171688973,351.561554911625,366.322853938121,376.858254120398,387.35795131742,395.020015455909,401.82582161435,398.834274122139,396.020622931961,398.91539795642,397.467795750451,389.938307964229,393.988309778491
Central African Republic,CAF,"Unemployment, total (% of total labor force) (national estimate)",SL.UEM.TOTL.NE.ZS,..,..,..,..,..,..,..,..,..,..,..,..,..,..,..,..,..,..,..,..
Central African Republic,CAF,Domestic general government health expenditure (% of GDP),SH.XPD.GHED.GD.ZS,1.22708309,1.27105796,0.84676838,0.73201287,0.57671779,0.41518956,0.62262207,0.98418158,0.71106249,0.45585203,0.59953427,0.72881997,0.68853283,0.81889474,1.22141719,1.26395118,1.49499202,1.53037214,..,..
Central African Republic,CAF,Current health expenditure (% of GDP),SH.XPD.CHEX.GD.ZS,4.31108665,4.6338892,4.02635765,4.68325615,3.56699872,3.67561865,3.91814446,4.76660204,4.56557369,5.03434181,5.44402313,6.66541576,10.99484062,7.76081514,8.98488045,9.15097523,9.94993496,10.65553188,..,..
Central Europe and the Baltics,CEB,GDP per capita growth (annual %),NY.GDP.PCAP.KD.ZG,6.91221515543346,6.73616028834196,4.33536357522961,-3.43701704815558,1.90703503663352,3.84661785855246,1.07524304117976,1.01726952998634,3.55146004249337,4.3120641222167,3.13298217976458,5.42597031137817,5.22409901899552,4.24672117209575,-2.68153713428568,7.64692428388101,4.17906033122961,0.607893264663147,2.21955805173253,2.62070412976104
Central Europe and the Baltics,CEB,GDP per capita (constant 2015 US$),NY.GDP.PCAP.KD,10036.5097725823,10712.5851582186,11177.0146731334,10792.858773343,10998.682371605,11421.7596519166,11544.5713277541,11662.0107342389,12076.1823856167,12596.9151136003,12991.5742193095,13696.4931794299,14412.0115452533,15024.0494908704,14621.1740246993,15739.2441317825,16396.9966397292,16496.6728779092,16862.8261090388,17304.7508892728
Central Europe and the Baltics,CEB,"Unemployment, total (% of total labor force) (national estimate)",SL.UEM.TOTL.NE.ZS,10.124914494498,7.80912922603523,6.60116715977237,8.51650875155537,9.92718738959061,9.80960842319458,10.014837051229,10.076189699493,8.87370489824698,7.81260796234007,6.47626986745334,5.27719000843769,4.29483445753775,3.76072643211224,4.3496421220328,4.44508031221282,3.96540582731722,4.01230416616797,4.00925787453836,4.17262390230972
Central Europe and the Baltics,CEB,Domestic general government health expenditure (% of GDP),SH.XPD.GHED.GD.ZS,4.54049528766335,4.47524468861452,4.6917524726439,5.04702238219317,5.08150054150714,4.81052944914031,4.76619859942234,4.87064620664624,4.82475399778033,4.74638944616529,4.84279806481221,4.79419984244739,4.84462498030337,4.92948960246301,5.46286498274143,5.57396423662875,5.32817924770533,5.49671829782248,..,..
Central Europe and the Baltics,CEB,Current health expenditure (% of GDP),SH.XPD.CHEX.GD.ZS,6.20932865476577,6.12640135042859,6.37063992787813,6.8434904965421,6.87224735106938,6.57652635585737,6.59441920927471,6.65590021040537,6.5742930306582,6.49835896394208,6.64433101291191,6.56979982342561,6.5133634765495,6.61921860012405,7.19217806354904,7.35978123666996,7.01513927497412,7.17207508856139,..,..
Chad,TCD,GDP per capita growth (annual %),NY.GDP.PCAP.KD.ZG,-4.05733919631511,0.671852924810707,-0.463468027746472,-4.86874608907731,9.80713114990233,0.870883386044198,5.29734255099544,-0.767831669389352,-1.51652756694816,0.0674074944662948,-7.08506190157246,-4.81719582036631,2.24768972082788,2.04363651447466,-3.51319644390499,-3.10209208613276,0.59175907712094,-0.651125322486365,-0.115072436579638,2.04780376097817
Chad,TCD,GDP per capita (constant 2015 US$),NY.GDP.PCAP.KD,914.21066458867,920.35281567764,916.08727463451,871.485311278207,956.953018707396,965.286963559567,1016.42152061942,1008.61711428961,993.321157706456,993.990730610869,923.565872051196,879.075895464417,898.834794005046,917.203710060136,884.980541934939,857.52763057976,862.602128172536,856.985507283698,855.999353179333,873.528540127688
Chad,TCD,"Unemployment, total (% of total labor force) (national estimate)",SL.UEM.TOTL.NE.ZS,..,..,..,..,..,..,..,..,..,..,..,..,1.135,..,..,..,3.109,..,..,..
Chad,TCD,Domestic general government health expenditure (% of GDP),SH.XPD.GHED.GD.ZS,0.76379508,0.81764281,0.61977834,0.70113808,0.64793539,0.60246891,0.65627456,0.83544219,0.94091558,0.72352397,0.64428413,0.52580875,0.46814004,0.51349735,0.55167967,0.73647583,0.92589098,1.26169586,..,..
Chad,TCD,Current health expenditure (% of GDP),SH.XPD.CHEX.GD.ZS,3.73417258,3.47199655,3.16359782,3.36260128,3.08810997,2.85585785,2.67306423,2.95766044,3.29708338,3.40253925,3.70842481,3.51023412,3.2893219,3.38471627,4.35215092,3.9722333,4.15823555,4.99707747,..,..
Channel Islands,CHI,GDP per capita growth (annual %),NY.GDP.PCAP.KD.ZG,..,..,..,..,-4.28117501896055,0.438026517384117,-6.37565059386247,-0.133468759749221,1.8297582773701,-0.0726855379298144,0.948076599842508,1.5363504960191,0.736021076194476,1.15023329351136,-9.22341035779262,9.60318203511517,5.0433512927915,3.42060523333167,..,..
Channel Islands,CHI,GDP per capita (constant 2015 US$),NY.GDP.PCAP.KD,..,..,..,67617.8205403696,64722.9832990297,65006.4871287216,60861.9006460501,60780.669022098,61892.8083445708,61847.8212238857,62434.1859444218,63393.3938698644,63859.9826096615,64594.5213908684,58636.7036143365,64267.6930018122,67508.9385276664,69818.1528119104,..,..
Channel Islands,CHI,"Unemployment, total (% of total labor force) (national estimate)",SL.UEM.TOTL.NE.ZS,..,..,..,..,..,..,..,..,..,..,..,..,..,..,..,..,..,..,..,..
Channel Islands,CHI,Domestic general government health expenditure (% of GDP),SH.XPD.GHED.GD.ZS,..,..,..,..,..,..,..,..,..,..,..,..,..,..,..,..,..,..,..,..
Channel Islands,CHI,Current health expenditure (% of GDP),SH.XPD.CHEX.GD.ZS,..,..,..,..,..,..,..,..,..,..,..,..,..,..,..,..,..,..,..,..
Chile,CHL,GDP per capita growth (annual %),NY.GDP.PCAP.KD.ZG,5.01952135827457,4.14386212927862,2.75755699285021,-2.11061042692428,4.79363748014636,5.18104033334399,5.14158431251035,2.32789256098182,0.783002086375433,1.11370445947465,0.52983351729867,-0.235110167425177,2.14988195463914,-0.952396500724504,-6.97738648556296,10.8469342332232,1.55914868965226,0.135205921667691,2.25410739557456,1.96836668792395
Chile,CHL,GDP per capita (constant 2015 US$),NY.GDP.PCAP.KD,10611.6144012877,11051.3450717678,11356.0922105983,11116.4093443103,11649.2897090856,12252.8441074615,12882.834417927,13182.7329619856,13285.9540361192,13433.9202987032,13505.097711133,13473.3458532934,13763.0068844795,13631.9284885172,12680.7761524378,14056.251601955,14275.4094646211,14294.7106635595,14616.9287938028,14904.6435509776
Chile,CHL,"Unemployment, total (% of total labor force) (national estimate)",SL.UEM.TOTL.NE.ZS,7.804,7.136,7.796,9.689,8.547,7.492,6.79,6.361,6.761,6.605,6.926,7.3,7.673,7.559,11.18,9.417,8.331,9.091,8.756,8.894
Chile,CHL,Domestic general government health expenditure (% of GDP),SH.XPD.GHED.GD.ZS,2.51085305,2.62537217,2.93340087,3.39756632,3.21233106,3.2064569,3.36484623,3.56203961,3.74321032,4.01006603,4.24912882,4.58157396,4.68868828,4.77255917,5.48000908,5.21842861,5.09029913,5.25075579,5.10949755,..
Chile,CHL,Current health expenditure (% of GDP),SH.XPD.CHEX.GD.ZS,6.07235622,6.21259642,6.73954487,7.25026846,6.81958389,6.79947519,7.01951265,7.47552681,7.84150171,8.3513937,8.55767059,9.090518,9.15040398,9.30968475,9.69734573,9.72450161,10.0053072,10.17470455,10.53092575,..
China,CHN,GDP per capita growth (annual %),NY.GDP.PCAP.KD.ZG,12.0478875638328,13.5561478146964,9.10828477328671,8.86328559816117,10.0588648070302,8.86552016620182,7.12864747408331,7.06293206554041,6.78578256558413,6.36137631292877,6.16357090866066,6.24623915563534,6.25969538838069,5.69178029552671,2.09618372204399,8.47352592384939,3.14736528950196,5.52547619540933,5.08754856303446,5.13829164139675
China,CHN,GDP per capita (constant 2015 US$),NY.GDP.PCAP.KD,3883.27464370816,4409.69709445986,4811.34486346262,5237.78809982377,5764.65012366375,6275.71634288814,6723.09003744607,7197.937319496,7686.37369520403,8175.33285077393,8679.22528805041,9221.35045639842,9798.57890566402,10356.2924890582,10573.3794064211,11469.3174514512,11830.298767861,12483.9791101249,13119.1076099516,13793.2056196996
China,CHN,"Unemployment, total (% of total labor force) (national estimate)",SL.UEM.TOTL.NE.ZS,1.752,1.581,1.924,2.17,2.912,2.748,2.776,2.929,3.058,3.296,3.831,3.775,4.93,5.15,5.61,5.11,4.569,..,..,..
China,CHN,Domestic general government health expenditure (% of GDP),SH.XPD.GHED.GD.ZS,1.36572993,1.41172099,1.70800281,2.1124301,2.15837073,2.29242587,2.50277305,2.64646387,2.74482822,2.92099118,2.83731437,2.81638408,2.85993624,2.94739079,3.01223373,2.8417747,3.39281297,3.39381886,..,..
China,CHN,Current health expenditure (% of GDP),SH.XPD.CHEX.GD.ZS,3.88655019,3.61737728,3.83627748,4.27631998,4.15821123,4.26719379,4.49046612,4.63882637,4.69880247,4.85367584,4.88338089,4.9695034,5.06933308,5.26516867,5.50441837,5.25590324,5.88078785,5.94388866,..,..
Colombia,COL,GDP per capita growth (annual %),NY.GDP.PCAP.KD.ZG,5.31174394421016,5.39446786231066,2.04799051810861,-0.0317051022677077,3.31434936742798,5.80823503363762,2.87569627540904,4.14129387844136,3.5703066542077,2.06923227113727,1.08114925712198,-0.101221554133033,0.695264947238812,1.36014067984289,-8.50949477621059,9.5929782838861,6.18779953705864,-0.282233597731121,0.408620603822158,1.60595920382266
Colombia,COL,GDP per capita (constant 2015 US$),NY.GDP.PCAP.KD,4694.03442939175,4947.25260813108,5048.57187245249,5046.97121757727,5214.24547620131,5517.1011086899,5675.75617978305,5910.80592301166,6121.83982019825,6248.51490534512,6316.07067782542,6309.67745292518,6353.5464285392,6439.96359812647,5891.95523215403,6457.16921807086,6856.72590505374,6837.37392084534,6865.31283944628,6975.56696286259
Colombia,COL,"Unemployment, total (% of total labor force) (national estimate)",SL.UEM.TOTL.NE.ZS,..,10.252,10.52,11.319,11.153,10.288,9.959,9.246,8.799,8.572,8.922,9.086,9.36,10.28,15.568,13.898,10.541,9.591,9.619,8.428
Colombia,COL,Domestic general government health expenditure (% of GDP),SH.XPD.GHED.GD.ZS,4.56696033,4.58606243,4.74562693,5.26797438,5.10725737,4.98383522,4.7128706,4.90206432,5.05892658,5.32889223,5.29663372,5.4549818,5.38843489,5.47731161,6.18919849,6.64501476,5.34694386,5.73787117,5.68002081,..
Colombia,COL,Current health expenditure (% of GDP),SH.XPD.CHEX.GD.ZS,6.33546638,6.49102163,6.84192181,7.31134558,7.07130194,6.78076792,6.74601603,7.01724052,7.18553209,7.52338505,7.53117037,7.67864323,7.71777487,7.83404827,8.69751263,9.14150524,7.59037256,8.15838146,8.14139366,..
Comoros,COM,GDP per capita growth (annual %),NY.GDP.PCAP.KD.ZG,-3.71626145355258,-1.18558697748325,1.91937430669343,1.2079203319485,1.73513066388675,2.08263580496299,1.11391111554475,2.28116402689325,-0.0905995194762568,-0.96541889629961,1.22281058132006,1.76762596404485,1.63821442372796,-0.178239892265168,-2.13462938280972,0.0455645511488143,0.486994503714811,1.22101405059583,1.36481294621163,1.84834438727457
Comoros,COM,GDP per capita (constant 2015 US$),NY.GDP.PCAP.KD,1227.24669435092,1212.6966173611,1235.97280465287,1250.90237145763,1272.60716208007,1299.11093449408,1313.58187559666,1343.54683280656,1342.3295858321,1329.37048235986,1345.6261652831,1369.41180275963,1391.84570443267,1389.36488014859,1359.7070891825,1360.32663361462,1366.9513495529,1383.64201759575,1402.52614298112,1428.44965622497
Comoros,COM,"Unemployment, total (% of total labor force) (national estimate)",SL.UEM.TOTL.NE.ZS,..,..,..,..,..,..,..,..,8.142,..,..,..,..,..,..,4.394,..,..,..,..
Comoros,COM,Domestic general government health expenditure (% of GDP),SH.XPD.GHED.GD.ZS,0.6453765,0.56597984,0.43337327,0.37907231,0.37668347,0.9567222,0.79534382,0.65978307,0.55491424,0.46612623,0.57399994,0.67584765,0.76553828,0.83244753,1.29287672,0.94517165,0.8734315,0.84639359,..,..
Comoros,COM,Current health expenditure (% of GDP),SH.XPD.CHEX.GD.ZS,5.77341843,5.41753864,5.06897497,4.92694378,4.99181557,5.3021183,5.17354631,5.10299301,5.23849726,4.60089922,4.65263557,5.26807451,4.90318584,5.18044472,5.902421,6.46315002,8.47119522,6.55212021,..,..
"Congo, Dem. Rep.",COD,GDP per capita growth (annual %),NY.GDP.PCAP.KD.ZG,1.91803613632446,5.34752781053874,4.24171595779457,-2.51860845278931,5.21103758230342,-3.61710580676336,5.10047276903202,13.5855917153835,3.72497982298587,2.90483865777841,-3.09891686152069,0.498126250776636,2.57995294310305,-2.58176822938702,-2.41880983949436,3.03871005349485,5.84381468903847,5.05273224713814,2.71725564861343,2.42596784907103
"Congo, Dem. Rep.",COD,GDP per capita (constant 2015 US$),NY.GDP.PCAP.KD,358.454382275579,377.62283005586,393.640517898615,383.726254541217,403.722373878525,389.119308449762,408.966232816288,464.526715460494,481.830241883776,495.826633014883,480.461377880475,482.854682128541,495.312105711027,482.524295129472,470.852950000929,485.160805929784,513.512704372167,539.45912637913,554.117609962628,567.560325026362
"Congo, Dem. Rep.",COD,"Unemployment, total (% of total labor force) (national estimate)",SL.UEM.TOTL.NE.ZS,..,..,..,..,..,..,4.485,..,..,..,5.006,..,..,..,1.466,..,..,..,..,..
"Congo, Dem. Rep.",COD,Domestic general government health expenditure (% of GDP),SH.XPD.GHED.GD.ZS,0.21125633,0.21943448,0.25156215,0.30943882,0.38362399,0.34667644,0.51978379,0.46684277,0.51571059,0.62508768,0.53029794,0.39801776,0.48873118,0.55490303,0.63877279,0.64831114,0.72449565,0.68990564,..,..
"Congo, Dem. Rep.",COD,Current health expenditure (% of GDP),SH.XPD.CHEX.GD.ZS,4.06210661,3.89384961,4.31254816,4.51133156,3.72224283,3.19435549,3.2215035,3.34057522,3.72520614,3.74785447,4.20027828,4.00057793,3.24127173,3.508039,3.97694445,3.86727977,3.9417696,3.68495083,..,..
"Congo, Rep.",COG,GDP per capita growth (annual %),NY.GDP.PCAP.KD.ZG,4.01799119733973,-9.96945133776909,2.86698415150693,7.26428280496805,5.47046970435608,-1.06295910259951,6.91517273107118,-3.09694323656935,4.1002792779107,-1.98214587471384,-10.8700508595295,-7.86139425991523,-4.6581397485937,-1.27988440285151,-8.48578578986992,-1.37465389510481,-0.927744025174505,-0.528875412706213,-0.319535900925317,0.674917226843235
"Congo, Rep.",COG,GDP per capita (constant 2015 US$),NY.GDP.PCAP.KD,2226.0233547376,2004.10103961966,2061.55829880574,2211.31572382028,2332.28508055953,2307.49384399715,2467.06102906839,2390.65754938662,2488.68118548992,2439.35189403696,2174.19310251224,2003.27121075187,1909.9560382117,1885.51080877731,1725.51040049963,1701.79060456872,1686.00234391385,1677.08549205924,1671.7266018229,1683.00937264433
"Congo, Rep.",COG,"Unemployment, total (% of total labor force) (national estimate)",SL.UEM.TOTL.NE.ZS,..,..,..,19.86,..,..,10,..,..,..,..,..,..,..,..,..,..,..,..,..
"Congo, Rep.",COG,Domestic general government health expenditure (% of GDP),SH.XPD.GHED.GD.ZS,0.55492193,0.58651859,1.09928632,0.61770952,0.8283878,0.65133953,0.81893653,0.93664998,0.94694966,1.11883152,1.11958003,0.90735477,0.62025368,1.02925241,1.73444974,1.72020531,0.80518568,1.12095106,..,..
"Congo, Rep.",COG,Current health expenditure (% of GDP),SH.XPD.CHEX.GD.ZS,1.70861316,1.90200174,2.2392714,2.1422224,1.85172856,1.75237322,1.90971065,1.94347155,1.97311735,2.45668483,2.59422994,2.36476016,1.75584984,2.34771276,4.01775074,3.46133351,2.30011368,3.29744148,..,..
Costa Rica,CRI,GDP per capita growth (annual %),NY.GDP.PCAP.KD.ZG,5.83402518356301,6.7597950880332,3.32734138007224,-2.18936700680091,4.06134321043838,3.18309276687559,3.66596872237885,1.36003474738322,2.43499508652508,2.55664326251552,3.15607053449173,3.17871988571305,1.9267557137394,1.85075764226454,-4.803591296633,7.6692169270473,5.00925936176895,4.3041987782517,3.5881668120543,4.09282266939263
Costa Rica,CRI,GDP per capita (constant 2015 US$),NY.GDP.PCAP.KD,9160.29437313379,9779.51150221827,10104.9092352005,9883.67568633785,10285.0856777667,10612.4694960426,11001.5193084396,11151.1437937744,11422.6735972442,11714.7106121672,12084.4351419988,12468.5654849336,12708.8042828359,12944.013449341,12322.2359458534,13267.2549508035,13931.8461614764,14531.5005137466,15052.9149924743,15669.0041096907
Costa Rica,CRI,"Unemployment, total (% of total labor force) (national estimate)",SL.UEM.TOTL.NE.ZS,5.74,4.49,4.781,7.713,7.171,9.518,9.11,8.218,8.499,8.415,8.085,7.729,9.01,10.807,16.432,15.139,11.325,8.325,6.936,6.342
Costa Rica,CRI,Domestic general government health expenditure (% of GDP),SH.XPD.GHED.GD.ZS,4.58488178,4.63239908,5.06513548,5.57623196,5.80644417,5.70106649,5.503479,5.45445585,5.44291878,5.51982594,5.36528826,5.1788969,5.27453423,5.23799706,5.61917973,5.35382223,4.95363188,4.61124086,..,..
Costa Rica,CRI,Current health expenditure (% of GDP),SH.XPD.CHEX.GD.ZS,6.93530846,6.99642611,7.4685483,7.86019182,8.02937698,8.12197781,7.78642273,7.68229342,7.66376209,7.59196186,7.31724358,7.04522991,7.28587723,7.2212491,7.82545757,7.61130476,7.18368196,6.8663702,..,..
Cote d'Ivoire,CIV,GDP per capita growth (annual %),NY.GDP.PCAP.KD.ZG,0.421959618326611,-1.22415870474471,2.42600024388695,1.32618518113594,4.5193074547668,-7.40424970030114,5.39583595248281,8.5732243032672,6.75169825092141,4.14232947521536,4.10858359182184,4.42161228468103,2.05334874793748,3.96244737490909,-1.81621061689408,4.4463193708041,3.75602084659074,3.96403768524576,3.46791305721162,3.96926488985672
Cote d'Ivoire,CIV,GDP per capita (constant 2015 US$),NY.GDP.PCAP.KD,1437.77453798586,1420.1738958245,1454.62731800082,1473.9183699329,1540.52927270246,1426.46463864534,1503.43433046682,1632.32712787006,1742.53693001178,1814.71855088017,1889.27777949938,1972.81431788947,2013.32307598499,2093.09994335779,2055.08483996432,2146.46047529012,2227.08197820584,2315.36434710324,2395.65916961845,2490.74922791875
Cote d'Ivoire,CIV,"Unemployment, total (% of total labor force) (national estimate)",SL.UEM.TOTL.NE.ZS,..,..,..,..,..,..,7.223,4.255,..,..,1.896,3.272,..,2.401,..,..,2.31,..,..,..
Cote d'Ivoire,CIV,Domestic general government health expenditure (% of GDP),SH.XPD.GHED.GD.ZS,0.5577988,0.67966127,0.67955697,0.83744568,0.83997321,0.57983553,0.74607307,0.7278282,0.77760309,0.80445331,0.85302079,0.93267012,0.89862597,0.96328849,1.33183074,1.59011114,1.49067545,1.40123832,..,..
Cote d'Ivoire,CIV,Current health expenditure (% of GDP),SH.XPD.CHEX.GD.ZS,3.92861462,4.19379663,4.1387105,4.63971424,4.57494831,4.39700699,4.4273715,3.71773791,3.7310183,3.2198832,3.32101274,3.24693036,3.0916779,3.18916845,3.62327886,3.76207662,3.63847613,3.43218303,..,..
Croatia,HRV,GDP per capita growth (annual %),NY.GDP.PCAP.KD.ZG,5.04515240807896,5.07179924204281,1.98388228188433,-6.71376495542094,-1.11211829111342,0.233948098216914,-1.77225046048896,0.491232719081154,0.20548399994118,3.54970254475377,4.59625905495034,4.95698866850903,4.26898598804596,4.13065464683689,-7.48629145426857,13.6540779633306,7.94429675001722,3.65329698905039,3.65085264409362,3.1363113364947
Croatia,HRV,GDP per capita (constant 2015 US$),NY.GDP.PCAP.KD,12104.2947219361,12718.2002498979,12970.5143712302,12099.7045228367,11965.1414956676,11993.1337166457,11780.5853491253,11838.4554388595,11862.7815706266,12283.8750299177,12848.473748279,13485.3711360576,14061.0597402919,14641.8735578488,13545.7402289427,15395.2861605128,16618.3333786183,17225.4504515697,17854.3262648378,18414.2935235367
Croatia,HRV,"Unemployment, total (% of total labor force) (national estimate)",SL.UEM.TOTL.NE.ZS,11.13,9.909,8.53,9.202,11.62,13.678,16.046,17.231,17.209,16.15,13.015,11.078,8.322,6.551,7.389,7.483,6.811,6.121,5.033,4.9
Croatia,HRV,Domestic general government health expenditure (% of GDP),SH.XPD.GHED.GD.ZS,5.84456825,6.38684225,6.40165615,6.65384912,6.63025713,6.25037861,6.30977678,5.44869661,5.51811647,5.5316987,5.54387617,5.49144459,5.53542042,5.53433323,6.28337812,6.79773712,6.16261101,6.00462341,..,..
Croatia,HRV,Current health expenditure (% of GDP),SH.XPD.CHEX.GD.ZS,6.90362167,7.38946152,7.63643503,8.03311729,7.94908857,7.62508154,7.63413,6.37271595,6.56612396,6.65548038,6.69167471,6.62803125,6.7136178,6.78699923,7.68352938,8.08265686,7.29636335,7.14699411,..,..
Cuba,CUB,GDP per capita growth (annual %),NY.GDP.PCAP.KD.ZG,11.9069237505458,7.17925242550075,4.07542754472641,1.42474509664487,2.36597236588088,2.76444210196216,3.00028175038565,2.79314623294214,1.15852883229009,4.53753785531039,0.597183645134152,1.97075471516408,2.43656837458022,0.0532186639248664,-10.7383538682124,1.74778827156759,2.34839091134221,-1.5743835905819,-0.699961142159495,..
Cuba,CUB,GDP per capita (constant 2015 US$),NY.GDP.PCAP.KD,5799.41163668615,6215.76603727772,6469.08507847668,6561.25305093006,6716.49048497058,6902.16397571139,7109.24834185635,7307.82004410741,7392.48324633027,7727.91997207998,7774.0698462623,7927.27769431767,8120.43123558256,8124.75282059108,7252.28811179844,7379.04275283674,7552.33152218842,7433.42885399674,7381.39774048869,..
Cuba,CUB,"Unemployment, total (% of total labor force) (national estimate)",SL.UEM.TOTL.NE.ZS,1.913,1.788,1.583,1.67,2.5,3.175,3.498,3.288,2.7,2.4,2,1.7,1.7,..,..,..,..,..,..,..
Cuba,CUB,Domestic general government health expenditure (% of GDP),SH.XPD.GHED.GD.ZS,7.08049011,9.8824482,10.29249096,11.28293419,9.70249748,10.06710052,8.06292343,9.1383667,10.95755768,11.57499027,10.94796658,10.2355442,9.77753925,9.86760807,11.3656826,12.62847614,10.47128963,7.82557917,..,..
Cuba,CUB,Current health expenditure (% of GDP),SH.XPD.CHEX.GD.ZS,8.2719059,10.9674921,11.31422806,12.29053974,10.6880827,11.31298637,9.29940987,10.43099499,12.14121914,12.81404305,12.21769619,11.47201538,11.01842499,11.08501148,12.48641968,13.78746605,11.78773499,9.38383102,..,..
Curacao,CUW,GDP per capita growth (annual %),NY.GDP.PCAP.KD.ZG,-0.940961791444465,0.466173824147887,0.910342294763453,-1.17689651776027,-1.17626862745298,-0.90956664776219,-1.1725619495316,-1.75580782515972,-1.96746652701209,-0.858779914555939,-2.11116210733545,-1.59116272960222,-1.58863051943423,-2.04109664387006,-17.4108327282771,5.22183871931962,7.34318830024098,3.30385721875324,4.14273671054548,..
Curacao,CUW,GDP per capita (constant 2015 US$),NY.GDP.PCAP.KD,20913.6630394407,21011.1570622011,21202.4305115575,20952.8998451864,20706.4374577658,20518.0986087103,20277.5111916571,19921.4770634064,19529.5286704975,19361.8130008678,18953.0537415003,18651.4798142441,18355.1767135889,17980.5298177114,14849.9698474917,15625.4113227953,16772.8146989153,17326.9645481336,18044.7750692923,..
Curacao,CUW,"Unemployment, total (% of total labor force) (national estimate)",SL.UEM.TOTL.NE.ZS,..,..,..,..,..,9.775,..,13.029,12.607,11.708,..,..,13.434,..,19.1,..,..,..,..,..
Curacao,CUW,Domestic general government health expenditure (% of GDP),SH.XPD.GHED.GD.ZS,..,..,..,..,..,..,..,..,..,..,..,..,..,..,..,..,..,..,..,..
Curacao,CUW,Current health expenditure (% of GDP),SH.XPD.CHEX.GD.ZS,..,..,..,..,..,..,..,..,..,..,..,..,..,..,..,..,..,..,..,..
Cyprus,CYP,GDP per capita growth (annual %),NY.GDP.PCAP.KD.ZG,2.98125084368819,2.88426389868701,1.07674041142521,-4.61048255739776,-0.357614019094044,-2.1129375771815,-4.90738549673117,-6.48031760121023,-1.48883694697456,3.19512275980128,6.01835711404337,4.85340888107815,5.05105337795295,4.46826562163456,-4.51403585865228,9.74651161533515,6.73560400602804,1.64038753278454,2.29692471382049,2.3484337138903
Cyprus,CYP,GDP per capita (constant 2015 US$),NY.GDP.PCAP.KD,26395.490234375,27156.806640625,27449.212890625,26183.673828125,26090.037109375,25538.76953125,24285.484375,22711.708984375,22373.56640625,23088.4296875,24477.974609375,25665.990234375,26962.392578125,28167.146484375,26895.671875,29517.05859375,31505.2109375,32022.01953125,32757.541015625,33526.828125
Cyprus,CYP,"Unemployment, total (% of total labor force) (national estimate)",SL.UEM.TOTL.NE.ZS,4.593,3.946,3.756,5.594,6.359,7.942,12.097,16.131,16.277,15.026,13.006,11.155,8.504,7.155,7.755,7.513,6.806,5.835,4.867,4.4
Cyprus,CYP,Domestic general government health expenditure (% of GDP),SH.XPD.GHED.GD.ZS,2.34010673,2.31242609,2.50267649,2.74965072,2.97370887,3.04867911,3.00121903,3.15601254,2.94708562,2.85704303,2.79585361,2.74640369,2.85127211,3.79063916,6.21329498,6.97802401,6.32030439,6.23445129,..,..
Cyprus,CYP,Current health expenditure (% of GDP),SH.XPD.CHEX.GD.ZS,5.46357489,5.35744858,6.01430845,6.46531534,6.50055742,6.43139076,6.53638792,6.92774534,6.93137264,6.79382181,6.65254688,6.62192535,6.78446245,6.99843168,8.64796448,8.87445068,8.27201366,8.11912918,..,..
Czechia,CZE,GDP per capita growth (annual %),NY.GDP.PCAP.KD.ZG,6.33483268224242,4.87504670244317,1.76470872925512,-5.33917399896316,2.41582948883936,1.56218619113156,-0.909418387644408,-0.0749629946207335,2.13762755318902,4.75262406436026,2.3840542545404,4.8945501951199,2.48698770067625,3.15874802851988,-5.53491969820153,5.93106968937249,1.24409473190281,-1.71985869478267,0.870762995860048,2.75148320535214
Czechia,CZE,GDP per capita (constant 2015 US$),NY.GDP.PCAP.KD,16107.3042502688,16892.542854974,17190.6470333289,16272.8084766719,16665.9317825137,16926.2846674435,16772.3539223328,16759.7808635642,17118.0425571578,17931.5987670768,18359.0978103904,19257.6930680911,19736.6295261285,20360.0599221814,19233.1469549829,20373.8783043424,20627.348651011,20272.5874017334,20449.1135911311,21011.7675172345
Czechia,CZE,"Unemployment, total (% of total labor force) (national estimate)",SL.UEM.TOTL.NE.ZS,7.141,5.316,4.392,6.662,7.281,6.712,6.979,6.953,6.108,5.048,3.952,2.893,2.246,2.015,2.55,2.803,2.224,2.579,2.603,2.8
Czechia,CZE,Domestic general government health expenditure (% of GDP),SH.XPD.GHED.GD.ZS,5.27117157,5.01941013,5.13391018,6.02147913,6.34771013,6.3153348,6.37927723,6.29084349,6.33035374,6.15198898,6.18802738,6.12094069,6.24047327,6.33127356,7.89175224,7.91902399,7.18070936,7.10716867,..,..
Czechia,CZE,Current health expenditure (% of GDP),SH.XPD.CHEX.GD.ZS,6.16489983,5.99029112,6.33855247,7.2650013,7.47836781,7.47281456,7.53974962,7.44831276,7.53919601,7.29346752,7.32258606,7.24190664,7.37173605,7.48754358,8.96995831,9.15420723,8.47063065,8.42677402,8.50710297,..
Denmark,DNK,GDP per capita growth (annual %),NY.GDP.PCAP.KD.ZG,3.47585987311464,0.540321532272571,-1.00055940971312,-5.48158280998165,1.13266938250023,0.894526404293345,-0.380977125445526,0.970845909690212,0.765766155124069,1.38566632188861,2.27180151789635,2.39559065097636,1.35619600199787,1.34779245340653,-2.06613837683189,6.03966577353796,-0.344058639271637,-0.138322294600371,2.95776259160623,2.3772870123953
Denmark,DNK,GDP per capita (constant 2015 US$),NY.GDP.PCAP.KD,53823.1590295482,54113.9771471341,53572.5346568185,50635.9118061988,51209.4492757775,51667.5313210425,51470.689845427,51970.3909324806,52368.3625969272,53094.0133607574,54300.2039621991,55601.0145717787,56355.0733084714,57114.6227336347,55934.5555945523,59312.8158043771,59108.7449374068,59026.9843650999,60772.8624276041,62217.6077931564
Denmark,DNK,"Unemployment, total (% of total labor force) (national estimate)",SL.UEM.TOTL.NE.ZS,3.897,3.801,3.683,6.409,7.746,7.769,7.798,7.384,6.925,6.278,5.989,5.833,5.131,5.018,5.644,5.065,4.434,5.094,6.149,6.4
Denmark,DNK,Domestic general government health expenditure (% of GDP),SH.XPD.GHED.GD.ZS,7.67629194,7.78667593,7.95498371,8.97689438,8.92905712,8.72731876,8.88669872,8.69767475,8.70941639,8.74188137,8.65580463,8.49121284,8.49359703,8.52554512,9.01822376,9.00487709,7.99897861,7.95977545,7.83290672,..
Denmark,DNK,Current health expenditure (% of GDP),SH.XPD.CHEX.GD.ZS,9.15257931,9.30215549,9.46797943,10.62873173,10.59621811,10.39758492,10.53344631,10.29778957,10.31388664,10.3754549,10.28229332,10.1137991,10.14163208,10.18468761,10.69237614,10.65575886,9.47411346,9.5572958,9.38812923,..
Djibouti,DJI,GDP per capita growth (annual %),NY.GDP.PCAP.KD.ZG,..,..,..,..,..,..,..,..,5.28018025983934,5.45836831293627,5.33331529745931,3.73971530980459,3.10861540140996,3.91378440928256,-0.306867602824667,2.91169899255628,3.70080389886223,5.33919577490653,5.53622497099775,5.11452662845488
Djibouti,DJI,GDP per capita (constant 2015 US$),NY.GDP.PCAP.KD,..,..,..,..,..,..,..,2140.13769442336,2253.14082249768,2376.12554719873,2502.85181449431,2596.45134698268,2677.1650334451,2781.94350113484,2773.40661780097,2854.15987035097,2959.78673011268,3117.8155381531,3290.42482052598,3458.71447416107
Djibouti,DJI,"Unemployment, total (% of total labor force) (national estimate)",SL.UEM.TOTL.NE.ZS,..,..,..,..,..,..,..,..,..,..,..,26.064,..,..,..,..,..,..,..,38.782
Djibouti,DJI,Domestic general government health expenditure (% of GDP),SH.XPD.GHED.GD.ZS,1.72493029,1.73417449,1.83015931,1.90362072,1.85621846,2.14218068,1.88866687,1.8059175,1.76028001,1.70769882,1.32919765,1.1462568,1.33991563,1.28569102,1.07290661,0.76665086,1.06819105,1.05232239,..,..
Djibouti,DJI,Current health expenditure (% of GDP),SH.XPD.CHEX.GD.ZS,4.21972466,4.05262756,3.6125772,3.63905573,3.35699701,3.37387872,3.29730988,2.91782117,2.95930099,3.3475771,2.74166131,2.47976375,2.530864,2.41347837,2.33861232,2.87128091,2.52554536,2.28316021,..,..
Dominica,DMA,GDP per capita growth (annual %),NY.GDP.PCAP.KD.ZG,4.29152770069501,5.29519443966164,7.11042175462228,-1.15010790521457,-0.0983573113798997,-0.238324807305119,-0.2512858516139,-0.851878257402049,1.37836503321573,-3.42415928778391,2.6190351438682,-6.04609004192379,3.45033107598908,4.3983147374291,-15.323436855213,5.96160559948913,11.0179611001056,4.14467889969342,2.52288551933697,3.57496672818243
Dominica,DMA,GDP per capita (constant 2015 US$),NY.GDP.PCAP.KD,7698.53701483824,8106.18951878325,8682.57378179773,8582.71481435718,8574.27308682238,8553.8384670104,8532.34388117289,8459.6586988024,8576.26367623609,8282.59874702141,8499.52291903149,7985.6341102129,8261.16492553236,8624.51695993537,7302.94454951254,7738.31730070386,8590.92209069816,8946.98822588042,9172.71049624795,9500.63184456131
Dominica,DMA,"Unemployment, total (% of total labor force) (national estimate)",SL.UEM.TOTL.NE.ZS,..,..,..,..,..,..,..,..,..,..,..,..,..,..,..,..,..,..,..,..
Dominica,DMA,Domestic general government health expenditure (% of GDP),SH.XPD.GHED.GD.ZS,2.69501734,2.52050734,2.61492229,2.67258692,2.95949578,3.15106702,3.48056149,3.28141499,3.21116447,3.25268769,3.33051729,3.76958227,4.10668468,3.33201027,3.79538107,4.03373861,4.50941896,3.36183167,..,..
Dominica,DMA,Current health expenditure (% of GDP),SH.XPD.CHEX.GD.ZS,4.78092194,4.79109955,5.04968786,4.98329306,5.15711927,5.33450365,5.79509926,5.34749842,5.26141691,5.15941811,5.12308073,5.46245432,6.18495989,5.16903925,6.06806135,6.31142521,5.97262001,5.00757647,..,..
Dominican Republic,DOM,GDP per capita growth (annual %),NY.GDP.PCAP.KD.ZG,7.81376318948548,6.11794398001162,2.00088270726057,-0.268926599782176,7.02231182986095,1.89038252427819,1.50210074555162,3.66423400861591,5.84760695663518,5.76452490966611,5.54040978660888,2.80931921775627,5.95314205477773,3.81572682273033,-8.88467221699831,12.8319080410071,4.2328919676722,1.28564825764879,4.06915239840208,1.293661274082
Dominican Republic,DOM,GDP per capita (constant 2015 US$),NY.GDP.PCAP.KD,4904.71715839398,5204.78500652254,5308.92664966814,5294.64953374426,5666.45633430206,5773.57403459156,5860.29893321013,6075.03399972737,6430.27811051339,6800.95309395474,7177.75376475488,7379.39978067137,7818.70593240469,8117.04639185786,7395.8734262396,8344.90510312395,8698.13592094395,8809.96335385949,9168.45418897141,9287.06293024608
Dominican Republic,DOM,"Unemployment, total (% of total labor force) (national estimate)",SL.UEM.TOTL.NE.ZS,5.654,5.158,4.764,5.467,5.212,6.087,6.722,7.351,6.719,7.605,7.284,5.832,5.861,6.356,6.126,7.702,5.504,5.555,5.314,5.166
Dominican Republic,DOM,Domestic general government health expenditure (% of GDP),SH.XPD.GHED.GD.ZS,1.40171933,1.68479145,2.12220812,2.33195949,2.51915145,2.72904515,2.76918435,2.78379869,2.46697044,2.37458324,2.6700182,2.60838318,2.57885528,2.66453695,3.25516009,3.36349916,2.81554079,2.94757152,..,..
Dominican Republic,DOM,Current health expenditure (% of GDP),SH.XPD.CHEX.GD.ZS,3.99365425,4.08935308,4.56442022,4.76706171,4.92896748,5.04506636,5.05897284,4.92594242,4.80942917,4.73534584,4.58582401,4.44562674,4.21765518,4.36808872,4.96490288,5.08839989,4.64506817,4.59880495,..,..
Early-demographic dividend,EAR,GDP per capita growth (annual %),NY.GDP.PCAP.KD.ZG,4.39389736512521,4.05875094343662,1.85626993810877,-0.915870722271038,4.74780388261236,3.34306398790334,2.68650489123867,2.53647741773109,2.56912155368174,2.83056375227756,2.77110914786651,3.18065898614314,2.35651768283216,1.02983723771024,-5.44002393656929,6.37999557233438,4.84453271053849,2.90876376353279,2.67161745358622,3.19722964995819
Early-demographic dividend,EAR,GDP per capita (constant 2015 US$),NY.GDP.PCAP.KD,2517.93797435526,2620.13480564456,2668.77158037966,2644.32908283068,2769.87664169436,2862.47539021219,2939.37593158074,3013.93253830751,3091.3641287626,3178.86716124226,3266.95703994597,3370.86780261045,3450.30289844386,3485.83540250583,3296.2051222201,3506.50286307281,3676.37654127034,3783.31364991383,3884.38931770884,4008.58216469443
Early-demographic dividend,EAR,"Unemployment, total (% of total labor force) (national estimate)",SL.UEM.TOTL.NE.ZS,..,..,..,..,4.91332859541828,..,5.03188621936653,..,..,..,..,..,7.00912648484673,6.40302378724246,7.47626008341306,6.59769066712688,5.55491448908438,4.91778897352797,5.20743789705448,..
Early-demographic dividend,EAR,Domestic general government health expenditure (% of GDP),SH.XPD.GHED.GD.ZS,2.11467086985,2.12709307030682,2.16806573147904,2.41613440511661,2.27447884287758,2.3065330240769,2.37861335735113,2.44820363698354,2.51396118546631,2.6223783094044,2.572525015701,2.57284906602807,2.40434208961122,2.39617195380552,2.77180466000135,2.78920736064332,2.547289763497,2.5805502489938,..,..
Early-demographic dividend,EAR,Current health expenditure (% of GDP),SH.XPD.CHEX.GD.ZS,4.68184589142249,4.6716373682639,4.64806513464498,4.99581985697443,4.80856083101776,4.7702535763723,4.84872512552416,4.95743004980616,4.96052984304159,5.14327985640596,5.04115476117258,4.86580729919855,4.63478851903265,4.60415675682015,5.03635481236374,5.07945503994002,4.79146885384,4.8276388426126,..,..
East Asia & Pacific,EAS,GDP per capita growth (annual %),NY.GDP.PCAP.KD.ZG,5.72385116393701,6.72884503898491,3.6427976022069,1.79718077921633,6.87351072245292,4.61621170391322,4.41038264709779,4.4328805002523,4.12375338889497,4.00952694492618,3.89817538925152,4.29848167731318,4.18244588423124,3.50363639067479,-0.497934943199667,6.22497809091043,2.85670794016096,3.86063144599245,3.55691990787241,3.88622874323896
East Asia & Pacific,EAS,GDP per capita (constant 2015 US$),NY.GDP.PCAP.KD,6545.03469272412,6985.43993494533,7239.90537339912,7370.0195612033,7876.59864598949,8240.19911455592,8603.6234263906,8985.01177157421,9355.53149899712,9730.64405529046,10109.9616270695,10544.5364751924,10985.5560070104,11370.44994499,11313.8325015148,12018.1160959764,12361.4385727479,12838.6681574645,13295.329301063,13812.0162098692
East Asia & Pacific,EAS,"Unemployment, total (% of total labor force) (national estimate)",SL.UEM.TOTL.NE.ZS,2.65851350616013,2.53661740707122,2.72780294731534,2.87514197636316,3.23322053343658,3.02191620640997,2.96176923051364,3.03669962744315,3.09634358328033,3.23705911460176,3.60042728604668,3.44256865045303,4.18374365998897,4.20764102715085,4.69775023840266,4.4341459633891,3.90327291076306,..,..,..
East Asia & Pacific,EAS,Domestic general government health expenditure (% of GDP),SH.XPD.GHED.GD.ZS,3.98220247865262,3.85500461376338,3.97061425309953,4.37579091170073,4.29744079743477,4.6901601711929,4.72082396950758,4.44093288598698,4.43403771175979,4.41684235495738,4.44528333994372,4.3489892487072,4.30754761758464,4.42027182601028,4.62652392155896,4.53988725557874,4.68575640316258,4.43213319267491,..,..
East Asia & Pacific,EAS,Current health expenditure (% of GDP),SH.XPD.CHEX.GD.ZS,5.9269358413479,5.70626271531382,5.85657797037731,6.35348529622559,6.22970888846553,6.65349045203249,6.71008884004265,6.46606849218247,6.45793122298381,6.44100318577422,6.51230921566153,6.47098093452568,6.48194468217179,6.65304721759853,6.9680738796086,6.84375302983575,7.02914931598654,6.8203923602249,..,..
East Asia & Pacific (excluding high income),EAP,GDP per capita growth (annual %),NY.GDP.PCAP.KD.ZG,10.19162801539,11.5672255327509,7.80267055127001,7.20749857243837,9.08203525778357,7.73894374147768,6.64434760965442,6.40074360449645,6.15500973980136,5.85095061344107,5.71490280788434,5.86165238725506,5.85535773398644,5.30385584335862,0.886025683608011,7.38179701685718,3.30618636605679,5.06477413781157,4.77787846869337,4.80811113447368
East Asia & Pacific (excluding high income),EAP,GDP per capita (constant 2015 US$),NY.GDP.PCAP.KD,3410.6598804258,3805.1786009497,4102.08415106923,4397.74180769777,4797.14626921917,5168.39472019044,5511.80083123891,5864.59707043702,6225.56359132253,6589.81824245918,6966.41995023195,7374.76727155093,7806.58627734919,8220.63635978721,8293.47330929094,8905.68067463003,9200.1190748992,9666.08432645256,10127.9180882519,10614.8796455435
East Asia & Pacific (excluding high income),EAP,"Unemployment, total (% of total labor force) (national estimate)",SL.UEM.TOTL.NE.ZS,2.48013493673777,2.38946178055071,2.59221211717952,2.63574081094306,3.05652886606384,2.87871320424786,2.82592129344282,2.92113203714442,3.01406713518066,3.17563972810762,3.59550725006152,3.44010396647532,4.29576429272136,4.33671121711751,4.81908679593954,4.5486026424833,4.01587461199531,..,..,..
East Asia & Pacific (excluding high income),EAP,Domestic general government health expenditure (% of GDP),SH.XPD.GHED.GD.ZS,1.37879893251511,1.43475052663122,1.65444137914454,1.98613780396335,1.9762335161851,2.09372078014285,2.28895755522928,2.42293158470962,2.54607755465858,2.71936697651146,2.656253142889,2.63976471539166,2.68847578630548,2.75797044664363,2.87559764905007,2.79122924718865,3.19054419840961,3.17785676076551,..,..
East Asia & Pacific (excluding high income),EAP,Current health expenditure (% of GDP),SH.XPD.CHEX.GD.ZS,3.68788886464905,3.51541442775242,3.6796444790898,4.07079549936242,3.96546241622882,4.08406667743924,4.27888597161886,4.40800686202104,4.49089303176745,4.64725895292733,4.67397428883252,4.73854582512431,4.83518872382564,4.99303914546098,5.2768985110516,5.15121582835273,5.58480647001362,5.60835519830005,..,..
East Asia & Pacific (IDA & IBRD countries),TEA,GDP per capita growth (annual %),NY.GDP.PCAP.KD.ZG,10.1872499308364,11.5622243474627,7.79802432200785,7.20289518287002,9.07737250130171,7.73420001764936,6.63859541906406,6.39523730665788,6.15051576833335,5.8472471862228,5.71122032988794,5.8574700468068,5.8524879613618,5.30193148106359,0.884981442616521,7.38221560541787,3.30781621562521,5.06670866269428,4.77973493423072,4.80998180648223
East Asia & Pacific (IDA & IBRD countries),TEA,GDP per capita (constant 2015 US$),NY.GDP.PCAP.KD,3450.71267623218,3849.69181744448,4149.89172169115,4448.80407260716,4852.63859013079,5227.95136482515,5575.01390464133,5931.54927372231,6296.37014710907,6664.53447337008,7045.16072110558,7457.82890009373,7894.29743865068,8312.8476797593,8386.41483907815,9005.51806406365,9303.40405088781,9774.78042985959,10241.9890248099,10734.6268335252
East Asia & Pacific (IDA & IBRD countries),TEA,"Unemployment, total (% of total labor force) (national estimate)",SL.UEM.TOTL.NE.ZS,2.48013493673777,2.38946178055071,2.59221211717952,2.63574081094306,3.05652886606384,2.87871320424786,2.82592129344282,2.92113203714442,3.01406713518066,3.17563972810762,3.59550725006152,3.44010396647532,4.29576429272136,4.33671121711751,4.81908679593954,4.5486026424833,4.01587461199531,..,..,..
East Asia & Pacific (IDA & IBRD countries),TEA,Domestic general government health expenditure (% of GDP),SH.XPD.GHED.GD.ZS,1.37898626420754,1.43490438596087,1.65455492629591,1.9862232088903,1.97631710456269,2.09378860062076,2.28902361497748,2.42301205181791,2.54616227863831,2.71944937422826,2.65636054108755,2.63986462074625,2.68858835798296,2.75809390065168,2.87570513608818,2.79132913862665,3.19070313477315,3.17799062293095,..,..
East Asia & Pacific (IDA & IBRD countries),TEA,Current health expenditure (% of GDP),SH.XPD.CHEX.GD.ZS,3.68821138887436,3.51573123541236,3.67992012753729,4.07100658095478,3.9656748186692,4.08422305328848,4.27904605272502,4.40816992224757,4.49103828254546,4.64742413660237,4.67413568497843,4.73871314764451,4.83534577953114,4.99320199063666,5.2770596097131,5.1513605762725,5.58502027551356,5.60851637724168,..,..
Ecuador,ECU,GDP per capita growth (annual %),NY.GDP.PCAP.KD.ZG,2.56360111087805,0.176823126136227,4.76318326284088,-0.618743696364604,2.2990259381485,6.71524931054121,4.11233799510666,5.61780573490684,2.74412306472649,-1.30274985042635,-2.12550882201938,4.36195467405905,-0.674558960176682,-1.51253154807527,-10.3108339169142,8.57789544186942,5.0282959697896,0.948258262430642,-2.7842885423931,2.85021075952048
Ecuador,ECU,GDP per capita (constant 2015 US$),NY.GDP.PCAP.KD,4706.98056823816,4715.30359842555,4939.90215021789,4909.33681705683,5022.20374387205,5359.45724615639,5579.85624282158,5893.32172683036,6055.04172761485,5976.1596805651,5849.13587933672,6104.27253521751,6063.0956178776,5971.38938386723,5355.68934196443,5815.09477390949,6107.49495006543,6165.40977555695,5993.74697758454,6164.58139883809
Ecuador,ECU,"Unemployment, total (% of total labor force) (national estimate)",SL.UEM.TOTL.NE.ZS,3.55,3.142,3.917,4.608,4.088,3.458,3.235,2.913,3.279,3.419,4.39,3.708,3.396,3.703,6.084,4.434,3.672,3.462,3.386,3.232
Ecuador,ECU,Domestic general government health expenditure (% of GDP),SH.XPD.GHED.GD.ZS,1.86176145,2.17900252,2.18953037,2.55810642,2.98613954,3.15536475,3.52782917,3.86072373,4.15685654,4.49897623,4.62448025,4.63966084,4.99487257,4.91185951,5.27935171,5.314744,4.71747446,4.6845336,..,..
Ecuador,ECU,Current health expenditure (% of GDP),SH.XPD.CHEX.GD.ZS,5.93617773,5.55722475,5.52174902,6.03388453,6.34925699,6.60509682,6.87859821,6.77866411,6.76601839,7.76786041,7.58817482,7.52484131,7.83364677,7.80878448,8.60608387,8.37526226,7.60183907,7.56167889,..,..
"Egypt, Arab Rep.",EGY,GDP per capita growth (annual %),NY.GDP.PCAP.KD.ZG,4.77751297925985,5.08546727843067,5.17381069982021,2.7155259211155,3.14977851159885,-0.354646268621011,-0.042967018335915,-0.14323388106547,0.599558564662246,2.2041585800734,2.24497375695228,2.12015477140174,3.35166753239859,3.71584088502073,1.88111976012442,1.76220484274864,5.01555864975533,2.02315842412948,0.639636335125445,2.78005160543854
"Egypt, Arab Rep.",EGY,GDP per capita (constant 2015 US$),NY.GDP.PCAP.KD,2761.62410768311,2902.06559803259,3052.2129784594,3135.09661305712,3233.84521249306,3222.37650111397,3220.99194201188,3216.37839024454,3235.66246235519,3306.98159414141,3381.22246307712,3452.90961245976,3568.63966286365,3701.2446344954,3770.86947868544,3837.31992325256,4029.78295458204,4111.3118479018,4137.6092923313,4252.63696588953
"Egypt, Arab Rep.",EGY,"Unemployment, total (% of total labor force) (national estimate)",SL.UEM.TOTL.NE.ZS,10.491,8.805,8.517,9.087,8.757,11.849,12.597,13.154,13.105,13.052,12.45,11.767,9.855,7.851,7.974,7.441,7.344,6.753,5.945,..
"Egypt, Arab Rep.",EGY,Domestic general government health expenditure (% of GDP),SH.XPD.GHED.GD.ZS,1.74427283,1.56855941,1.53611362,1.53461063,1.36768734,1.47460115,1.28014243,1.36696446,1.41039252,1.58139753,1.56636381,1.65595341,1.35182929,1.29722774,1.32617092,1.73679698,1.68629062,1.57523489,..,..
"Egypt, Arab Rep.",EGY,Current health expenditure (% of GDP),SH.XPD.CHEX.GD.ZS,4.84190083,4.44493246,4.46634817,4.37870932,4.15319157,4.35707569,4.45891809,4.6710043,4.77415323,5.06153202,5.07462406,5.34661913,4.74892998,4.5994668,4.15384626,4.60955143,4.72362804,4.88449335,..,..
El Salvador,SLV,GDP per capita growth (annual %),NY.GDP.PCAP.KD.ZG,4.39364908718933,1.72041607620905,1.82447186659891,-2.41599153160278,1.81801613607789,3.43396823026714,2.42155666583095,1.82154176742195,1.31071422282479,2.05686593954016,2.25589267443243,2.0380895055328,2.30913946286621,2.39613321946494,-8.07562588564387,11.5271594106656,2.55236385314032,2.87505531109322,2.12804375011343,3.46015288359463
El Salvador,SLV,GDP per capita (constant 2015 US$),NY.GDP.PCAP.KD,3302.34817354347,3359.1623024135,3420.44927357443,3337.81150878211,3398.49346060363,3515.19664634846,3600.31912505518,3665.90044167854,3713.94992016222,3790.34089108162,3875.84691357954,3954.84014277572,4046.16291720583,4143.11437097867,3808.53195436409,4247.54750394978,4355.96037108555,4481.19664108356,4576.55846613444,4734.91438586978
El Salvador,SLV,"Unemployment, total (% of total labor force) (national estimate)",SL.UEM.TOTL.NE.ZS,6.505,6.406,5.884,7.332,4.893,4.297,3.843,3.693,4.154,3.998,4.418,4.385,4.006,4.17,5.008,4.327,2.993,2.982,2.707,..
El Salvador,SLV,Domestic general government health expenditure (% of GDP),SH.XPD.GHED.GD.ZS,4.52057076,4.1049161,4.0889926,4.10507488,4.37232924,4.79892349,4.45448637,4.76325369,4.68769121,4.80888462,4.84736443,4.58291912,4.54387665,4.71487188,5.7965498,6.41989136,6.12128019,5.62305593,..,..
El Salvador,SLV,Current health expenditure (% of GDP),SH.XPD.CHEX.GD.ZS,8.69338894,8.47836304,8.49585915,8.83749676,8.90416241,8.87645435,8.60625362,9.05235958,8.5989418,8.75833225,8.71456337,8.42286873,8.322752,8.80846119,8.95105076,10.12668991,9.82036304,9.28738594,..,..
Equatorial Guinea,GNQ,GDP per capita growth (annual %),NY.GDP.PCAP.KD.ZG,3.03105558195507,10.1968975693747,12.5326733451216,-3.22046029526918,-13.0151718370352,1.99905762799257,3.98800386782088,-7.8885603944365,-3.43058595312914,-12.4917142663428,-12.0971098998986,-8.94053555047577,-9.37041905185943,-8.52391282041842,-7.35874657366674,-1.56652040015599,0.661786258781987,-9.62995914700062,-1.98923228918052,-8.07696238295122
Equatorial Guinea,GNQ,GDP per capita (constant 2015 US$),NY.GDP.PCAP.KD,10521.9996774827,11594.9172068456,13048.0703050168,12627.862381545,10984.3243932426,11203.9073679091,11650.7196270884,10731.6455729191,10363.4872473549,9068.91003238645,7971.83401904573,7259.10936454803,6578.90039765711,6018.12066321865,5575.26241511492,5487.92479201992,5524.24312418579,4992.26076814571,4892.95310498567,4497.75112328053
Equatorial Guinea,GNQ,"Unemployment, total (% of total labor force) (national estimate)",SL.UEM.TOTL.NE.ZS,..,..,..,..,..,..,..,..,..,..,..,..,..,..,..,..,..,..,..,..
Equatorial Guinea,GNQ,Domestic general government health expenditure (% of GDP),SH.XPD.GHED.GD.ZS,0.45787242,0.48071325,0.48362917,0.76920271,0.64514917,0.59239239,0.70269078,0.61788166,0.65114552,0.7432819,0.86530524,0.78999829,0.81501949,0.8050639,1.0338515,1.14400554,0.86760986,1.12861156,..,..
Equatorial Guinea,GNQ,Current health expenditure (% of GDP),SH.XPD.CHEX.GD.ZS,1.41217864,1.42080677,1.23333216,1.87389886,1.73363662,1.54309607,1.62290311,1.75622749,1.868559,2.45693421,2.97177482,2.86121631,2.92214823,3.27948833,3.70560718,3.5103004,2.83726358,3.49941635,..,..
Eritrea,ERI,GDP per capita growth (annual %),NY.GDP.PCAP.KD.ZG,-2.51821345546691,-0.04176960463559,-12.1248431632963,1.3025781558331,0.205918877679608,6.74798297853228,..,..,..,..,..,..,..,..,..,..,..,..,..,..
Eritrea,ERI,GDP per capita (constant 2015 US$),NY.GDP.PCAP.KD,789.402432018085,789.072701743247,693.398874212494,702.430936480778,703.877374381654,751.374899794668,..,..,..,..,..,..,..,..,..,..,..,..,..,..
Eritrea,ERI,"Unemployment, total (% of total labor force) (national estimate)",SL.UEM.TOTL.NE.ZS,..,..,..,..,..,..,..,..,..,..,..,..,..,..,..,..,..,..,..,..
Eritrea,ERI,Domestic general government health expenditure (% of GDP),SH.XPD.GHED.GD.ZS,0.81826532,1.21488249,1.64659166,1.06634021,1.00715244,0.76524723,0.79066068,0.776559,0.51250237,0.73755044,0.7340641,1.00827622,0.62541473,0.74166143,0.84150839,0.88709611,0.90046018,0.84941107,..,..
Eritrea,ERI,Current health expenditure (% of GDP),SH.XPD.CHEX.GD.ZS,6.85727453,5.2786293,6.57807541,5.42343187,4.81866503,5.1622901,3.74245787,4.96813059,3.91432381,4.50776815,3.73838949,4.15359449,4.24748898,4.64806461,4.31117725,4.17839003,3.87537837,3.6837678,..,..
Estonia,EST,GDP per capita growth (annual %),NY.GDP.PCAP.KD.ZG,10.4117043601584,8.06276601408268,-4.87057915292706,-14.4654981470721,2.68366165094633,7.93414724975237,4.04377186018716,2.1192820000981,3.59411590769302,1.77141701957223,3.06301090349199,5.50685731354206,3.33940936378892,3.3419636171697,-3.07548007766944,8.14019436008853,-2.53754963208853,-4.26634480137913,-0.239652154313688,1.01609649856567
Estonia,EST,GDP per capita (constant 2015 US$),NY.GDP.PCAP.KD,16234.5152041417,17543.4661785723,16688.997772178,14274.8511086787,14657.939813612,15820.922342204,16460.6843479001,16809.5326683781,17413.6867560212,17722.1557669523,18264.9873304279,19270.8141210511,19914.3454922878,20579.8756732376,19946.945696898,21570.6658455268,21023.2994937246,20126.3730486957,20078.1397620993,20282.1530371991
Estonia,EST,"Unemployment, total (% of total labor force) (national estimate)",SL.UEM.TOTL.NE.ZS,5.915,4.592,5.455,13.548,16.707,12.328,10.021,8.631,7.352,6.412,6.882,5.807,5.412,4.514,6.956,6.178,5.571,6.378,7.499,7.5
Estonia,EST,Domestic general government health expenditure (% of GDP),SH.XPD.GHED.GD.ZS,3.69660807,3.87619781,4.50631046,5.22541809,4.84003878,4.48738861,4.53774357,4.61415815,4.66695023,4.85387135,4.88813353,4.75225782,4.82979679,4.94378757,5.75498247,5.68571281,5.18720722,5.66041517,..,..
Estonia,EST,Current health expenditure (% of GDP),SH.XPD.CHEX.GD.ZS,4.97308683,5.18429422,5.95694113,6.84443808,6.59404182,6.05471659,6.03782082,6.19788504,6.26286125,6.52138662,6.56918621,6.46636105,6.56314421,6.64763546,7.47179365,7.47591066,6.93641424,7.47082138,7.83648062,..
Eswatini,SWZ,GDP per capita growth (annual %),NY.GDP.PCAP.KD.ZG,6.19597048349081,3.71813879735403,0.758242258979109,0.784947122409747,3.21763655344279,1.27643647351354,3.53199247160502,3.53016648859264,1.49073514248317,1.12454682394791,2.34965752297238,2.74440888521023,-0.853481330729949,5.4445627805287,-3.9978006899122,3.03852368946784,-0.628894036514311,2.55749887128813,2.01061156828082,3.08642991125257
Eswatini,SWZ,GDP per capita (constant 2015 US$),NY.GDP.PCAP.KD,2823.48728215402,2928.46845823015,2950.67334362132,2973.83456912379,3069.52175725884,3108.70225253092,3218.50138205493,3332.11983927912,3381.79292071291,3419.82276559528,3500.17688847942,3596.23605400492,3565.54285067501,3759.67106964666,3609.3669136859,3719.03838239806,3695.64957179548,3790.16576788091,3866.37127926695,3985.70411891032
Eswatini,SWZ,"Unemployment, total (% of total labor force) (national estimate)",SL.UEM.TOTL.NE.ZS,..,28.242,..,..,..,..,..,..,..,..,22.718,..,..,..,..,33.762,..,34.264,..,..
Eswatini,SWZ,Domestic general government health expenditure (% of GDP),SH.XPD.GHED.GD.ZS,3.45948696,3.7541039,4.45391893,4.46149063,4.22809029,3.61155891,3.41336322,3.32492328,2.73972297,2.94745016,2.84598303,3.54254961,3.39840841,4.40824461,3.53693056,3.65004921,3.24393272,3.20377994,..,..
Eswatini,SWZ,Current health expenditure (% of GDP),SH.XPD.CHEX.GD.ZS,7.82560062,7.93004131,8.85792923,8.63292217,8.5912571,8.46997261,7.82047606,7.45703411,7.25596571,7.05855274,6.82044792,6.98103714,7.31937742,8.40033817,7.0983777,7.40552139,7.2449131,7.49763966,..,..
Ethiopia,ETH,GDP per capita growth (annual %),NY.GDP.PCAP.KD.ZG,7.62653694970021,8.23770708038126,7.62786742867665,5.7563855983106,9.4043448666486,8.06141676362226,5.64374376946701,7.61661454720691,7.33861859355025,7.4680767605293,6.5099145630674,6.61862070026751,3.97407545942133,5.48664147824387,3.22311599681393,2.85565763143852,2.59539967724329,3.85475024935491,4.868199776186,7.00658189199632
Ethiopia,ETH,GDP per capita (constant 2015 US$),NY.GDP.PCAP.KD,313.013896721503,338.799064654308,364.642208155735,385.632419711374,421.898622378633,455.909628648555,481.639999909808,518.324662208106,556.362532243867,597.912113218663,636.835680951429,678.98541915757,705.96881207336,744.702789740042,768.705424484873,790.657019602458,811.177729337321,842.446604881663,883.458588614999,945.358838108184
Ethiopia,ETH,"Unemployment, total (% of total labor force) (national estimate)",SL.UEM.TOTL.NE.ZS,..,..,..,..,..,..,..,2.251,..,..,..,..,..,..,..,3.935,..,..,..,..
Ethiopia,ETH,Domestic general government health expenditure (% of GDP),SH.XPD.GHED.GD.ZS,1.12012815,1.33306754,0.51424927,0.90700704,0.94396317,0.3811754,1.06663179,1.09967208,0.71479559,0.96540898,0.90002954,0.8612687,0.76642609,0.73088509,0.98278511,0.97926205,0.72080112,0.614245,..,..
Ethiopia,ETH,Current health expenditure (% of GDP),SH.XPD.CHEX.GD.ZS,4.45757294,5.00128317,4.28063869,4.6496563,5.46637249,4.46897745,4.5395956,4.07506514,4.03365517,3.82316828,3.60033751,3.45336914,3.30371761,3.24287128,3.48096275,3.20779967,2.85298109,2.80310345,..,..
Euro area,EMU,GDP per capita growth (annual %),NY.GDP.PCAP.KD.ZG,2.87230278130906,2.50883577559316,-0.0432105023548388,-4.7831684545113,1.8763720800435,1.97867787711317,-1.11033604410056,-0.280801418636173,1.30773675112918,1.89731798491029,1.5566937355231,2.45196977684085,1.58284939576711,1.39914862569842,-6.15630180121201,6.38975833856964,3.38678918814921,0.0248648656330204,0.545219641950197,1.11107731582105
Euro area,EMU,GDP per capita (constant 2015 US$),NY.GDP.PCAP.KD,32882.2025430207,33707.163004223,33692.5979697593,32081.0242521645,32682.9836342241,33329.674600975,32959.6032104989,32867.052177107,33296.8666974398,33928.614137702,34456.7787485334,35301.6485495203,35860.4204802822,36362.1610606018,34123.5966842683,36304.0120488212,37533.5524037551,37542.8850711276,37747.5762546902,38166.9810117283
Euro area,EMU,"Unemployment, total (% of total labor force) (national estimate)",SL.UEM.TOTL.NE.ZS,8.4404790481661,7.52316793797376,7.50283392231425,9.57439638727688,10.1761738210052,10.2805136631252,11.4328240980269,12.0184063277941,11.6207304139349,10.8477448563899,9.98608545604403,9.01311660134067,8.089323082041,7.44468187207381,7.78262585986041,7.68078670765912,6.7199580751603,6.49942669227065,6.33889474348686,6.33466038300973
Euro area,EMU,Domestic general government health expenditure (% of GDP),SH.XPD.GHED.GD.ZS,6.75844589521917,6.67547003831096,6.92111587497243,7.50845582114334,7.4553243180228,7.30266870843526,7.34322121763515,7.40148089667218,7.42220519963468,7.42461157035536,7.48561566407225,7.46830743295107,7.46390821854953,7.49256538639214,8.45123627090859,8.45840153666944,8.07452440076838,7.56247181035843,..,..
Euro area,EMU,Current health expenditure (% of GDP),SH.XPD.CHEX.GD.ZS,9.22280888298696,9.12247358961,9.41906550214159,10.1678744585714,10.1260019053426,9.9940911653272,10.1052983277088,10.1397655820921,10.177981881422,10.1401120765925,10.1089253490342,10.0891405040407,10.0820642953726,10.1419237245918,11.138451534423,11.1605764522586,10.6586914769033,10.2899180074654,10.77442962542,..
Europe & Central Asia,ECS,GDP per capita growth (annual %),NY.GDP.PCAP.KD.ZG,3.58790921212622,3.41068913365025,0.617539745622238,-4.78674578394288,2.26402343957281,2.09220686614646,-0.0719576884643374,0.496073568531045,1.5314042480156,1.63218257629066,1.45532021114056,2.56946861228793,1.80967487730916,1.44343229492254,-5.55321212206002,6.74191918034795,3.44025443414297,0.988204992102396,1.19927866922393,1.27161663597657
Europe & Central Asia,ECS,GDP per capita (constant 2015 US$),NY.GDP.PCAP.KD,21218.6420264668,21942.3439443716,22077.8466393493,21021.0362461548,21496.9574340089,21946.7182534558,21930.9259023068,22039.7194290423,22377.2366286294,22742.4739859372,23073.4498063679,23666.3148569145,24094.598211265,24442.3874231782,23085.0498018734,24641.4252022588,25489.1529254156,25741.0380070691,26049.7447851247,26380.9976734418
Europe & Central Asia,ECS,"Unemployment, total (% of total labor force) (national estimate)",SL.UEM.TOTL.NE.ZS,7.97041185123728,7.28116134501754,7.16626176135542,9.15531103428606,9.09522727493293,8.83873247723412,9.05167243034861,9.24763196057673,9.00362647418089,8.52974730535153,8.12815390659445,7.49630059166639,7.0253374332956,6.77317153544477,7.07498537977364,6.959310648365,5.86633128176636,5.56726643057815,5.3623447331941,5.36196740869461
Europe & Central Asia,ECS,Domestic general government health expenditure (% of GDP),SH.XPD.GHED.GD.ZS,6.24233214212797,6.14532609963533,6.28878029646578,6.92439336420415,6.71747761334497,6.55103204276248,6.53676775084461,6.55576174149436,6.64163394262492,6.70708228388639,6.78522669779956,6.70342127275453,6.73884846857563,6.78788511041971,7.92651193278376,7.81935186790525,7.27397875313382,7.03394088125533,..,..
Europe & Central Asia,ECS,Current health expenditure (% of GDP),SH.XPD.CHEX.GD.ZS,8.50374799924686,8.41064204062133,8.58662326403092,9.38827509913138,9.15948655084632,8.99552810622042,9.01710859084387,9.06395145684957,9.1720994556375,9.25808589676473,9.29785092615155,9.2120235707664,9.23422287021077,9.31360378499354,10.4824373522423,10.379372171451,9.70943230869969,9.58496768550451,..,..
Europe & Central Asia (excluding high income),ECA,GDP per capita growth (annual %),NY.GDP.PCAP.KD.ZG,7.73200977762943,6.90360539696482,2.43345237878727,-4.17397189673947,6.26454806972623,7.47928801497547,3.25083368050008,5.64030489780261,2.34708757562652,2.58721624500977,1.94890342644356,5.10448797855074,2.90642169116467,1.72083539301762,-0.420094564083158,8.62190025260897,3.66893266362467,5.80894693328939,3.36064721774048,3.01362639255278
Europe & Central Asia (excluding high income),ECA,GDP per capita (constant 2015 US$),NY.GDP.PCAP.KD,4618.3280614311,4937.15920672959,5057.30262489027,4846.21223459428,5149.8055295914,5534.97431736067,5714.90712667646,6037.24531324726,6178.94474790458,6338.80741019255,6462.34464500545,6792.21425054227,6989.62463883041,7109.90457345448,7080.0362508299,7690.46991422501,7972.62807689424,8435.75381106955,8719.2497368167,8982.015348118
Europe & Central Asia (excluding high income),ECA,"Unemployment, total (% of total labor force) (national estimate)",SL.UEM.TOTL.NE.ZS,8.17291742164127,8.74426924794018,8.49529693042826,10.5084877825357,9.44973596691376,8.82857483314743,8.49499859789128,8.44440784892705,9.23895808103802,8.85339246838107,9.38210798383719,9.05003717267811,9.55419019900825,10.1761416579533,9.2583485544062,10.0135143827282,..,..,..,..
Europe & Central Asia (excluding high income),ECA,Domestic general government health expenditure (% of GDP),SH.XPD.GHED.GD.ZS,3.41329850863602,3.35725955298373,3.40113499374773,3.87942226890912,3.45817992203304,3.20746040945675,3.20137463053574,3.08164742575166,3.06214957673633,2.99965438196173,3.13879278700922,3.01646238700057,2.97739638059012,3.06764497492291,3.51661097250436,3.60529073804478,2.83216499766262,3.14429692334248,..,..
Europe & Central Asia (excluding high income),ECA,Current health expenditure (% of GDP),SH.XPD.CHEX.GD.ZS,5.32505334312613,5.26326300415597,5.1986461043124,5.54615517079578,5.17710899729487,4.87847279895427,4.88912517200442,4.81428803473593,4.74397006998561,4.70512041453542,4.87998833998256,4.75973189996261,4.77847167432374,4.96216304740981,5.51077956473519,5.67432085902431,4.60928567222668,4.92052386059615,..,..
Europe & Central Asia (IDA & IBRD countries),TEC,GDP per capita growth (annual %),NY.GDP.PCAP.KD.ZG,7.77391021952347,7.63712986389,4.24341664000187,-5.01885660400686,4.30957677746137,5.42582345937382,2.98298323579694,2.86988296879962,1.78089475313601,0.96156995113094,1.39203783863289,3.90166280557511,3.37769145797037,2.38897147495361,-1.63867207151296,7.53636048481319,2.44944798240765,4.36228570559156,3.71888714491628,2.27022746851327
Europe & Central Asia (IDA & IBRD countries),TEC,GDP per capita (constant 2015 US$),NY.GDP.PCAP.KD,6297.57598769406,6778.5300441514,7066.17131599245,6711.53031024933,7000.76886191211,7380.61822115828,7600.7808253936,7818.91433979736,7958.16097502701,8034.6842596255,8146.53010473417,8464.38023977556,8750.28088810459,8959.32260249973,8812.50868521582,9476.65110748915,9708.77674684136,10132.3013270566,10509.1101785927,10747.6908845634
Europe & Central Asia (IDA & IBRD countries),TEC,"Unemployment, total (% of total labor force) (national estimate)",SL.UEM.TOTL.NE.ZS,8.28750201315182,7.67214412047667,7.37534822731861,9.29800252668087,8.62519869439795,8.06289584628456,7.56732793760087,7.61725466270156,7.66315926480364,7.52956235391352,7.50851611428948,7.10429056574582,6.9518608542437,7.02807593884589,7.15506606705108,6.91618347186629,5.65918400258182,5.0381048523304,4.52642438612302,..
Europe & Central Asia (IDA & IBRD countries),TEC,Domestic general government health expenditure (% of GDP),SH.XPD.GHED.GD.ZS,3.38686175489533,3.38568606978642,3.50463069532355,3.91503108177121,3.54272608762153,3.31700867270056,3.35324379745504,3.35505937609727,3.3752754383869,3.32037118637858,3.37165175020015,3.34262359448191,3.41807671807407,3.5856672483224,4.76726126491202,4.42264752190197,4.19120833357221,4.34650424620085,..,..
Europe & Central Asia (IDA & IBRD countries),TEC,Current health expenditure (% of GDP),SH.XPD.CHEX.GD.ZS,5.20074495988106,5.17244439401752,5.27914507032254,5.78197780568816,5.3481350449325,5.05190156769061,5.10496871467412,5.17147495715292,5.20096374390863,5.22199292769206,5.3332058150221,5.33122101543241,5.34186505161368,5.5538069934611,6.75002388162956,6.45154983916033,6.04467276638542,6.21532365654935,..,..
European Union,EUU,GDP per capita growth (annual %),NY.GDP.PCAP.KD.ZG,3.21826057030717,2.78168783163606,0.280944118265253,-4.55442276276078,2.02006892310325,2.11633417644916,-0.911617796884059,-0.113454009957749,1.51911127267046,2.17071059581018,1.71749577669785,2.66932398924105,1.87772359244853,1.68103774320447,-5.57053637841061,6.53094716272416,3.33868915851936,0.0589984654906175,0.787818911505255,1.33556083004187
European Union,EUU,GDP per capita (constant 2015 US$),NY.GDP.PCAP.KD,29246.6564527789,30060.2071364862,30144.6595203745,28771.7442854218,29352.9533503664,29974.1599339174,29700.9101574933,29667.2132839257,30117.891265209,30771.6635221374,31300.1655435498,32135.668371076,32739.0873976707,33289.4438136062,31435.0432357987,33488.0493001082,34606.1111714906,34626.5282460477,34899.3225839678,35365.4242663492
European Union,EUU,"Unemployment, total (% of total labor force) (national estimate)",SL.UEM.TOTL.NE.ZS,8.68896256105534,7.5031053820411,7.24163431745465,9.21120412957521,9.87327234610775,9.92888294564936,10.8758482088061,11.3511730368596,10.8255885011473,10.0165353301996,9.1056944627421,8.13208945121752,7.24247265095853,6.67705052747452,7.05471356704802,7.01578627748696,6.15361392727821,6.00803453340864,5.92567699281311,5.98636724714365
European Union,EUU,Domestic general government health expenditure (% of GDP),SH.XPD.GHED.GD.ZS,6.64263335629026,6.55191737391332,6.77679791282234,7.3662558872741,7.30144503950768,7.21158372431678,7.25981947934526,7.32469158154077,7.3355550102943,7.32196439345329,7.38341877694886,7.35438226404212,7.34555749617693,7.36464183966048,8.26341927070032,8.26070292397798,7.86839749675417,7.44307727525001,..,..
European Union,EUU,Current health expenditure (% of GDP),SH.XPD.CHEX.GD.ZS,8.99860806976406,8.88715189946006,9.15756895956265,9.90671336733812,9.84090766528016,9.77039206722476,9.88290732858803,9.92788298240444,9.95490367936825,9.90435202048575,9.88833716120595,9.85036406670765,9.82989036363975,9.8723711185958,10.7994106667147,10.8123235004203,10.3013535917408,9.99899300228438,10.5422385397464,..
Faroe Islands,FRO,GDP per capita growth (annual %),NY.GDP.PCAP.KD.ZG,..,..,..,-5.02867328771298,-0.105461192690626,3.80958689031866,7.64028513939343,5.95488006639857,5.03590340286293,-0.0144554034650923,0.228343050722899,2.03500931466967,1.11536325937354,2.93783373419572,-3.08017092370805,3.62712467824227,2.68179027570467,2.2200355417781,0.397081062964816,..
Faroe Islands,FRO,GDP per capita (constant 2015 US$),NY.GDP.PCAP.KD,..,..,44623.0315871975,42379.0851176044,42334.391628988,43947.1570625821,47304.8451728204,50121.7919684574,52645.8769957728,52638.2668218454,52758.462646154,53832.1022752798,54432.5257658066,56031.6628701293,54305.7918823334,56275.5306614124,57784.7223702914,59067.5637446297,59302.1098546142,..
Faroe Islands,FRO,"Unemployment, total (% of total labor force) (national estimate)",SL.UEM.TOTL.NE.ZS,1.802,1.727,2.359,3.938,6.386,5.29,3.026,4.034,..,..,..,..,..,..,..,..,..,..,..,..
Faroe Islands,FRO,Domestic general government health expenditure (% of GDP),SH.XPD.GHED.GD.ZS,..,..,..,..,..,..,..,..,..,..,..,..,..,..,..,..,..,..,..,..
Faroe Islands,FRO,Current health expenditure (% of GDP),SH.XPD.CHEX.GD.ZS,..,..,..,..,..,..,..,..,..,..,..,..,..,..,..,..,..,..,..,..
Fiji,FJI,GDP per capita growth (annual %),NY.GDP.PCAP.KD.ZG,0.938932462650172,-1.67524879277953,0.410201054333271,-1.80343317505495,2.59506259774236,2.41603454017945,1.19749999071976,4.57032170520452,5.46160981322221,4.38823289212192,2.38011648097762,5.40003471633406,3.99107234875937,-0.334080345193271,-17.1893281212242,-4.52835673234897,17.3979446832272,8.88313429271439,3.01375309468594,2.7121998383011
Fiji,FJI,GDP per capita (constant 2015 US$),NY.GDP.PCAP.KD,4295.40677074806,4223.44802067613,4240.77264898616,4164.29314815569,4272.35916210382,4375.58083514077,4427.97841523552,4630.3512738488,4883.24299340799,5097.53106864695,5218.85824573477,5500.67840280072,5720.21445752907,5701.10434532357,4721.12281287253,4507.33353013335,5291.51692439451,5761.56947891018,5935.20895738332,6096.1836851283
Fiji,FJI,"Unemployment, total (% of total labor force) (national estimate)",SL.UEM.TOTL.NE.ZS,..,8.75,8.938,8.717,8.914,4.406,8.997,8.957,6.165,..,4.319,..,..,..,..,..,..,..,5.361,..
Fiji,FJI,Domestic general government health expenditure (% of GDP),SH.XPD.GHED.GD.ZS,2.47551131,2.46818185,2.21144366,2.19237089,2.18311381,1.88993454,1.91403711,1.87162006,2.0661068,2.09847856,2.09586525,2.11070943,2.4660871,2.64242482,3.00008559,3.65724373,3.196064,2.70261335,..,..
Fiji,FJI,Current health expenditure (% of GDP),SH.XPD.CHEX.GD.ZS,3.34798193,3.41514993,3.18467116,3.53587627,3.41664124,3.14293504,3.2655499,3.20040679,3.36860466,3.32468939,3.27979708,3.18689561,4.10572624,4.28229284,5.28987408,7.06084681,4.01752949,3.61524153,..,..
Finland,FIN,GDP per capita growth (annual %),NY.GDP.PCAP.KD.ZG,3.62113497225309,4.86572137220107,0.316320525705208,-8.51460466433139,2.69737665062684,1.91685338301681,-1.99029082999297,-1.43490157636175,-0.888801631577977,0.136127693741741,2.27754373131673,3.06123169296772,1.05884315705418,1.23812097519217,-2.63099855258851,2.46373050011893,0.489394588644501,-1.7812611103802,-0.268412367688029,-0.297135625498385
Finland,FIN,GDP per capita (constant 2015 US$),NY.GDP.PCAP.KD,44069.3958834717,46213.6898975737,46359.8732844055,42412.5133513534,43556.5385834368,44391.4535667984,43507.9345371578,42883.6384986417,42502.4880199858,42560.3456767103,43529.6761616969,44862.220404205,45337.2409550575,45898.5708448954,44690.9801103074,45792.0454180872,46016.1492103929,45196.4814400136,45075.1684940688,44941.2341102195
Finland,FIN,"Unemployment, total (% of total labor force) (national estimate)",SL.UEM.TOTL.NE.ZS,8.935,6.854,6.369,8.249,8.394,7.781,7.689,8.193,8.663,9.376,8.818,8.64,7.361,6.695,7.759,7.617,6.719,7.149,8.336,9.7
Finland,FIN,Domestic general government health expenditure (% of GDP),SH.XPD.GHED.GD.ZS,6.52460337,6.35588789,6.57707214,7.24022865,7.18030024,7.31418705,7.67503309,7.82302523,7.8208828,7.6206398,7.3601203,7.17050409,7.1532836,7.39612961,7.88914347,8.06121445,7.96152925,8.49943733,..,..
Finland,FIN,Current health expenditure (% of GDP),SH.XPD.CHEX.GD.ZS,8.2858429,8.08415604,8.34362221,9.16182804,9.14183331,9.23903561,9.61732101,9.84504986,9.83066177,9.69998264,9.45625591,9.19148445,9.10587025,9.22295189,9.69977188,9.90969753,9.74152565,10.47389507,..,..
France,FRA,GDP per capita growth (annual %),NY.GDP.PCAP.KD.ZG,2.00131130247657,1.89856745333175,-0.178410661195599,-3.32212444604225,1.49872466177408,1.94433505424516,-0.299598729272304,0.26214454973659,0.519383764691739,0.708030590350688,0.594243752389232,1.78779549384231,1.28216603702126,1.68870844116209,-7.74056751254994,6.50155219757207,2.20208858513766,1.16054609449012,0.925700761599856,0.593421268268841
France,FRA,GDP per capita (constant 2015 US$),NY.GDP.PCAP.KD,35645.4162427116,36322.1685141004,36257.3658930938,35052.8510772683,35578.1968010183,36269.9561530888,36161.2918253465,36256.086680981,36444.3949089146,36702.4323733379,36920.5342846914,37580.5979329356,38062.4435961412,38705.2072940618,35709.2045925926,38030.8571685178,38868.3303330557,39319.4152227295,39683.3953489029,39918.8850568745
France,FRA,"Unemployment, total (% of total labor force) (national estimate)",SL.UEM.TOTL.NE.ZS,8.832,8.008,7.386,9.122,9.279,9.228,9.841,9.913,10.273,10.354,10.057,9.409,9.018,8.415,8.009,7.871,7.303,7.335,7.436,7.7
France,FRA,Domestic general government health expenditure (% of GDP),SH.XPD.GHED.GD.ZS,7.41077948,7.34726858,7.42526388,7.98040915,7.81747055,7.76428938,7.8918004,7.99064016,8.07977486,8.23389816,8.61056232,8.6154108,8.49900723,8.33091736,9.25742054,9.25056267,8.90620232,7.80043125,7.89331961,..
France,FRA,Current health expenditure (% of GDP),SH.XPD.CHEX.GD.ZS,10.39764977,10.33418846,10.51340675,11.29095459,11.22430801,11.17601013,11.33749485,11.37891197,11.57935429,11.50032997,11.57036018,11.44944572,11.30847645,11.17058277,12.12949371,12.24894238,11.82888794,11.51974583,11.53530598,..
French Polynesia,PYF,GDP per capita growth (annual %),NY.GDP.PCAP.KD.ZG,-0.534705152644719,0.477742673226714,-0.716512347599547,-4.62302243249042,-2.86221244709949,-3.37156943541497,-1.41984532236675,-0.201995117223149,-0.0102536380222915,1.26147120448255,1.82142796079958,3.95416021395157,1.90583847677253,2.97688844901971,-10.6298635700059,3.1505198503273,2.7222043522178,2.50230703778058,0.879141456817294,..
French Polynesia,PYF,GDP per capita (constant 2015 US$),NY.GDP.PCAP.KD,21545.5997136473,21648.532237682,21493.4178311249,20499.7723032831,19913.0252687915,19241.6437951625,18968.4422157904,18930.1268887012,18928.1858620128,19166.9594761931,19516.0718353276,20287.7685831663,20674.4206829029,21289.8751241139,19026.790444196,19626.2332540206,20160.4994298379,20664.9770259225,20846.6514059991,..
French Polynesia,PYF,"Unemployment, total (% of total labor force) (national estimate)",SL.UEM.TOTL.NE.ZS,..,11.738,..,..,..,..,21.787,..,..,..,..,..,..,..,..,..,..,..,..,..
French Polynesia,PYF,Domestic general government health expenditure (% of GDP),SH.XPD.GHED.GD.ZS,..,..,..,..,..,..,..,..,..,..,..,..,..,..,..,..,..,..,..,..
French Polynesia,PYF,Current health expenditure (% of GDP),SH.XPD.CHEX.GD.ZS,..,..,..,..,..,..,..,..,..,..,..,..,..,..,..,..,..,..,..,..
Gabon,GAB,GDP per capita growth (annual %),NY.GDP.PCAP.KD.ZG,-5.6960834287439,2.74524486560748,-6.37298501256997,-3.14683049052138,3.45835073677657,3.35937600321799,1.552307854364,1.98480609519432,0.869784891054778,0.693296575495864,-0.79183198007,-2.16361774149249,-1.68804743568779,1.38257599119697,-4.15528083286725,-0.845244788994776,0.747533658746065,0.210978858234995,1.188352816788,0.331924216765373
Gabon,GAB,GDP per capita (constant 2015 US$),NY.GDP.PCAP.KD,6724.08148977274,6908.67399162999,6468.38523357609,6264.83611480154,6481.49612073562,6699.23394606512,6803.22668079211,6938.25753862236,6998.60545439576,7047.12654634355,6991.3251446736,6840.05959347802,6724.5961429108,6817.56879468764,6534.27966529444,6479.0490069252,6527.48207901861,6541.25368618042,6618.9868586134,6640.95687890165
Gabon,GAB,"Unemployment, total (% of total labor force) (national estimate)",SL.UEM.TOTL.NE.ZS,..,..,..,..,20.39,..,..,..,..,..,..,..,..,..,..,..,..,..,17.407,..
Gabon,GAB,Domestic general government health expenditure (% of GDP),SH.XPD.GHED.GD.ZS,1.2173816,1.23346996,1.06247222,1.54066849,1.57325745,1.58558345,1.48285842,1.82302928,1.51668847,1.56549394,2.01055074,1.75976336,1.61284041,1.66963005,1.89678836,1.65491903,1.88504732,2.05877304,..,..
Gabon,GAB,Current health expenditure (% of GDP),SH.XPD.CHEX.GD.ZS,3.14623928,3.0834198,2.84760666,3.78076673,2.47556901,2.55771565,2.42097569,2.84087205,2.53282261,2.65743947,3.1076982,2.78068876,2.75235105,2.76837039,3.4401269,2.79254127,2.89087176,3.13430715,..,..
"Gambia, The",GMB,GDP per capita growth (annual %),NY.GDP.PCAP.KD.ZG,-3.35221701800941,0.0963372438063175,3.21187607038,3.61238687182772,2.87350950500529,-10.7772609082744,2.18645897140155,-0.0966163079995681,-4.17258609769029,1.25137248146628,-0.701007891119758,2.20807546707253,4.66787430455537,3.74848295956672,-1.7631871131438,2.79304588389131,3.07381399019251,3.50722689105484,3.1747025023372,3.56273284761694
"Gambia, The",GMB,GDP per capita (constant 2015 US$),NY.GDP.PCAP.KD,636.596026908866,637.20930597537,657.675679192228,681.433469086571,701.014524591061,625.464360270983,639.139881889048,638.522368532214,611.879472952196,619.536364296461,615.193365494386,628.777299272925,658.127833258563,682.797642940426,670.758642891251,689.49323955737,710.686979216316,735.612384062616,758.965888826955,786.0058158504
"Gambia, The",GMB,"Unemployment, total (% of total labor force) (national estimate)",SL.UEM.TOTL.NE.ZS,..,..,..,..,..,..,9.268,..,..,..,..,..,4.055,..,..,..,..,6.479,..,7.053
"Gambia, The",GMB,Domestic general government health expenditure (% of GDP),SH.XPD.GHED.GD.ZS,0.88458723,0.70619458,0.7288478,0.9055742,0.91823167,1.04374862,1.20622373,1.08376527,1.09228694,0.99829203,1.2897681,1.06097889,1.04798186,1.28750503,1.9513855,1.28643787,1.54287362,1.29954684,..,..
"Gambia, The",GMB,Current health expenditure (% of GDP),SH.XPD.CHEX.GD.ZS,5.43720818,4.95501947,4.65938759,4.46430635,4.11944056,4.36967373,4.26872253,3.91374874,3.05234575,3.1761291,3.19523716,3.35449266,3.18501234,3.14534926,4.01436949,3.74321485,3.53697729,2.89250112,..,..
Georgia,GEO,GDP per capita growth (annual %),NY.GDP.PCAP.KD.ZG,10.0452966712851,13.1643509520424,2.7332346709434,-2.79118104819281,7.02428366897674,8.8036288733672,7.36675215463949,5.44978265548417,4.04162752314514,3.18839294862944,3.38835328316745,5.14582677562736,6.10344745087359,5.56167165873158,-6.35478715206467,11.0650780067831,10.8422088053808,7.74568551727566,6.88825844146292,4.09646855399109
Georgia,GEO,GDP per capita (constant 2015 US$),NY.GDP.PCAP.KD,2554.81253503914,2891.13702331846,2970.15858282428,2887.25607935922,3090.06513662318,3362.1030031968,3609.780798626,3806.50600649051,3960.35080091901,4086.6223465965,4225.09154904806,4442.50744127374,4713.65354845303,4975.81148194814,4659.60925318234,5175.19865185825,5736.30449578597,6180.6206023429,6606.35772271858,6876.98508939391
Georgia,GEO,"Unemployment, total (% of total labor force) (national estimate)",SL.UEM.TOTL.NE.ZS,13.573,13.276,17.866,20.71,20.203,19.632,19.653,19.416,17.439,16.506,16.604,13.939,12.667,11.565,11.734,11.83,10.198,9.59,8.014,..
Georgia,GEO,Domestic general government health expenditure (% of GDP),SH.XPD.GHED.GD.ZS,1.18501794,1.09324026,1.53485286,2.04964566,1.90527785,1.36786854,1.52704597,1.82236254,2.14047027,2.59349322,2.87254119,2.58998537,2.75906873,2.69142175,3.66064787,4.43811321,3.06025243,2.30926275,..,..
Georgia,GEO,Current health expenditure (% of GDP),SH.XPD.CHEX.GD.ZS,7.63208008,7.43517828,8.44424057,9.56681633,9.02123737,7.88224316,7.95168972,8.00574589,8.2940836,8.6599493,9.07258892,8.70140266,7.75524616,7.31291389,9.22991848,10.53835487,8.29634285,6.85758877,..,..
Germany,DEU,GDP per capita growth (annual %),NY.GDP.PCAP.KD.ZG,3.98390753495501,3.0267913002332,1.07991595041742,-5.30491661723096,4.29429269623485,5.69928311502757,0.275091009850499,0.12338547838786,1.75510660613023,0.786705244581157,1.40038690062336,2.4144426920242,0.832212527052548,0.750266426253219,-4.21020011825779,3.86602720371127,1.83161439976671,-0.999929288913975,-0.769070552658818,0.270006343901656
Germany,DEU,GDP per capita (constant 2015 US$),NY.GDP.PCAP.KD,37459.261328042,38593.0749910508,39009.8477636357,36940.4078672661,38526.7371042695,40722.4849268242,40834.5088218456,40884.8926759028,41602.4661281668,41929.7549110722,42516.9337063103,43543.4807050551,43905.8550061973,44235.2658954682,42372.8726784255,44011.0194631674,44817.1316331389,44368.9920074881,44027.7631554469,44146.6409090446
Germany,DEU,"Unemployment, total (% of total labor force) (national estimate)",SL.UEM.TOTL.NE.ZS,10.277,8.732,7.508,7.88,7.043,5.967,5.372,5.316,4.979,4.612,4.104,3.781,3.384,3.163,3.881,3.54,3.098,2.978,3.364,3.8
Germany,DEU,Domestic general government health expenditure (% of GDP),SH.XPD.GHED.GD.ZS,7.53175783,7.43098545,7.59074497,8.33827019,8.23746395,7.97318602,8.03190994,8.24677086,8.33346176,8.45390797,8.53130817,8.63574028,8.7105999,8.89676571,9.87329006,10.12237358,10.01671791,9.29177761,..,..
Germany,DEU,Current health expenditure (% of GDP),SH.XPD.CHEX.GD.ZS,9.96236897,9.83482933,10.03185749,10.97003078,10.8311739,10.52106953,10.59356213,10.7432127,10.76819706,10.92317677,10.97133732,11.05091095,11.18380833,11.42805386,12.46780777,12.72403336,12.44708347,11.74428654,12.26655293,..
Ghana,GHA,GDP per capita growth (annual %),NY.GDP.PCAP.KD.ZG,3.66950804093835,1.69171777527903,6.41466992518754,2.26068893513001,5.30617508163762,11.3370417824575,6.67974740594653,4.75796338524816,0.452244093941871,-0.208325820413904,1.04704406736222,5.78094585817396,4.01895338314475,4.39063133478864,-1.46830801654092,3.03800270044563,1.83051244958061,1.19022304482641,3.88131865617211,4.03001049809495
Ghana,GHA,GDP per capita (constant 2015 US$),NY.GDP.PCAP.KD,1185.26570738595,1205.31705804209,1282.63416886747,1311.63053760125,1381.2279503506,1537.81834019283,1640.54072088003,1718.59704769958,1726.36930134647,1722.77282833606,1740.81101902928,1841.44636153249,1915.4532323781,1999.55372220211,1970.19411460398,2030.04866500967,2067.20895855521,2091.81335596465,2173.00329800201,2260.57555903544
Ghana,GHA,"Unemployment, total (% of total labor force) (national estimate)",SL.UEM.TOTL.NE.ZS,4.897,..,..,..,5.384,..,..,2.173,..,6.806,..,3.369,..,..,..,3.195,2.87,3.245,3.972,..
Ghana,GHA,Domestic general government health expenditure (% of GDP),SH.XPD.GHED.GD.ZS,1.65231752,1.63629603,1.64284575,2.04712129,2.26015067,2.35423017,1.97869766,1.85814357,1.40883136,1.5937829,1.3003906,1.63058531,1.37083328,1.9720608,2.52818918,2.09936643,2.03708911,1.86317766,..,..
Ghana,GHA,Current health expenditure (% of GDP),SH.XPD.CHEX.GD.ZS,3.67208791,3.70900321,3.72533512,4.17717743,4.52302933,4.46374655,3.93023658,4.59225416,4.01644135,4.54299259,3.39035821,2.68786979,2.43001175,3.25450468,4.4331708,3.86030865,3.67459154,2.94686937,..,..
Gibraltar,GIB,GDP per capita growth (annual %),NY.GDP.PCAP.KD.ZG,..,..,..,..,..,..,..,..,..,..,..,..,..,..,..,..,..,..,..,..
Gibraltar,GIB,GDP per capita (constant 2015 US$),NY.GDP.PCAP.KD,..,..,..,..,..,..,..,..,..,..,..,..,..,..,..,..,..,..,..,..
Gibraltar,GIB,"Unemployment, total (% of total labor force) (national estimate)",SL.UEM.TOTL.NE.ZS,..,..,..,..,..,..,..,..,..,..,..,..,..,..,..,..,..,..,..,..
Gibraltar,GIB,Domestic general government health expenditure (% of GDP),SH.XPD.GHED.GD.ZS,..,..,..,..,..,..,..,..,..,..,..,..,..,..,..,..,..,..,..,..
Gibraltar,GIB,Current health expenditure (% of GDP),SH.XPD.CHEX.GD.ZS,..,..,..,..,..,..,..,..,..,..,..,..,..,..,..,..,..,..,..,..
Greece,GRC,GDP per capita growth (annual %),NY.GDP.PCAP.KD.ZG,6.12419382696766,3.24351376995932,-0.2077841521306,-4.37113631022572,-5.81520524166056,-9.74334160929287,-7.83408943355501,-1.56089629701783,1.46585655106406,0.431225575747547,0.384851865059588,1.67402014860588,2.27195132202993,2.38497557963629,-9.00116455331775,9.9750809262257,6.85973802216606,2.43478151693941,2.10832570957629,1.9865406569992
Greece,GRC,GDP per capita (constant 2015 US$),NY.GDP.PCAP.KD,23220.5324419197,23973.6936091313,23923.8800731311,22878.1346644397,21547.724178239,19448.255802525,17924.6620496886,17644.8766635021,17903.5252440012,17980.7298238137,18049.928997892,18352.0884461258,18769.0389621976,19216.6759579785,17486.951333323,19231.2888803517,20550.5049158297,21050.8648111581,21494.6856060599,21921.6862747184
Greece,GRC,"Unemployment, total (% of total labor force) (national estimate)",SL.UEM.TOTL.NE.ZS,8.906,8.351,7.664,9.546,12.719,17.973,24.731,27.686,26.708,24.981,23.514,21.413,19.179,17.045,15.899,14.656,12.426,11.023,10.02,8.838
Greece,GRC,Domestic general government health expenditure (% of GDP),SH.XPD.GHED.GD.ZS,5.17268229,5.39813805,5.84622145,6.5149498,6.62841225,6.03533649,5.7518816,5.23182106,4.51781511,4.7674284,4.43071413,4.29561758,4.17521954,3.95904088,5.06405878,5.38438177,4.56988621,4.24943686,..,..
Greece,GRC,Current health expenditure (% of GDP),SH.XPD.CHEX.GD.ZS,8.39596939,8.52304935,8.948102,9.53581333,9.61952496,9.18577003,9.04327774,8.52183914,7.94358587,8.26719952,8.45097542,8.11336899,8.07267761,8.11709499,9.38074493,9.03178692,8.44938278,8.39367008,..,..
Greenland,GRL,GDP per capita growth (annual %),NY.GDP.PCAP.KD.ZG,5.85316581553596,2.7505908652024,6.59397874864722,0.874906570700134,1.35611976495977,-1.11918135533512,1.53697694464276,-0.726861643140481,5.09192733313645,-2.2149188822392,4.54780858066064,0.0776647739674274,0.89068474112419,2.46273159433217,-0.00176247850131972,1.12101711638257,1.99015372527471,0.504111002291438,..,..
Greenland,GRL,GDP per capita (constant 2015 US$),NY.GDP.PCAP.KD,38828.8524943222,39896.875364094,42527.6668469766,42899.7441985862,43481.5161087805,42994.8790874739,43655.7004664255,43338.3839246907,45545.1429414917,44536.3549705377,46561.7831434013,46597.9452470348,47012.9860350276,48170.7896955512,48169.9406957389,48709.9339758895,49679.3365414895,49929.7755428605,..,..
Greenland,GRL,"Unemployment, total (% of total labor force) (national estimate)",SL.UEM.TOTL.NE.ZS,8.398,..,..,..,7.8,9.4,9.8,10.1,10.3,9.1,..,..,..,..,..,..,..,..,..,..
Greenland,GRL,Domestic general government health expenditure (% of GDP),SH.XPD.GHED.GD.ZS,..,..,..,..,..,..,..,..,..,..,..,..,..,..,..,..,..,..,..,..
Greenland,GRL,Current health expenditure (% of GDP),SH.XPD.CHEX.GD.ZS,..,..,..,..,..,..,..,..,..,..,..,..,..,..,..,..,..,..,..,..
Grenada,GRD,GDP per capita growth (annual %),NY.GDP.PCAP.KD.ZG,-4.34487991607801,5.7518527541441,0.607094088064969,-6.91378690534548,-0.807153746059768,0.321541246692931,-1.76486904539074,1.70896295471954,6.73549593358203,5.9402683055354,3.33052048330798,4.16002295455056,4.13321655238465,0.424779227477273,-14.0234896211443,4.38638000986352,7.10371866166386,4.37658936970584,2.2895660616781,4.32655990102558
Grenada,GRD,GDP per capita (constant 2015 US$),NY.GDP.PCAP.KD,7808.24358323434,8257.36225682689,8307.49221491819,7733.12990600058,7670.71165827663,7695.37616017287,7559.5628483956,7688.75297701343,8206.62862112333,8694.12438005692,8983.68397337899,9357.40728883583,9744.16919577204,9785.56040240592,8413.28335500372,8782.32193426078,9406.19337643226,9817.86383583917,10042.6503142063,10477.151595701
Grenada,GRD,"Unemployment, total (% of total labor force) (national estimate)",SL.UEM.TOTL.NE.ZS,..,..,..,..,..,..,..,24.2,24.5,22.9,..,..,13.658,9.788,12.974,13.035,..,6.34,..,..
Grenada,GRD,Domestic general government health expenditure (% of GDP),SH.XPD.GHED.GD.ZS,2.04412723,2.00870275,1.96291316,2.17009425,2.05670786,2.41611266,2.38694572,2.27822328,2.09314442,1.93493712,1.76571214,1.88796365,1.86524379,2.04134059,2.28805852,2.16806746,1.9978193,2.10270882,..,..
Grenada,GRD,Current health expenditure (% of GDP),SH.XPD.CHEX.GD.ZS,5.11352158,5.23867893,5.386199,5.43471003,5.4188118,5.80423355,5.82235765,5.62652922,4.77353573,4.64675617,4.43910027,4.65701056,4.58373737,4.93189621,5.30602551,5.27963448,4.99701262,4.65330839,..,..
Guam,GUM,GDP per capita growth (annual %),NY.GDP.PCAP.KD.ZG,-3.92956765070362,0.456380842049214,1.772255039884,0.14856119478938,2.04892665177626,0.0650356763903517,2.26402706379456,1.91405054312719,2.08830750386504,1.18092123655293,0.591903022530076,1.34860712204592,-0.333833095467511,3.07547868580322,-10.7119946566793,1.07830501841417,4.17726586538778,..,..,..
Guam,GUM,GDP per capita (constant 2015 US$),NY.GDP.PCAP.KD,31242.462900947,31385.0475162113,31941.2706025874,31988.7229358255,32644.1484056205,32665.3787483379,33404.9317636913,34044.3190415455,34755.2691107298,35165.7014644795,35373.8483143417,35850.9025520506,35731.2203743081,36830.1264410973,32884.8852646787,33239.4846327875,34627.9862781837,..,..,..
Guam,GUM,"Unemployment, total (% of total labor force) (national estimate)",SL.UEM.TOTL.NE.ZS,7.133,8.349,..,9.259,8.2,13.316,12.2,11.5,7.6,6.9,5.4,..,..,..,..,..,..,..,..,..
Guam,GUM,Domestic general government health expenditure (% of GDP),SH.XPD.GHED.GD.ZS,..,..,..,..,..,..,..,..,..,..,..,..,..,..,..,..,..,..,..,..
Guam,GUM,Current health expenditure (% of GDP),SH.XPD.CHEX.GD.ZS,..,..,..,..,..,..,..,..,..,..,..,..,..,..,..,..,..,..,..,..
Guatemala,GTM,GDP per capita growth (annual %),NY.GDP.PCAP.KD.ZG,3.14600619827499,4.12107602558113,1.1948125938613,-1.50524953899686,0.865525448373077,2.10758860221354,0.944366952930409,1.68864483006772,2.48328491110885,2.20204590469615,0.803225593316299,1.22202113190455,1.69836286934826,2.44813678390565,-3.2200765703051,6.56016056249786,2.70050703837425,1.94237600245772,2.12927868150834,2.70911437104778
Guatemala,GTM,GDP per capita (constant 2015 US$),NY.GDP.PCAP.KD,3388.15165081967,3527.77995621193,3569.93031541246,3516.19395579721,3546.62750929879,3621.37582644774,3655.57490299412,3717.30457960279,3809.61584332802,3893.50533299068,3924.7789643024,3972.74059262672,4040.21214374742,4139.12206338632,4005.83916360689,4268.62864461492,4383.90326160481,4469.05514652918,4564.21378502908,4687.86355660464
Guatemala,GTM,"Unemployment, total (% of total labor force) (national estimate)",SL.UEM.TOTL.NE.ZS,1.902,..,..,..,3.497,4.126,2.765,3.017,2.717,2.506,2.583,2.462,2.283,2.193,..,2.174,3.051,2.344,1.903,..
Guatemala,GTM,Domestic general government health expenditure (% of GDP),SH.XPD.GHED.GD.ZS,2.06657243,1.97883451,2.05419135,2.25974083,2.06138587,1.99347126,2.02626443,2.21485376,2.23796296,2.27820134,2.28762269,2.1993053,2.19892383,2.37253165,2.47224283,2.66252208,2.47282767,2.43609333,..,..
Guatemala,GTM,Current health expenditure (% of GDP),SH.XPD.CHEX.GD.ZS,6.36362219,6.1918335,6.08129978,6.33938646,6.1247797,5.96306896,6.07316971,5.77188921,5.8885684,6.00602007,6.07008219,6.13563824,6.10662699,6.17443275,6.4591527,7.35698891,7.1678791,6.80241346,..,..
Guinea,GIN,GDP per capita growth (annual %),NY.GDP.PCAP.KD.ZG,-0.903894697466356,4.37307821452357,1.64417388168144,-3.50758302722751,2.26713039266406,3.02826048764469,3.34759058991902,1.4353219620192,1.15630967477851,1.2305341257089,8.01216245351651,7.51589992127235,3.68700873912611,2.9464024435663,2.06694997562413,2.96921009369555,1.423063279934,2.9750250246767,2.8559023366217,4.9925479076793
Guinea,GIN,GDP per capita (constant 2015 US$),NY.GDP.PCAP.KD,645.472001923653,673.698997420626,684.775780377366,660.756701330284,675.736917327708,696.199991395571,719.505916794546,729.833143236326,738.272274481308,747.356966759448,807.236421043888,867.907502577607,899.907328045175,926.42221954853,945.570903389665,973.646890096159,987.502501465337,1016.88094800324,1045.92207475792,1098.14023541721
Guinea,GIN,"Unemployment, total (% of total labor force) (national estimate)",SL.UEM.TOTL.NE.ZS,..,..,..,..,..,..,..,..,5.044,..,..,..,..,5.018,..,..,..,..,..,..
Guinea,GIN,Domestic general government health expenditure (% of GDP),SH.XPD.GHED.GD.ZS,0.24835719,0.24066733,0.26959306,0.26025116,0.36297843,0.51036745,0.51431388,0.48858824,0.61152339,0.42931107,0.66374409,0.60066199,0.61740124,0.92095226,0.77726084,0.68109477,0.72876471,0.80672276,..,..
Guinea,GIN,Current health expenditure (% of GDP),SH.XPD.CHEX.GD.ZS,3.61526895,3.48262477,3.26561713,3.58146644,3.42781734,3.78955102,3.50398517,3.46108651,4.787992,5.80919266,5.39694929,3.91512728,3.73843002,4.08876228,3.90094519,3.7175858,3.83292699,3.69442987,..,..
Guinea-Bissau,GNB,GDP per capita growth (annual %),NY.GDP.PCAP.KD.ZG,0.220591080099751,0.0376503174978779,1.92082759963192,-0.124226604498276,2.91052833964689,5.28027330014127,-4.29238918450449,0.543365078897963,-1.65358336592615,3.4407197814937,2.81765698941554,2.14454305364472,1.32710524004433,2.89045755858285,0.563114253614899,2.69206006657852,3.11934051229805,2.30744059429175,2.13196464119618,3.55252971991914
Guinea-Bissau,GNB,GDP per capita (constant 2015 US$),NY.GDP.PCAP.KD,597.257151722046,597.482020935948,608.958620496925,608.202131879882,625.904027290582,658.953470528116,630.66862302825,634.095456089352,623.610159103365,645.066837207039,663.242608032005,677.466131311367,686.456819839526,706.298562874985,710.275830755611,729.396882757942,752.149255217249,769.504652461795,785.91021956464,813.829913686556
Guinea-Bissau,GNB,"Unemployment, total (% of total labor force) (national estimate)",SL.UEM.TOTL.NE.ZS,..,..,..,..,..,..,..,..,..,..,..,..,3.127,2.52,..,..,2.666,..,..,..
Guinea-Bissau,GNB,Domestic general government health expenditure (% of GDP),SH.XPD.GHED.GD.ZS,0.49984464,0.59780544,0.54897773,0.52002388,0.46807465,0.43690556,0.50444686,0.55160207,0.59649962,0.53779858,0.48464295,0.49838862,0.50527376,0.45877996,1.20048702,1.13860166,1.03818488,0.9383629,..,..
Guinea-Bissau,GNB,Current health expenditure (% of GDP),SH.XPD.CHEX.GD.ZS,5.07826185,4.92573404,5.35239792,4.61063194,4.87133694,6.21634817,5.94134808,7.03943443,9.96897411,8.13228226,8.32881451,7.00049543,7.28164959,7.14602089,8.98898792,8.39794922,8.33752728,8.82204819,..,..
Guyana,GUY,GDP per capita growth (annual %),NY.GDP.PCAP.KD.ZG,5.39944024794079,7.48935908253156,2.05930009878752,3.95757174257776,4.53289275994231,5.63372747844741,5.25728662587919,3.13748133371095,1.1191644103188,0.0833711927134857,3.15936322443832,3.06887182440371,1.39604562755792,3.25156178245531,43.5123463015091,18.8820438552858,62.1110713145037,33.0314424322445,43.0000558343687,18.6366832712208
Guyana,GUY,GDP per capita (constant 2015 US$),NY.GDP.PCAP.KD,4076.77981715707,4382.10449666813,4472.34517889699,4649.34144792756,4860.09110980566,5133.89539813637,5403.79899428921,5573.3421790463,5635.71704117947,5640.41560569466,5818.61682204646,5997.18271426826,6080.90612132746,6278.63054079553,9010.61000469878,10711.9973374148,17365.3336428642,23101.3538282741,33034.948872927,39191.5676631842
Guyana,GUY,"Unemployment, total (% of total labor force) (national estimate)",SL.UEM.TOTL.NE.ZS,10.7,..,..,..,..,..,..,..,..,..,..,..,13.627,13.172,12.594,14.738,..,..,..,..
Guyana,GUY,Domestic general government health expenditure (% of GDP),SH.XPD.GHED.GD.ZS,1.65196764,1.6837045,1.69491982,1.88041246,1.81934333,2.02701139,1.79707813,1.88811839,2.17510056,2.35677791,2.5319159,2.79179382,2.95149112,2.90384364,3.97433281,3.19546413,1.73739421,1.73029017,..,..
Guyana,GUY,Current health expenditure (% of GDP),SH.XPD.CHEX.GD.ZS,3.93144464,4.28126192,4.20242214,4.35117149,4.21897697,4.17213488,3.7081871,3.80231309,3.94755435,4.02264786,4.01842117,4.3191123,4.90492535,4.90331507,5.37510586,4.64326477,2.52456355,2.46673751,..,..
Haiti,HTI,GDP per capita growth (annual %),NY.GDP.PCAP.KD.ZG,0.0540583442750062,2.95569722727539,0.961802640900089,4.15489282064615,-6.7459038549499,3.91514494215959,-1.04324222181728,2.767509667507,1.39231187945737,-0.0454395053176881,0.398402974127237,1.12394427912376,0.326678559605597,-2.98683711868885,-4.49816442182016,-2.92695804339543,-2.7846808475344,-2.99212843762332,-5.28498956953727,-3.80407652802471
Haiti,HTI,GDP per capita (constant 2015 US$),NY.GDP.PCAP.KD,1305.03813815611,1343.61111422048,1356.53400140048,1412.89653523429,1317.58389339746,1369.16921255852,1354.88546124499,1392.38204736859,1411.76834802154,1411.12684746796,1416.74881879698,1432.67228609541,1437.35251928349,1394.42114071112,1331.69778506932,1292.71954963551,1256.72143592448,1219.11871645847,1154.68841945337,1110.76318831712
Haiti,HTI,"Unemployment, total (% of total labor force) (national estimate)",SL.UEM.TOTL.NE.ZS,..,16.8,..,..,..,..,14.1,..,..,..,..,..,..,..,..,..,..,..,..,..
Haiti,HTI,Domestic general government health expenditure (% of GDP),SH.XPD.GHED.GD.ZS,0.28958338,0.79249322,0.83237052,0.78221947,0.81272614,0.42167202,0.45754522,0.47550055,0.4683435,0.56089777,0.52977306,0.46510881,0.52653241,0.40745705,0.48513991,0.40921035,0.34204665,0.29809323,..,..
Haiti,HTI,Current health expenditure (% of GDP),SH.XPD.CHEX.GD.ZS,3.48013902,3.64734101,3.75722051,3.50277376,4.54871035,5.91197777,5.56462336,4.10524035,4.52035809,5.07518148,4.80760574,3.8199389,4.31650305,3.91107917,3.78651953,3.57739854,3.20755076,3.19156528,..,..
Heavily indebted poor countries (HIPC),HPC,GDP per capita growth (annual %),NY.GDP.PCAP.KD.ZG,2.74601387999809,2.60878756670408,2.72009048226035,0.583031410767035,3.30061768837398,1.30085914921408,1.17839717044559,3.23001447036577,2.48677015891541,1.96514265854562,1.34859237448536,2.03871833705955,1.24900268057753,1.34676505348183,-2.71949707182922,1.58280226583109,2.20954847555473,0.846452336074165,2.42891350930665,3.10165842334558
Heavily indebted poor countries (HIPC),HPC,GDP per capita (constant 2015 US$),NY.GDP.PCAP.KD,758.076010727433,777.852603441457,799.010898073682,803.669382584904,830.195436382547,840.995109673087,850.90537224906,878.389738901825,900.23327280781,917.924140878178,930.303195845621,949.269457689577,961.125858662023,974.069965846461,947.580161647698,962.578481916824,983.847120090035,992.174917021435,1016.27398761692,1047.79533535811
Heavily indebted poor countries (HIPC),HPC,"Unemployment, total (% of total labor force) (national estimate)",SL.UEM.TOTL.NE.ZS,..,..,..,..,..,..,..,..,..,..,..,..,..,..,..,..,..,..,..,..
Heavily indebted poor countries (HIPC),HPC,Domestic general government health expenditure (% of GDP),SH.XPD.GHED.GD.ZS,1.3374269940129,1.37611946015107,1.29738336659962,1.42604168814753,1.33768609014747,1.25494943913692,1.26534370607381,1.27599557408591,1.29796165857847,1.32739804771538,1.39474626598843,1.45725349464718,1.40233796854257,1.45922872345448,1.70111053658819,1.64240033211413,1.45445714403517,1.38172397312874,..,..
Heavily indebted poor countries (HIPC),HPC,Current health expenditure (% of GDP),SH.XPD.CHEX.GD.ZS,4.87242341636972,4.93428276305926,4.74825078173785,5.1238007822622,4.99396746985319,4.92078360113795,4.78690390363168,4.88458493963858,4.8632705236068,4.94904155234283,4.89062163291797,4.69415553193843,4.48976802696133,4.61287503412678,5.00592477678338,4.96346506351368,4.66501395969271,4.4525335920373,..,..
High income,HIC,GDP per capita growth (annual %),NY.GDP.PCAP.KD.ZG,2.64313508698702,2.23115447904607,-0.00417087613298861,-3.95310917949044,2.58896047122603,1.55688540737493,0.914133081852441,1.03317287688949,1.65798385851559,1.72624124181921,1.22676107176582,2.04390159976985,2.0708879859272,1.53833432565686,-4.12157731967358,6.09745933762946,2.64727980277173,1.06443008976875,1.26561178308084,1.491208012499
High income,HIC,GDP per capita (constant 2015 US$),NY.GDP.PCAP.KD,34058.5960994323,34818.495991805,34817.0437554658,33440.6880027413,34306.4541964383,34840.5663756104,35159.0555187547,35522.3093441449,36111.2634992428,36734.6310227088,37185.2771759522,37945.3076510303,38731.1124683986,39326.9264662088,37706.0367844528,40005.1470452164,41064.1952230136,41501.2948730887,42026.5401511337,42653.2432852435
High income,HIC,"Unemployment, total (% of total labor force) (national estimate)",SL.UEM.TOTL.NE.ZS,6.32541199702747,5.71284122972177,5.9327868030269,8.0778792930714,8.21850529137939,7.88364585805965,7.78485784368186,7.70782958355802,7.09301692766006,6.59434969900203,6.11066390223536,5.59073416152849,5.09690781365119,4.77663728310559,6.50362195007345,5.60358819788896,4.5330745218336,4.36864483501646,4.38454485917333,4.52466755345449
High income,HIC,Domestic general government health expenditure (% of GDP),SH.XPD.GHED.GD.ZS,6.25862775173627,6.26277925944663,6.45368361378597,7.12176015195019,7.03663006600377,7.09532160238168,7.10712140989959,7.0902079697185,7.25493084677769,7.4563117654048,7.56159094756009,7.49162528053213,7.47164533813161,7.60078270837839,9.00709215170939,8.60388762326468,8.12173274755247,7.90036379157181,..,..
High income,HIC,Current health expenditure (% of GDP),SH.XPD.CHEX.GD.ZS,10.3646815753186,10.3126291946435,10.4337022587102,11.4205623145472,11.2716933458789,11.2225382579136,11.3356097862024,11.3372978700475,11.5370992796088,11.9835677648013,12.1464340437715,12.0573603254639,11.9733880524105,12.1635303867058,13.6298864951756,13.0944002745069,12.5509007800305,12.5381196027244,..,..
Honduras,HND,GDP per capita growth (annual %),NY.GDP.PCAP.KD.ZG,4.08321335137572,3.77627878562679,1.9188349629601,-4.54399131651867,1.5491216313325,1.71164194817371,2.04382616957031,0.777167217053545,1.0812751128465,1.88202222037501,1.96051068302054,2.92107278326836,1.96196872528638,0.71936151617345,-10.5484174868395,10.7029903655951,2.41184551052402,1.8148973269289,1.90114546136495,2.05319699380316
Honduras,HND,GDP per capita (constant 2015 US$),NY.GDP.PCAP.KD,2056.53491469231,2134.19540639485,2175.14709403064,2076.30859895638,2108.47314459603,2144.56265540491,2188.39378817891,2205.40126728067,2229.24772232218,2271.20265980349,2315.72983058198,2383.37398439714,2430.13503657762,2447.61649282181,2189.43168668222,2423.76634916911,2482.22384904714,2527.27366333188,2575.32081187859,2628.19722136887
Honduras,HND,"Unemployment, total (% of total labor force) (national estimate)",SL.UEM.TOTL.NE.ZS,3.574,3.211,3.156,3.292,4.119,4.474,3.755,5.646,7.078,6.147,6.727,5.528,5.648,5.698,10.982,8.506,8.774,6.07,4.91,4.851
Honduras,HND,Domestic general government health expenditure (% of GDP),SH.XPD.GHED.GD.ZS,3.27406335,3.33394694,3.31875777,3.96730256,3.69605827,3.89370441,3.3830452,3.4937377,3.19305706,2.94796515,3.09310865,2.85400987,2.84892344,2.89673924,3.50717759,3.47907257,3.20130515,2.46127725,..,..
Honduras,HND,Current health expenditure (% of GDP),SH.XPD.CHEX.GD.ZS,7.86318684,8.08494949,8.60362625,8.99592495,8.72536373,8.79187012,8.65655136,8.47723007,7.91455746,7.4837904,7.709445,7.00668859,7.22820663,7.34316635,9.21912384,9.27311516,8.15452766,7.70976162,..,..
"Hong Kong SAR, China",HKG,GDP per capita growth (annual %),NY.GDP.PCAP.KD.ZG,6.34741145052469,5.55354347014728,1.51879180866375,-2.66892308273452,5.98642780696426,4.11210914677804,0.58376779057221,2.68793428576153,2.04316927988437,1.51997702565862,1.54456362409606,3.00147920005347,2.02718102328538,-2.39666775385065,-6.20875243033073,7.42949558184318,-2.80684659913206,0.549720226024647,2.79304964014938,3.83541836993533
"Hong Kong SAR, China",HKG,GDP per capita (constant 2015 US$),NY.GDP.PCAP.KD,34458.0032348089,36371.6434233987,36924.0529643897,35938.578391742,38090.0154420129,39656.3184510131,39887.8192650568,40959.9776349249,41796.8593150091,42432.1619740441,43087.5537128127,44380.8176753147,45280.4971892076,44195.2741142906,41451.2989586282,44530.9213833761,43281.0067309646,43518.9311789918,44734.4365296835,46450.1893260301
"Hong Kong SAR, China",HKG,"Unemployment, total (% of total labor force) (national estimate)",SL.UEM.TOTL.NE.ZS,4.77,4.01,3.56,5.26,4.329,3.422,3.285,3.4,3.296,3.314,3.392,3.124,2.805,2.917,5.808,5.174,4.318,2.949,2.988,3.652
"Hong Kong SAR, China",HKG,Domestic general government health expenditure (% of GDP),SH.XPD.GHED.GD.ZS,..,..,..,..,..,..,..,..,..,..,..,..,..,..,..,..,..,..,..,..
"Hong Kong SAR, China",HKG,Current health expenditure (% of GDP),SH.XPD.CHEX.GD.ZS,..,..,..,..,..,..,..,..,..,..,..,..,..,..,..,..,..,..,..,..
Hungary,HUN,GDP per capita growth (annual %),NY.GDP.PCAP.KD.ZG,4.09589996478341,0.487904817715162,1.17042884387347,-6.59558642753552,1.2966366075499,2.2059103447462,-0.828646515876528,2.52439305270235,4.75555169835647,4.03310873929586,2.83749039789862,4.47743568209606,5.82146361803679,5.2087641343076,-4.09730738033811,7.66253175353751,4.43277115645731,-0.683845867847779,1.0263093874987,1.01465440483528
Hungary,HUN,GDP per capita (constant 2015 US$),NY.GDP.PCAP.KD,11734.4544729813,11791.7074416876,11929.7209867703,11142.885928524,11287.3686666108,11536.3578996772,11440.7622718825,11729.5720798501,12287.3779441033,12782.9412577973,13145.6559885563,13734.2442804335,14533.7783144312,15290.8085466331,14664.2971195385,15787.9535427563,16487.7973935944,16375.0462724192,16543.1049095203,16710.9602521813
Hungary,HUN,"Unemployment, total (% of total labor force) (national estimate)",SL.UEM.TOTL.NE.ZS,7.494,7.406,7.817,10.03,11.172,11.029,11.003,10.177,7.725,6.813,5.115,4.156,3.667,3.411,4.248,4.021,3.583,4.096,4.466,4.4
Hungary,HUN,Domestic general government health expenditure (% of GDP),SH.XPD.GHED.GD.ZS,5.4774394,4.88565254,4.80511093,4.91961193,4.97306871,4.96192122,4.81794548,4.79123878,4.69849157,4.6434226,4.71779013,4.60974598,4.53718567,4.26813841,5.09558201,5.29752254,4.8313055,4.67247677,..,..
Hungary,HUN,Current health expenditure (% of GDP),SH.XPD.CHEX.GD.ZS,7.78556442,7.20719147,7.09275723,7.2366724,7.46420383,7.49342251,7.43047714,7.23645353,7.04192352,6.8501935,6.96752644,6.73338366,6.55460501,6.24677849,7.230515,7.33524847,6.6474123,6.36868954,..,..
IBRD only,IBD,GDP per capita growth (annual %),NY.GDP.PCAP.KD.ZG,7.1926943939785,7.8623898338473,4.86176999424882,1.73268142458205,6.66353806370803,5.24638491452197,4.32341402658156,4.0695504882339,3.67919208751066,3.28878410956486,3.45615158819554,4.18633209525461,3.9626414753573,3.1704530745513,-1.95919363416803,7.03392164910011,3.28550278277888,4.13171883700751,3.84980237542972,3.73750748610804
IBRD only,IBD,GDP per capita (constant 2015 US$),NY.GDP.PCAP.KD,3693.37066538383,3983.75786510527,4177.43900963448,4249.82071937767,4533.00914065275,4770.82824838185,4977.09090605651,5179.63613332378,5370.20489610287,5546.81934137697,5738.52582613831,5978.75957459242,6215.67638120711,6412.74148413925,6287.10346120634,6729.33339266546,6950.42582854395,7237.59788175414,7516.23109692996,7797.15079685089
IBRD only,IBD,"Unemployment, total (% of total labor force) (national estimate)",SL.UEM.TOTL.NE.ZS,4.83854320429068,4.55968222709317,4.55934458937167,4.95240234134269,4.49887980094078,4.94662338532459,4.42914387849205,4.78556832457412,4.86846343172798,5.05410593798498,5.57116555131845,5.53453775444542,6.33894806348842,6.1620754538284,7.01381983665201,6.42562443865684,5.31983526177844,..,..,..
IBRD only,IBD,Domestic general government health expenditure (% of GDP),SH.XPD.GHED.GD.ZS,2.30492676459652,2.3360702221326,2.48858415157839,2.72852201755495,2.62593506666758,2.64193995288849,2.70703679172555,2.79587392668516,2.85861209501119,2.94810838116454,2.9129058027823,2.90516276783458,2.87154428400928,2.91745471108209,3.21919018597041,3.11473975875805,3.304370300066,3.32402493651083,..,..
IBRD only,IBD,Current health expenditure (% of GDP),SH.XPD.CHEX.GD.ZS,4.95657539672959,4.8801107806746,4.95158396931077,5.30087478416381,5.10024905073541,5.05588966351346,5.11149606552505,5.20831576575159,5.25141011732582,5.34910507643163,5.36131138840742,5.37433939320636,5.31064157154628,5.40802577135287,5.76923125829298,5.63597757481398,5.82564053980888,5.90989609361809,..,..
Iceland,ISL,GDP per capita growth (annual %),NY.GDP.PCAP.KD.ZG,3.21994147028617,6.0245936124245,-0.174091518111624,-8.63377662571038,-2.0810114124051,1.07078538218349,0.632418770513922,2.6216677950663,0.786303524956651,2.69299660510147,4.7538797362384,1.08598544948268,1.89500637167048,-1.06147505075413,-8.14886563450268,3.47038527549633,6.15498049883465,4.03548776146962,-1.49818625875487,-0.242811566226194
Iceland,ISL,GDP per capita (constant 2015 US$),NY.GDP.PCAP.KD,52306.128485789,55457.3601614503,55360.8136012406,50581.0846167336,49528.4864733411,50058.8302665144,50375.4117054195,51696.0876507326,52102.575810195,53505.6964079339,56049.2928672039,56657.9800322797,57731.6523639512,57118.8452777198,52464.3073240589,54285.0209203242,57626.2533717585,59951.7537739692,59053.5648370451,58910.1759513518
Iceland,ISL,"Unemployment, total (% of total labor force) (national estimate)",SL.UEM.TOTL.NE.ZS,2.83,2.251,2.946,7.22,7.564,7.028,6,5.376,4.897,3.979,2.978,2.742,2.704,3.507,5.478,6.029,3.789,3.518,3.558,4.5
Iceland,ISL,Domestic general government health expenditure (% of GDP),SH.XPD.GHED.GD.ZS,6.98110867,6.85141087,6.85962439,7.16391802,6.67772865,6.61492586,6.58818579,6.61044264,6.68532133,6.58261681,6.65842867,6.82592249,6.9620142,7.16506433,8.051507,8.14422035,7.69027185,7.27967358,..,..
Iceland,ISL,Current health expenditure (% of GDP),SH.XPD.CHEX.GD.ZS,8.55709076,8.3535862,8.34370804,8.77518463,8.36173058,8.25498867,8.23091221,8.22651291,8.29044247,8.13121986,8.15569115,8.3243084,8.43817616,8.63996315,9.64908886,9.72073746,9.08145332,8.70510101,8.98358727,..
IDA & IBRD total,IBT,GDP per capita growth (annual %),NY.GDP.PCAP.KD.ZG,6.67031468661261,7.26239529391619,4.45058772627979,1.5842385759107,6.19657676770574,4.74249187207701,3.87095350120991,3.83024236222774,3.45828596172075,2.93694451209075,3.05640604210005,3.77144903827553,3.57038078098807,2.78433354520935,-2.39238386518089,6.29715320132634,2.87965503152803,3.55440202600994,3.39607730039803,3.31486517864012
IDA & IBRD total,IBT,GDP per capita (constant 2015 US$),NY.GDP.PCAP.KD,3079.20147750429,3302.82526069676,3449.8203963698,3504.47378188872,3721.63119008758,3898.12924678617,4049.02401734632,4204.1114505155,4349.50164662377,4477.24409653758,4614.08685562372,4788.10478996534,4959.05836315983,5097.1350886918,4975.19205124347,5288.48751677048,5440.77771363889,5634.16482692317,5825.50541967732,6018.61307031399
IDA & IBRD total,IBT,"Unemployment, total (% of total labor force) (national estimate)",SL.UEM.TOTL.NE.ZS,..,..,..,..,4.38275613579141,4.68593268483966,4.39011418603024,4.54169594492611,..,..,..,..,6.18274072165052,5.90179740602632,6.75548853677779,6.30890228802671,5.19751097018951,..,..,..
IDA & IBRD total,IBT,Domestic general government health expenditure (% of GDP),SH.XPD.GHED.GD.ZS,2.20566867260913,2.23793156322712,2.37395164307078,2.59916757841683,2.5051077595666,2.52220183713896,2.58758678528345,2.66709173954835,2.71845381233502,2.80034050394938,2.7681175752926,2.77000371433188,2.73813778960194,2.76603941813696,3.05422689394045,2.97242945217339,3.13768793275907,3.16805794796675,..,..
IDA & IBRD total,IBT,Current health expenditure (% of GDP),SH.XPD.CHEX.GD.ZS,4.88578398643518,4.81344584201084,4.87111761489171,5.20375151765562,5.01383627047647,4.96831717585261,5.02109855258969,5.11792300687671,5.15069384625049,5.24466200633028,5.25373913993743,5.26446870871419,5.19041831433708,5.26260317792302,5.61832414638696,5.52514905926163,5.6864409178738,5.76917076151948,..,..
IDA blend,IDB,GDP per capita growth (annual %),NY.GDP.PCAP.KD.ZG,3.13836676022696,2.73886575674929,1.51086670695133,3.19665889353367,3.2847529363214,1.7512917603087,2.18764319812391,3.50997238266093,3.6495906438635,1.84539859064165,0.386730729939828,0.809983153675972,1.83956782828241,1.04339132267074,-5.14467412879881,2.27745033681279,2.78051210670669,0.939591479184969,2.18364142933443,2.63225498994106
IDA blend,IDB,GDP per capita (constant 2015 US$),NY.GDP.PCAP.KD,1558.19950495576,1600.87649761883,1625.06360764076,1677.01134797999,1732.0970274752,1762.43109999793,1800.98680407865,1864.20094351718,1932.2366467346,1967.8941145813,1975.50456585507,1991.50582003859,2028.14092040239,2049.30236677741,1943.87243809295,1988.14316748151,2043.42372895199,2062.62356419287,2107.6638668718,2163.14295417872
IDA blend,IDB,"Unemployment, total (% of total labor force) (national estimate)",SL.UEM.TOTL.NE.ZS,..,..,..,..,..,2.73474665684987,..,3.55983049253162,3.53305873739345,4.11013024853432,4.63172952356867,..,..,4.89504861283081,..,..,..,..,..,..
IDA blend,IDB,Domestic general government health expenditure (% of GDP),SH.XPD.GHED.GD.ZS,0.841648358222725,0.79244883256175,0.742857906912119,0.771086265493001,0.782152017386416,0.759600060460115,0.87355575217971,0.854460558790836,0.844415284339537,0.941317474555359,0.912429554455472,0.965035018991954,0.94082816706736,0.875701279930731,1.02814146952685,1.0903478084802,1.08740748566173,1.10528532361683,..,..
IDA blend,IDB,Current health expenditure (% of GDP),SH.XPD.CHEX.GD.ZS,3.75788950545999,3.59571517794874,3.49846711135057,3.50198203274188,3.52603265857313,3.42096262205416,3.45148939125578,3.53080227771264,3.46327301046312,3.52256349924393,3.56400683474163,3.57103957971211,3.25460034828426,3.22115302804144,3.58050542420729,3.95489238157436,3.96912584897725,3.89355404772797,..,..
IDA only,IDX,GDP per capita growth (annual %),NY.GDP.PCAP.KD.ZG,3.90781502864712,4.02688577896878,3.55850935467534,1.86666688022274,4.11003255094562,1.68665395064747,0.128854269605313,2.97876319747641,2.81643485398297,0.853424786703755,1.91186128878971,2.89661809861434,2.50425371715082,2.42256695384096,-2.61639463625202,1.33394305159082,2.04861342246542,1.04095710269014,2.27680779915779,2.57682242278253
IDA only,IDX,GDP per capita (constant 2015 US$),NY.GDP.PCAP.KD,824.39686692688,857.594387123422,888.11196361438,904.690055498465,941.87311126462,957.759251305851,958.993364993698,987.559506416371,1015.3734765589,1024.03892548547,1043.61712928397,1073.84673193105,1100.73857863193,1127.40470768605,1097.9073513853,1112.55281021201,1135.34471641403,1147.16316787956,1173.2818683549,1203.51525862111
IDA only,IDX,"Unemployment, total (% of total labor force) (national estimate)",SL.UEM.TOTL.NE.ZS,..,..,..,..,..,..,..,..,..,..,..,..,..,..,..,..,..,..,..,..
IDA only,IDX,Domestic general government health expenditure (% of GDP),SH.XPD.GHED.GD.ZS,1.32787538819374,1.3340484916148,1.23951873807556,1.29631221693603,1.1932832843791,1.11842998203443,1.13732352804949,1.16771989449314,1.15403007302685,1.12697928748969,1.11666865783747,1.12670700008164,1.10894414929718,1.09803294389916,1.22600954474528,1.24254802401379,1.05493621676301,1.0176180872156,..,..
IDA only,IDX,Current health expenditure (% of GDP),SH.XPD.CHEX.GD.ZS,4.43185633049613,4.45445229375903,4.31302756376481,4.53822747491663,4.32852096492693,4.2011347169054,4.22494624694016,4.41573847982811,4.41091062883311,4.50014856592225,4.32177543204578,4.13130606429188,4.00257040181045,3.89479195477006,4.12142035050562,4.27648167196783,3.95180595447798,3.84042465533906,..,..
IDA total,IDA,GDP per capita growth (annual %),NY.GDP.PCAP.KD.ZG,3.53533514124192,3.4128165263986,2.57020105740384,2.58298734589704,3.74479619609735,1.74984938996067,1.17339530704574,3.26117979267599,3.2372519766835,1.34387618395647,1.0917147250679,1.79598805251833,2.13006130176771,1.68407247446345,-3.91181214659618,1.76108450185006,2.37481158565804,0.945460377937763,2.18039386495528,2.55562989838116
IDA total,IDA,GDP per capita (constant 2015 US$),NY.GDP.PCAP.KD,1081.58606287181,1118.49861077272,1147.24627389385,1176.8794999748,1220.95123872251,1242.31604652501,1256.89332471361,1297.88287583466,1339.89861488766,1357.9051932623,1372.7296442096,1397.38370461298,1427.14883414215,1451.18305482757,1394.41549981948,1418.97233507819,1452.67025448891,1466.40467616719,1498.37807376176,1536.6710718056
IDA total,IDA,"Unemployment, total (% of total labor force) (national estimate)",SL.UEM.TOTL.NE.ZS,..,..,..,..,..,..,..,..,..,..,..,..,..,..,..,..,..,..,..,..
IDA total,IDA,Domestic general government health expenditure (% of GDP),SH.XPD.GHED.GD.ZS,1.07209190575931,1.05266434619597,0.985580082661645,1.04044594476016,0.988816191649387,0.938584041690382,0.99879380885893,1.00275222794622,0.989906536234145,1.03084750137875,1.01724928821468,1.05030063504604,1.02992707569941,0.984873494233676,1.12950466264727,1.16869542578062,1.07054861288209,1.05658971284513,..,..
IDA total,IDA,Current health expenditure (% of GDP),SH.XPD.CHEX.GD.ZS,4.07731087965335,4.00830169998984,3.89654940994125,4.03341567416681,3.92942105664223,3.81011162882759,3.81872998086803,3.94971610262236,3.90857791344796,3.99397555678328,3.95290935783952,3.86652347642797,3.65101307820269,3.55193206310531,3.8576035062277,4.12043587021746,3.96013347178279,3.86404281504275,..,..
India,IND,GDP per capita growth (annual %),NY.GDP.PCAP.KD.ZG,6.38367720990838,6.05160013553237,1.61413451730577,6.31340985810947,6.93079780360446,3.76074153231241,4.01726735834531,4.97769997299568,6.06398074170735,6.71566734636781,6.97394690926852,5.5611850346496,5.29211971912275,2.79675759966057,-6.69047102834244,8.79093447675136,6.76238601728318,6.26741791597422,6.14957446128288,6.6165688365585
India,IND,GDP per capita (constant 2015 US$),NY.GDP.PCAP.KD,1008.23275344818,1069.24696812234,1086.50605251005,1155.10163273817,1235.15939132939,1281.61054354937,1333.09626557649,1399.4537980281,1484.31640682961,1583.99815907985,1694.46534973787,1788.69770318481,1883.35772705055,1936.03067741063,1806.50110583865,1965.30943437472,2098.21124476122,2229.71491223037,2366.8328910323,2523.43601851376
India,IND,"Unemployment, total (% of total labor force) (national estimate)",SL.UEM.TOTL.NE.ZS,..,..,..,..,3.115,..,3.222,..,..,..,..,..,7.652,6.51,7.859,6.38,4.822,4.172,4.173,4.506
India,IND,Domestic general government health expenditure (% of GDP),SH.XPD.GHED.GD.ZS,0.75237411,0.74839747,0.8119961,0.90823442,0.87431055,0.93731916,0.93186861,0.86504197,0.85653549,0.92193186,0.94049966,0.96734685,0.98024821,1.03550148,1.21139216,1.35207272,1.37196231,1.30319667,..,..
India,IND,Current health expenditure (% of GDP),SH.XPD.CHEX.GD.ZS,3.66901541,3.58103991,3.58856082,3.54637694,3.33625913,3.24634218,3.32935286,3.74944186,3.61956549,3.59565973,3.50430417,2.93597651,2.8584938,2.95299792,3.34146094,3.34680939,3.39623499,3.33944035,..,..
Indonesia,IDN,GDP per capita growth (annual %),NY.GDP.PCAP.KD.ZG,4.11201890218061,4.94958392275811,4.64721758277069,3.31160021271401,4.89326246908787,4.82294276512758,4.67540374198676,4.25603923226443,3.77968595157438,3.70583428895539,3.91054275495577,4.00109865179923,4.15930013909383,4.0413041818536,-2.89423403981894,2.97476192227879,4.52447576618876,4.16733948268603,4.18121375688376,4.28652455694656
Indonesia,IDN,GDP per capita (constant 2015 US$),NY.GDP.PCAP.KD,2244.0802226202,2355.1528565328,2464.60193418272,2546.21969707767,2670.8129098953,2799.62468790318,2930.518445323,3055.24246006469,3170.72103011429,3288.22269725538,3416.81005170972,3553.51999262321,3701.32155461912,3850.90321738979,3739.44906563161,3850.68877253903,4024.91225288391,4192.64401034181,4367.94741847938,4555.18055720702
Indonesia,IDN,"Unemployment, total (% of total labor force) (national estimate)",SL.UEM.TOTL.NE.ZS,7.551,8.06,7.208,6.106,5.614,5.153,4.468,4.336,4.049,4.514,4.301,3.783,4.387,3.59,4.255,3.827,3.462,3.308,..,..
Indonesia,IDN,Domestic general government health expenditure (% of GDP),SH.XPD.GHED.GD.ZS,0.83084059,1.01869452,0.89791358,0.92164314,0.66109079,0.70190871,0.76724905,0.81686825,0.99270725,1.15799773,1.37558317,1.34984481,1.395854,1.39791656,1.88725579,2.20201159,1.39438057,1.44882917,..,..
Indonesia,IDN,Current health expenditure (% of GDP),SH.XPD.CHEX.GD.ZS,2.61946416,2.82385564,2.54842305,2.62324095,2.7908783,2.98942471,2.91427088,2.86934805,2.96433568,2.92428517,3.02147198,2.90417194,2.86757827,2.87862897,3.42067289,3.70634937,2.69389749,2.70239949,..,..
"Iran, Islamic Rep.",IRN,GDP per capita growth (annual %),NY.GDP.PCAP.KD.ZG,2.76183106993244,6.40171006806331,-0.959303455562093,-0.239219321569081,4.48194624429263,1.38495950276369,-4.94408603979183,-2.80061992960059,3.58412137758084,-2.75798228082138,7.26636493161325,1.55521443456146,-4.96761764341849,-3.40863263146464,3.64198271829557,3.26912440288719,3.10702656058911,4.07166848852256,2.57740907930864,-3.71965760617967
"Iran, Islamic Rep.",IRN,GDP per capita (constant 2015 US$),NY.GDP.PCAP.KD,4778.7934584732,5084.71796043623,5035.94008533618,5023.89314362941,5249.06133369759,5321.75870744453,5058.64637811835,4916.97291948475,5093.20319702187,4952.73355532178,5312.61724954192,5395.2398398598,5127.22495367018,4952.45669081078,5132.82430762118,5300.62271961895,5465.31447539413,5687.84396268742,5834.44296939863,5617.42166770918
"Iran, Islamic Rep.",IRN,"Unemployment, total (% of total labor force) (national estimate)",SL.UEM.TOTL.NE.ZS,11.519,10.772,10.63,12.113,13.679,12.491,12.275,10.595,10.68,11.166,12.618,12.232,12.195,10.74,9.687,9.282,9.085,8.129,7.631,..
"Iran, Islamic Rep.",IRN,Domestic general government health expenditure (% of GDP),SH.XPD.GHED.GD.ZS,2.15025973,1.95606387,1.86860132,2.24113083,2.03566408,2.0313952,2.05416632,2.17463541,3.27688289,4.21780825,4.12576914,4.1947484,3.1700592,2.74998093,2.47541046,2.27706981,2.62992668,2.81532979,..,..
"Iran, Islamic Rep.",IRN,Current health expenditure (% of GDP),SH.XPD.CHEX.GD.ZS,5.15990877,4.91188192,5.03990459,6.11493444,6.29153061,6.09787989,6.12235355,5.73697805,6.81539536,8.38232708,7.80285025,7.71801233,6.63571692,6.23426771,4.96098137,4.85886621,5.62794113,6.02542305,..,..
Iraq,IRQ,GDP per capita growth (annual %),NY.GDP.PCAP.KD.ZG,4.86652515076509,2.69566336957755,6.06351402987207,-0.359808708496018,3.01924651269078,3.81441942451566,8.88055394419878,2.6646473210161,-1.2842545257663,-0.153622231589026,11.0984155585203,-3.98546687274897,0.267762550620816,3.14043943608276,-13.9675322715096,-0.74745630944858,5.51097802059412,-1.72015237085384,-3.61511900831731,-4.19241534132514
Iraq,IRQ,GDP per capita (constant 2015 US$),NY.GDP.PCAP.KD,3471.98744698568,3565.58054079041,3781.78001712762,3768.17284328983,3881.94327045302,4030.01686860986,4387.90469058707,4504.82687537354,4446.97343234862,4440.14189252367,4932.9272911439,4736.32710809857,4749.00921836896,4898.14897668582,4213.99843766061,4182.50064045825,4412.99733146512,4337.0870532422,4180.29619477317,4005.04081579067
Iraq,IRQ,"Unemployment, total (% of total labor force) (national estimate)",SL.UEM.TOTL.NE.ZS,..,8.646,..,..,..,..,7.965,..,10.592,..,10.82,13.017,..,..,..,16.173,..,..,..,..
Iraq,IRQ,Domestic general government health expenditure (% of GDP),SH.XPD.GHED.GD.ZS,1.53326082,2.03766322,2.37276387,2.89204693,2.38097811,2.08112431,1.00896454,1.1463443,1.03747606,0.73074299,2.53573442,1.69484437,2.001724,2.07680917,2.5794127,2.53705359,1.98248768,2.54604125,..,..
Iraq,IRQ,Current health expenditure (% of GDP),SH.XPD.CHEX.GD.ZS,2.49370432,3.2148056,3.06604242,3.77203989,3.23955345,2.80316377,2.69365859,2.80868459,2.78786659,3.15587044,4.57253027,4.08944416,4.07600641,4.207232,5.72766161,5.14179993,4.33226347,5.53275251,..,..
Ireland,IRL,GDP per capita growth (annual %),NY.GDP.PCAP.KD.ZG,2.19518952781192,2.30923113199,-6.41164613131696,-6.05481156494983,1.13042386118924,1.166742916706,-0.826164036751607,1.65624859275668,8.58909717383906,23.4520270725761,-0.0687294094505688,8.63259519638329,6.13694267880518,3.31840085150145,5.80801946810749,14.6467292457005,5.40228269492256,-4.34749825420604,0.997438539135004,10.5232551843197
Ireland,IRL,GDP per capita (constant 2015 US$),NY.GDP.PCAP.KD,51656.8194855887,52849.6948429458,49461.1594281353,46466.3794269222,46991.6464673949,47539.9181739968,47147.1604669421,47928.0346487005,52044.6201181887,64250.1385181257,64205.979777351,69748.6221034014,74029.0550611436,76485.635854651,80927.936475395,92781.2322150786,97793.5366671697,93541.9643678381,94474.9879707069,104416.83204022
Ireland,IRL,"Unemployment, total (% of total labor force) (national estimate)",SL.UEM.TOTL.NE.ZS,4.355,4.98,6.774,12.609,14.534,15.354,15.451,13.735,11.858,9.908,8.374,6.713,5.741,4.95,5.623,6.357,4.465,4.243,4.475,4.7
Ireland,IRL,Domestic general government health expenditure (% of GDP),SH.XPD.GHED.GD.ZS,5.84971762,6.18633509,7.23859835,8.11006927,8.01437855,7.56952333,7.56647778,7.12790918,6.58024883,5.08183002,5.29494858,5.019907,4.96560764,4.8862195,5.41204929,4.93912601,4.60636616,5.03631401,..,..
Ireland,IRL,Current health expenditure (% of GDP),SH.XPD.CHEX.GD.ZS,7.51646996,7.80773735,9.12564754,10.52275753,10.52062798,10.4888649,10.47466946,10.0333004,9.23077869,7.07827806,7.3382206,6.91718578,6.74710846,6.61860561,6.97323275,6.44113493,6.02078247,6.57538509,6.85410833,..
Isle of Man,IMN,GDP per capita growth (annual %),NY.GDP.PCAP.KD.ZG,6.6564512619359,6.36998309806449,3.77208525293702,0.979767326548526,2.24854803434695,1.38472598626136,7.3636916765798,4.38197664616249,5.46721088334894,-0.0295616197691402,7.11503908245226,2.66187031478451,1.97434466746698,0.0733713448695283,-8.952853097019,3.78598283934312,-4.19809282387067,-2.0736556737203,..,..
Isle of Man,IMN,GDP per capita (constant 2015 US$),NY.GDP.PCAP.KD,62075.7601604994,66029.9755907183,68520.6825624937,69192.0258221691,70747.8417587183,71727.5055082703,77009.2978612012,80383.8273088527,84778.5806639347,84753.5187422732,90783.7647245394,93200.3108083857,95040.4061748938,95110.1385990737,86595.0676099275,89873.5420093569,86100.5672917037,84315.137992954,..,..
Isle of Man,IMN,"Unemployment, total (% of total labor force) (national estimate)",SL.UEM.TOTL.NE.ZS,2.417,1.4,1.4,..,..,3.3,..,2.598,1.98,..,2.667,..,..,..,..,..,..,..,..,..
Isle of Man,IMN,Domestic general government health expenditure (% of GDP),SH.XPD.GHED.GD.ZS,..,..,..,..,..,..,..,..,..,..,..,..,..,..,..,..,..,..,..,..
Isle of Man,IMN,Current health expenditure (% of GDP),SH.XPD.CHEX.GD.ZS,..,..,..,..,..,..,..,..,..,..,..,..,..,..,..,..,..,..,..,..
Israel,ISR,GDP per capita growth (annual %),NY.GDP.PCAP.KD.ZG,3.74082297657495,4.44151356230513,1.39829553388404,-1.17051223143478,3.63416912780745,3.58135753623301,0.536640391791892,2.16577109822916,1.74621551083156,0.230342851538737,2.50670443598923,2.34048587653075,2.06796927151525,1.62043641627767,-3.51878278661184,7.51180775977554,4.29299164027475,-0.958016586483481,-0.592650786473939,1.70485885012617
Israel,ISR,GDP per capita (constant 2015 US$),NY.GDP.PCAP.KD,30707.435814097,32071.3107404162,32519.7624461575,32139.1146490917,33307.1044316197,34499.9509262825,34685.0915981013,35436.2912873273,36055.08530225,36138.13561386,37044.0118623764,37911.0217281157,38695.0100079706,39322.038041422,37938.3809354755,40788.2391785198,42539.2748766689,42131.7415675806,41882.0474698252,42596.0772627285
Israel,ISR,"Unemployment, total (% of total labor force) (national estimate)",SL.UEM.TOTL.NE.ZS,10.707,9.379,7.704,9.534,8.48,7.139,6.762,6.137,5.789,5.176,4.723,4.14,3.917,3.731,4.169,4.812,3.695,3.371,2.901,3
Israel,ISR,Domestic general government health expenditure (% of GDP),SH.XPD.GHED.GD.ZS,4.17553473,4.04315805,4.17143965,4.20548964,4.30216122,4.25976515,4.34608603,4.40172148,4.43815184,4.45243502,4.49493361,4.58158922,4.67882729,4.67124081,5.25961494,5.60308933,4.42022657,4.63090897,..,..
Israel,ISR,Current health expenditure (% of GDP),SH.XPD.CHEX.GD.ZS,6.70000744,6.67256165,6.80668306,6.86992359,6.85038328,6.80594969,6.94185257,6.94074392,7.02990532,7.02090645,7.09919167,7.17189407,7.23550367,7.20701885,7.74801874,7.83961058,7.12004995,7.09822369,..,..
Italy,ITA,GDP per capita growth (annual %),NY.GDP.PCAP.KD.ZG,1.3930148978998,0.846872548383672,-1.7836019705945,-5.85255775999181,1.0811087798198,0.347491108002188,-3.38984189684089,-2.01397031609169,-0.0164634913490715,1.03826511770654,1.42884453159633,1.79499729937032,1.03718514840632,0.678246830552865,-8.42323993924451,9.49416108466208,5.0334454866795,0.973187605594532,0.83691071221466,0.602806059262818
Italy,ITA,GDP per capita (constant 2015 US$),NY.GDP.PCAP.KD,33873.0493680093,34159.9109244074,33550.6340800063,31587.0638416305,31928.5543621096,32039.5032494316,30953.4147447427,30330.0221599668,30325.0287793923,30639.8829751432,31077.6792675211,31635.52277108,31963.6417148824,32180.4341017428,29469.7989238626,32267.7091050201,33891.8866526216,34221.7182928271,34508.1235191237,34716.1405786348
Italy,ITA,"Unemployment, total (% of total labor force) (national estimate)",SL.UEM.TOTL.NE.ZS,6.777,6.076,6.723,7.749,8.363,8.359,10.655,12.149,12.683,11.896,11.688,11.211,10.538,9.884,9.192,9.497,8.069,7.627,6.499,6.1
Italy,ITA,Domestic general government health expenditure (% of GDP),SH.XPD.GHED.GD.ZS,6.52941465,6.27780056,6.60362339,6.97926426,6.96612167,6.72206736,6.63017321,6.60825253,6.63854408,6.54743338,6.44775581,6.37222385,6.34945059,6.31018782,7.25222397,6.91720438,6.52353668,6.14251709,..,..
Italy,ITA,Current health expenditure (% of GDP),SH.XPD.CHEX.GD.ZS,8.39791012,8.10167217,8.50157547,8.91290951,8.87928963,8.728508,8.7983427,8.7897644,8.85913563,8.84596729,8.72043991,8.69060516,8.65467453,8.61536789,9.5643034,9.28164482,8.85022926,8.40559483,8.44437313,..
Jamaica,JAM,GDP per capita growth (annual %),NY.GDP.PCAP.KD.ZG,2.36949906247872,0.952340641642138,-1.24242279776804,-4.74232025652036,-1.87206742708895,1.29087650393585,-1.04151903293869,0.111200802511547,0.327176684512608,0.605132259299552,2.49050959451111,2.08054717136154,2.35833186418979,1.69497447065874,-8.54632871499803,5.44605052451513,6.38449296229192,2.72311612642515,-0.51363387005874,0.155655214064467
Jamaica,JAM,GDP per capita (constant 2015 US$),NY.GDP.PCAP.KD,5656.66803579988,5710.53878446758,5639.58974873397,5372.14234169511,5271.57221477938,5339.62170188798,5284.00852557589,5289.88438546111,5307.19165380801,5339.30718256806,5472.28314023034,5586.1365723133,5717.87621107532,5814.79275311692,5317.84145033966,5607.45378253877,5965.46127464873,6127.90771263434,6096.4327030963,6105.9221184706
Jamaica,JAM,"Unemployment, total (% of total labor force) (national estimate)",SL.UEM.TOTL.NE.ZS,10.325,9.745,6.666,7.314,7.63,8.034,8.695,9.698,9.046,..,8.634,7.399,5.47,4.987,6.501,5.188,4.083,3.022,..,..
Jamaica,JAM,Domestic general government health expenditure (% of GDP),SH.XPD.GHED.GD.ZS,2.00050378,2.66426182,2.95135403,2.94776607,3.04630113,3.09656906,2.78247046,2.97220016,3.06121469,3.55884409,3.62554812,4.06524467,3.88880324,3.97861576,4.52264309,5.11554575,5.92761612,4.8935523,..,..
Jamaica,JAM,Current health expenditure (% of GDP),SH.XPD.CHEX.GD.ZS,5.51022339,6.19109583,6.65533972,6.37021589,6.44219255,6.5231781,6.18602896,6.28453302,6.28673887,6.61477137,6.5901823,6.98476934,6.83884478,6.96945572,7.47555304,8.00261688,8.65338707,7.60493946,..,..
Japan,JPN,GDP per capita growth (annual %),NY.GDP.PCAP.KD.ZG,1.48197527748053,1.61155135596718,-1.21447096036071,-5.92418744684731,4.11775410034667,-0.015331176425093,1.8114084396923,2.14453612740357,1.03990068136697,1.90806992390948,0.756497591794997,1.70668817770073,0.962163474855828,-0.168366879621402,-4.00127136367016,4.04163849701511,1.78240958675406,1.21286714128739,0.195469592184395,1.69235502736154
Japan,JPN,GDP per capita (constant 2015 US$),NY.GDP.PCAP.KD,33880.6890093456,34426.6937124867,34008.5915147362,31993.8588053706,33311.2872381879,33306.1802259719,33909.4911855243,34636.6924746166,34996.8796756631,35664.6446110613,35934.4467886662,36547.7357437305,36899.3847079435,36837.2583653113,35363.2996951789,36792.556429474,37448.3504824849,37902.5492204411,37976.6371788298,38619.3367073485
Japan,JPN,"Unemployment, total (% of total labor force) (national estimate)",SL.UEM.TOTL.NE.ZS,4.192,3.888,4.002,5.068,5.102,4.55,4.358,4.038,3.589,3.385,3.132,2.822,2.467,2.351,2.809,2.808,2.614,2.586,2.5,2.5
Japan,JPN,Domestic general government health expenditure (% of GDP),SH.XPD.GHED.GD.ZS,6.17422724,6.32067204,6.56596708,7.282969,7.42507124,8.78255081,8.9568243,8.99433517,9.02501678,9.03866768,8.95745564,8.97414494,8.99690151,9.2108326,9.777771,10.42161942,10.60008049,9.11008263,..,..
Japan,JPN,Current health expenditure (% of GDP),SH.XPD.CHEX.GD.ZS,7.68688869,7.77935696,8.08909321,8.9587822,9.0630064,10.48780155,10.67169094,10.67438698,10.7290144,10.74969959,10.65891552,10.65627098,10.73988247,10.96998405,11.44974613,12.08108234,12.32275677,10.73979473,..,..
Jordan,JOR,GDP per capita growth (annual %),NY.GDP.PCAP.KD.ZG,1.4032017956127,1.84052436528847,4.72560086199398,2.88110685566487,0.453459698002902,0.384542795672388,0.964469841021028,-2.47848803296866,-6.07780868696074,-5.56577200216208,-2.59919514615272,0.22543046814485,-0.366596262740202,-0.144023848563009,-2.91147672323414,1.86634825216463,1.01339563047829,1.47963486739255,1.54706087079248,3.11393458304539
Jordan,JOR,GDP per capita (constant 2015 US$),NY.GDP.PCAP.KD,4596.56909353547,4681.17006766931,4902.38348073849,5043.62638729303,5066.49720027725,5085.98005025386,5135.0327939589,5007.76162067161,4703.39944986815,4441.61896013754,4326.17261571505,4335.92512689541,4320.029787425,4313.80791426608,4188.21240095719,4266.3790298994,4309.61432856804,4373.38088482368,4441.03974922351,4579.33082182137
Jordan,JOR,"Unemployment, total (% of total labor force) (national estimate)",SL.UEM.TOTL.NE.ZS,14,13.1,12.7,12.9,12.5,12.9,12.2,12.6,11.9,13.075,15.275,18.12,18.257,16.801,19.213,19.837,18.2,16.62,16.804,..
Jordan,JOR,Domestic general government health expenditure (% of GDP),SH.XPD.GHED.GD.ZS,3.93785167,4.48511505,5.13681602,6.18757915,5.45029831,5.49565887,5.03539467,4.41074276,4.64796257,3.99459696,3.1935668,3.18527389,3.00017619,3.03746152,3.41537142,3.33083987,3.41554523,3.44745827,..,..
Jordan,JOR,Current health expenditure (% of GDP),SH.XPD.CHEX.GD.ZS,7.67925692,7.90982628,8.48880577,9.22396946,8.17025661,8.14807701,7.81799555,7.16592407,7.20892906,7.4609561,6.97644138,7.10953665,6.98295021,7.07244635,7.54554749,7.69733906,7.73623276,7.66000605,..,..
Kazakhstan,KAZ,GDP per capita growth (annual %),NY.GDP.PCAP.KD.ZG,9.76786673957737,7.871783713981,2.23526924918258,0.0228479849101006,5.91730119035698,5.95764573473487,3.34601033412712,4.48819679131283,2.6806378826727,-0.299093532608879,-0.438395201172128,2.49076945691363,2.5560669084423,2.99405538115775,-3.86406094514987,2.91864170117744,1.70100297910589,3.57238732741942,3.66170013445029,5.21659445318726
Kazakhstan,KAZ,GDP per capita (constant 2015 US$),NY.GDP.PCAP.KD,7450.39687062615,8036.87599811505,8216.52181589585,8218.39912556048,8704.70655484556,9223.3021336315,9531.91477617058,9959.72586930534,10226.7100539683,10196.1226255982,10151.423313302,10404.2718646317,10670.2120148279,10989.6840718388,10565.0359816235,10873.3915275276,11058.3482413407,11453.3952725363,11872.7842626298,12492.1392679131
Kazakhstan,KAZ,"Unemployment, total (% of total labor force) (national estimate)",SL.UEM.TOTL.NE.ZS,7.79,7.258,6.63,6.6,5.767,5.389,5.286,5.205,..,4.971,..,4.9,..,..,4.9,..,4.9,..,..,..
Kazakhstan,KAZ,Domestic general government health expenditure (% of GDP),SH.XPD.GHED.GD.ZS,2.3206408,1.79586542,2.2773366,2.66703558,1.84399545,1.84243834,2.06988907,1.84699571,2.13331318,1.91990697,2.04025173,1.89267063,1.76464748,1.72108889,2.52114773,2.60474586,2.30231667,2.47987461,..,..
Kazakhstan,KAZ,Current health expenditure (% of GDP),SH.XPD.CHEX.GD.ZS,3.39824843,2.70314813,3.02569842,3.47355628,2.73641396,2.60236669,3.03725982,2.66286755,2.97468448,3.04051113,3.42235589,3.0524447,2.90062451,2.87143755,3.83133817,3.98701859,3.74577999,3.76701546,..,..
Kenya,KEN,GDP per capita growth (annual %),NY.GDP.PCAP.KD.ZG,3.27715457506901,3.66978666216018,-2.7588645638462,0.232598394599862,4.96811299885232,2.26952218964762,1.87670753904403,1.26331129067221,2.59218353342239,2.65589352795405,1.93794795580835,1.60475183361922,3.52404781491717,3.07004769448449,-2.2103217118529,5.5651365159048,2.86281276489714,3.64425548577437,2.63137959665416,2.63289431353732
Kenya,KEN,GDP per capita (constant 2015 US$),NY.GDP.PCAP.KD,1263.54164666211,1309.91092948216,1273.77226103073,1276.73503486074,1340.16467408856,1370.58000874482,1396.30178709756,1413.94142522583,1450.59338202277,1489.11959777284,1517.97796057742,1542.33773973372,1596.69045914945,1645.70961777862,1609.33414078281,1698.89578271444,1747.53198804428,1811.21651838425,1858.87650030024,1907.81875397233
Kenya,KEN,"Unemployment, total (% of total labor force) (national estimate)",SL.UEM.TOTL.NE.ZS,..,..,..,9.6,..,..,..,..,..,..,2.757,..,..,5.014,..,5.585,..,..,..,..
Kenya,KEN,Domestic general government health expenditure (% of GDP),SH.XPD.GHED.GD.ZS,1.17933488,1.27245092,1.35639918,1.4598949,1.56062746,1.60566163,1.62624443,1.66091359,1.83768213,1.92388499,2.03529072,1.71156442,1.7670722,2.00870633,2.2100935,2.22920752,2.00364423,1.95431077,..,..
Kenya,KEN,Current health expenditure (% of GDP),SH.XPD.CHEX.GD.ZS,5.0134387,5.12358475,5.19050598,5.29172945,5.38849831,5.20212841,5.0180583,4.93100405,4.91267347,4.76439571,4.75429106,3.98597503,4.09903383,4.36874676,4.49248886,4.56992722,4.32241869,4.35172892,..,..
Kiribati,KIR,GDP per capita growth (annual %),NY.GDP.PCAP.KD.ZG,3.68079200082892,0.984244992784554,-4.98978666488051,-1.58315258146997,-0.857158610176697,1.45038004681834,4.26113729441184,6.26028947416073,-0.0428972459236832,9.84706076349215,5.58490832516883,2.16246551099044,1.89214544847405,1.77977627382882,-2.98712184016587,6.51730510856365,3.40476180750579,1.53004759659856,3.14886076984993,2.71735255722947
Kiribati,KIR,GDP per capita (constant 2015 US$),NY.GDP.PCAP.KD,1419.38723031361,1433.35747805619,1361.83599775608,1340.27605600221,1328.78776438805,1348.0602369873,1405.5029344967,1493.49148676402,1492.8508200481,1639.85274740652,1731.43702001694,1768.87874841933,1802.34850714657,1834.42627824847,1779.62973024917,1895.61362957222,1960.15475844976,1990.14605922104,2052.81298774256,2108.59515396012
Kiribati,KIR,"Unemployment, total (% of total labor force) (national estimate)",SL.UEM.TOTL.NE.ZS,..,..,..,..,30.584,..,..,..,..,9.334,..,..,..,8.557,10.971,..,..,2.786,..,..
Kiribati,KIR,Domestic general government health expenditure (% of GDP),SH.XPD.GHED.GD.ZS,9.41590595,8.82424259,10.07999992,8.11666679,7.94999981,7.53157902,7.0250001,7.14354086,7.37837839,6.08627462,7.69784164,8.31615162,8.78594208,9.23076916,9.50155735,8.8684206,8.51073647,8.58790588,..,..
Kiribati,KIR,Current health expenditure (% of GDP),SH.XPD.CHEX.GD.ZS,11.30852318,10.9454546,13.51428604,12.73888874,8.76666641,7.98947382,7.94999981,8.7081337,8.9549551,7.21568632,9.04265118,9.68424225,10.89694214,10.16600227,13.65645027,11.83228588,10.52553844,10.94525623,..,..
"Korea, Dem. People's Rep.",PRK,GDP per capita growth (annual %),NY.GDP.PCAP.KD.ZG,..,..,..,..,..,..,..,..,..,..,..,..,..,..,..,..,..,..,..,..
"Korea, Dem. People's Rep.",PRK,GDP per capita (constant 2015 US$),NY.GDP.PCAP.KD,..,..,..,..,..,..,..,..,..,..,..,..,..,..,..,..,..,..,..,..
"Korea, Dem. People's Rep.",PRK,"Unemployment, total (% of total labor force) (national estimate)",SL.UEM.TOTL.NE.ZS,..,..,..,..,..,..,..,..,..,..,..,..,..,..,..,..,..,..,..,..
"Korea, Dem. People's Rep.",PRK,Domestic general government health expenditure (% of GDP),SH.XPD.GHED.GD.ZS,..,..,..,..,..,..,..,..,..,..,..,..,..,..,..,..,..,..,..,..
"Korea, Dem. People's Rep.",PRK,Current health expenditure (% of GDP),SH.XPD.CHEX.GD.ZS,..,..,..,..,..,..,..,..,..,..,..,..,..,..,..,..,..,..,..,..
"Korea, Rep.",KOR,GDP per capita growth (annual %),NY.GDP.PCAP.KD.ZG,4.6937077744137,5.30856236809566,2.22523680909987,0.302292304284919,6.44997750684229,2.89375816160189,2.00997301929048,2.82226288554209,2.5683693516693,2.37903405951899,2.76290075939411,3.14298545917306,2.72979572830845,1.95849636720857,-0.837051834035137,4.747751556973,2.92034561376229,1.50434142529414,1.92783227201599,1.13698114634992
"Korea, Rep.",KOR,GDP per capita (constant 2015 US$),NY.GDP.PCAP.KD,23162.1860111297,24391.7651013448,24934.5396367691,25009.9148311999,26623.0487122927,27393.455357272,27944.0564190045,28732.711152033,29470.6732991655,30171.7906545222,31005.4072876388,31979.9027302467,32852.8887488942,33496.3113815643,33215.9298928108,34792.9397214598,35809.0138105144,36347.7036392553,37048.4264001496,37469.6600233386
"Korea, Rep.",KOR,"Unemployment, total (% of total labor force) (national estimate)",SL.UEM.TOTL.NE.ZS,3.254,3.013,2.959,3.363,3.324,2.992,2.812,3.067,3.082,3.546,3.65,3.653,3.824,3.746,3.931,3.639,2.857,2.675,2.784,2.789
"Korea, Rep.",KOR,Domestic general government health expenditure (% of GDP),SH.XPD.GHED.GD.ZS,2.63494611,2.72422862,2.80182195,3.12681341,3.20370984,3.2194593,3.23771381,3.3175869,3.40634632,3.50807333,3.65121055,3.78743124,4.03568125,4.43231916,4.67086744,5.07723141,5.52341843,5.0180707,4.91143751,..
"Korea, Rep.",KOR,Current health expenditure (% of GDP),SH.XPD.CHEX.GD.ZS,4.95851803,4.95834208,5.24642324,5.68525076,5.79390717,5.90292883,5.9576025,6.06858635,6.24487352,6.46202612,6.6356945,6.79827499,7.14222002,7.69397116,8.02722836,8.34412766,8.8595314,8.5650692,8.67656994,..
Kosovo,XKX,GDP per capita growth (annual %),NY.GDP.PCAP.KD.ZG,..,..,..,5.39636701673933,5.28831482675317,6.12959202990389,0.857974394903721,4.70387084053738,3.65273027273803,7.36815111994392,6.20761650241487,4.03838879864328,3.05752931278261,5.23669676312298,-5.40690184268419,10.9981400491097,5.33909761737917,9.35107522909426,10.3656494300073,4.74031521100724
Kosovo,XKX,GDP per capita (constant 2015 US$),NY.GDP.PCAP.KD,..,..,2543.5980687089,2680.85995592712,2822.63227046091,2995.64811314457,3021.35000691677,3163.4704088827,3279.02345017707,3520.62685324451,3739.17386677497,3890.17624537261,4009.11952439378,4219.06495675744,3990.94425586648,4429.87389440857,4666.38918595784,5102.74674921908,5631.67958854422,5898.63895271517
Kosovo,XKX,"Unemployment, total (% of total labor force) (national estimate)",SL.UEM.TOTL.NE.ZS,44.9,46.3,47.5,45.4,..,..,30.879,29.767,35.264,32.84,27.491,30.344,27.761,25.069,25.459,20.392,12.093,10.533,10.834,..
Kosovo,XKX,Domestic general government health expenditure (% of GDP),SH.XPD.GHED.GD.ZS,..,..,..,..,..,..,..,..,..,..,..,..,..,..,..,..,..,..,..,..
Kosovo,XKX,Current health expenditure (% of GDP),SH.XPD.CHEX.GD.ZS,..,..,..,..,..,..,..,..,..,..,..,..,..,..,..,..,..,..,..,..
Kuwait,KWT,GDP per capita growth (annual %),NY.GDP.PCAP.KD.ZG,1.6976352381691,-0.0585846444072189,-3.06795857769427,-11.8648164745831,-7.27588260300011,2.99936488052495,0.0983286715542846,-3.77371634598551,-3.83157244878866,-3.83270102171981,-1.43152053599024,-8.16879129164303,-1.26570110779524,-0.471027490632153,-3.90774915473197,2.59077518987651,1.43711284054184,-6.98656704450174,-2.35607712376698,3.40677373406191
Kuwait,KWT,GDP per capita (constant 2015 US$),NY.GDP.PCAP.KD,41137.969927672,41113.8693942735,39852.5129115699,35124.0853941026,32568.4981754501,33545.346271839,33578.3309651964,32311.1800008536,31073.1537300624,29882.2126495698,29454.4426388829,27048.3706935958,26706.0191660864,26580.2264741607,25541.5378987908,26203.2617257856,26579.8321646876,24722.8143701857,24140.3257964584,24962.7320750091
Kuwait,KWT,"Unemployment, total (% of total labor force) (national estimate)",SL.UEM.TOTL.NE.ZS,1.3,1.5,1.753,1.641,1.816,3.597,..,..,2.9,1.947,2.164,..,..,..,..,..,..,..,..,..
Kuwait,KWT,Domestic general government health expenditure (% of GDP),SH.XPD.GHED.GD.ZS,1.39375639,1.47248399,1.50249875,2.2079618,2.25556993,1.97078466,1.9472518,2.08904266,2.466609,3.57679915,4.03627825,3.98828077,4.56324148,4.56783867,5.41016102,4.77891159,3.70099521,4.39482975,..,..
Kuwait,KWT,Current health expenditure (% of GDP),SH.XPD.CHEX.GD.ZS,1.8213098,1.92673647,1.92400301,2.70638776,2.67879915,2.33303547,2.33311439,2.48789287,2.9159987,4.21497965,4.73096323,4.65326786,5.17201853,5.18200397,6.11295223,5.37273169,4.20024538,4.96311998,..,..
Kyrgyz Republic,KGZ,GDP per capita growth (annual %),NY.GDP.PCAP.KD.ZG,2.00174444436951,7.51249331031009,7.37554930252675,1.53257250259469,-1.88093371727501,4.43705345314649,-1.95288116304553,8.51417444984632,1.75718622899099,1.56807607660568,2.04985149948004,2.55837834194257,1.54586820248004,2.28120088774463,-9.03157714073227,3.58776993335192,7.03042869604123,7.10119376613466,9.65363391447642,9.26239975435819
Kyrgyz Republic,KGZ,GDP per capita (constant 2015 US$),NY.GDP.PCAP.KD,837.138026647346,900.02796489729,966.409971184817,981.220904665529,962.764789828724,1005.4831781815,985.8472865972,1069.78404438716,1088.58214229508,1105.65193844261,1128.3161612818,1157.18275758067,1175.0712778747,1201.87701429721,1093.32856461422,1132.5546781282,1212.17812721768,1298.25724482211,1423.58624650541,1555.4444955048
Kyrgyz Republic,KGZ,"Unemployment, total (% of total labor force) (national estimate)",SL.UEM.TOTL.NE.ZS,8.271,..,8.219,8.4,8.692,7.455,5.908,5.526,5.051,4.2,4.009,3.319,4.559,5.45,5.945,5.149,4.767,3.498,..,..
Kyrgyz Republic,KGZ,Domestic general government health expenditure (% of GDP),SH.XPD.GHED.GD.ZS,4.21177483,3.08531475,2.89586782,3.48071551,3.41518092,3.69314909,4.22100592,3.94686103,2.74904537,2.71162796,2.49723411,2.34767461,2.42471886,2.18779993,2.21847796,2.95868587,2.64341927,2.40183544,..,..
Kyrgyz Republic,KGZ,Current health expenditure (% of GDP),SH.XPD.CHEX.GD.ZS,8.3118391,6.93210649,6.52511883,6.89873457,6.95027161,7.1072917,8.50966358,8.18745041,7.35766459,7.14930916,6.41248226,6.18586349,5.01030922,4.25461817,4.93558979,5.35275602,5.04874945,4.50344467,..,..
Lao PDR,LAO,GDP per capita growth (annual %),NY.GDP.PCAP.KD.ZG,6.91294627933061,5.94392449426221,6.19878841672832,5.90563851314371,6.94116593325336,6.48536557882839,6.49513527103458,6.51642199042166,6.13842534644749,5.71702901311374,5.36288912313843,5.2271106715724,4.60986171989208,3.86091278109465,-0.986715601107164,1.06109059992194,1.2697005231296,2.31116087572821,2.72532702600417,3.16696670840642
Lao PDR,LAO,GDP per capita (constant 2015 US$),NY.GDP.PCAP.KD,1228.08927619923,1301.08597549864,1381.73754223953,1463.3379666846,1564.91068311647,1666.40086189871,1774.63585203672,1890.27861294875,2006.31195444447,2121.01339097363,2234.76098741846,2351.57441747595,2459.97874636195,2554.95638019245,2529.74622698761,2556.58912640405,2589.05015191628,2648.88726608035,2721.07810663122,2807.25374437797
Lao PDR,LAO,"Unemployment, total (% of total labor force) (national estimate)",SL.UEM.TOTL.NE.ZS,..,..,..,..,0.708,..,..,..,..,2.006,..,3.268,..,..,..,..,1.209,..,..,..
Lao PDR,LAO,Domestic general government health expenditure (% of GDP),SH.XPD.GHED.GD.ZS,0.64221585,0.58968216,0.51332533,1.14663947,0.60363603,0.36693901,0.43670169,0.71266264,0.68373317,0.86391306,0.76494843,0.88887793,0.86922747,0.96142328,0.79207379,0.71924585,0.62643725,0.52790278,..,..
Lao PDR,LAO,Current health expenditure (% of GDP),SH.XPD.CHEX.GD.ZS,2.93200922,3.12986231,2.76727295,3.46300411,2.91154933,1.94457507,2.07637572,2.39984965,2.29845548,2.45366454,2.36087489,2.52606821,2.24630046,2.60312223,2.05965185,2.74392009,2.01825476,1.32651615,..,..
Late-demographic dividend,LTE,GDP per capita growth (annual %),NY.GDP.PCAP.KD.ZG,8.60120094354617,9.49603074797787,6.26534007350021,3.10637215188167,7.40838417839808,6.50214753502176,5.1117519714912,4.88507730959265,4.52281290830467,4.0131640063116,3.77298749406765,4.57020741359528,4.86661405428367,4.27160406449451,-0.0794028018832478,7.40961972079273,3.12653946173087,4.32054638951722,4.4096510939122,4.38387890823684
Late-demographic dividend,LTE,GDP per capita (constant 2015 US$),NY.GDP.PCAP.KD,5065.16601889118,5546.15574148121,5893.64125969097,6076.71969051382,6526.90643063144,6951.29551622392,7306.62850181868,7663.56295285725,8010.17156732513,8331.63288950883,8645.98435648163,9041.12377451984,9481.1203747958,9886.1162980852,9878.26644474708,10610.2084233095,10941.9407766362,11414.6924038042,11918.0405122553,12440.5129765472
Late-demographic dividend,LTE,"Unemployment, total (% of total labor force) (national estimate)",SL.UEM.TOTL.NE.ZS,3.55207547231451,3.3136546142538,3.47883023201462,3.9324113922335,3.84754373603637,3.96888822874696,3.88060299487474,3.94716776912648,3.92943998627972,4.25071255955013,4.81848205651948,4.79521637482344,5.42373672682302,5.56440285626394,6.24237989544102,5.85957287923711,4.96722255433128,..,..,..
Late-demographic dividend,LTE,Domestic general government health expenditure (% of GDP),SH.XPD.GHED.GD.ZS,2.47171101064615,2.5027932699076,2.66959681022765,2.95020407390748,2.84318303852682,2.82522225993572,2.88759197635189,2.9924644142533,3.07003469801156,3.144181138981,3.12372646076032,3.09977968878326,3.11165983759762,3.19733497334807,3.495556127641,3.32014405923186,3.64525182188684,3.7022644200547,..,..
Late-demographic dividend,LTE,Current health expenditure (% of GDP),SH.XPD.CHEX.GD.ZS,4.96851839627653,4.87800862011405,4.98549407991319,5.41990825089902,5.1921920534329,5.11330788451837,5.14649114281296,5.25533084198163,5.34475371374055,5.3979633861322,5.47638516896998,5.57494841663545,5.5603740572274,5.71659931707056,6.0618712374443,5.82771976334064,6.16556387768475,6.31155209542518,..,..
Latin America & Caribbean,LCN,GDP per capita growth (annual %),NY.GDP.PCAP.KD.ZG,4.01951163630008,4.06635917571647,2.50504470148563,-3.39134983502808,5.00192200748344,3.28266013948726,1.56308145761643,1.65694565560521,0.178576307110575,-0.735070167846246,-1.66359354962314,0.638987772497558,0.369053683682139,-0.494031203348314,-7.51392201082636,6.45960269873731,3.47347159273626,1.50609084727324,1.54941018109591,1.64506712959161
Latin America & Caribbean,LCN,GDP per capita (constant 2015 US$),NY.GDP.PCAP.KD,7448.5139089453,7751.39723773622,7945.57320353123,7676.11101980124,8060.06410621954,8324.64861785153,8454.76965680889,8594.86059532881,8610.20897998125,8546.91790238019,8404.73192746461,8458.43713679231,8489.65331062758,8447.71177421698,7812.95729980292,8317.64330039219,8606.55427761644,8736.17680385723,8871.53601669473,9017.47873959526
Latin America & Caribbean,LCN,"Unemployment, total (% of total labor force) (national estimate)",SL.UEM.TOTL.NE.ZS,7.21367812516949,7.25774378071266,6.66856208528301,7.66772164553804,..,6.60156681893217,6.41333589458903,6.18540843745363,6.00323750146989,6.47423621669181,7.59027433702933,7.93416974398276,7.94652445177921,8.1198760192559,10.4911430354775,9.24445301783788,6.907162356889,6.12519028174887,5.33648511200716,5.38437369610811
Latin America & Caribbean,LCN,Domestic general government health expenditure (% of GDP),SH.XPD.GHED.GD.ZS,3.09969384566248,3.22650584163178,3.34684926322377,3.74519435397162,3.65201296523811,3.64376019462494,3.64243175573251,3.8164356087984,3.88767945839018,4.15448083314735,4.16026755856472,4.18520579654587,3.98148453330439,3.98914640611255,4.57126253949465,4.35617216824106,4.15188434269051,4.05276497637439,..,..
Latin America & Caribbean,LCN,Current health expenditure (% of GDP),SH.XPD.CHEX.GD.ZS,6.72683666763542,6.8877700939627,6.94938932794772,7.51163036002812,7.22061007734516,7.14020410908634,7.13984183680075,7.30104489931839,7.44853818512409,7.80287932501018,7.87340800749019,8.05344889898208,7.81495657647715,7.86565022585942,8.3631615717366,8.30098015765331,7.95435978189847,7.94355058922187,..,..
Latin America & Caribbean (excluding high income),LAC,GDP per capita growth (annual %),NY.GDP.PCAP.KD.ZG,4.09874475410963,4.16353359183117,2.56976459128404,-3.55001396952508,5.25385794642037,3.28560554955506,1.34199639861183,1.64817928362572,0.0831961992979302,-0.916473326874495,-1.91455399237026,0.675953326545113,0.306496369053605,-0.604200706419533,-7.45498063570554,6.22639139854549,3.34251506658867,1.41171986859447,1.27349096665037,1.52280118586252
Latin America & Caribbean (excluding high income),LAC,GDP per capita (constant 2015 US$),NY.GDP.PCAP.KD,7067.05640436568,7361.2956717151,7550.46364134656,7282.42112731485,7665.02918840407,7916.87181279329,8023.11594740369,8155.35128235007,8162.13622465638,8087.33242325425,7932.49607746858,7986.11604858229,8010.5932042996,7962.19314357083,7368.61318654015,7827.41188417897,8089.0443057316,8203.23895137503,8307.70645839353,8434.21631085993
Latin America & Caribbean (excluding high income),LAC,"Unemployment, total (% of total labor force) (national estimate)",SL.UEM.TOTL.NE.ZS,7.14139423453382,7.25613501302003,6.6162371624921,7.58046974289794,..,6.52443946091215,6.35887745975954,6.1357261698467,5.92404533629871,6.4372018132954,7.61718685615572,7.96188534237564,7.9508071678365,8.12807004068452,10.3368490422556,9.18510609479714,6.80816019473853,5.98306480851736,5.1521675088332,5.21017671464527
Latin America & Caribbean (excluding high income),LAC,Domestic general government health expenditure (% of GDP),SH.XPD.GHED.GD.ZS,3.12387150954645,3.24808499729938,3.35192526493604,3.74349851444719,3.64976839962669,3.6432486949895,3.63370940076878,3.80612092434043,3.87179656608185,4.14191317593799,4.12606326858817,4.13287259111333,3.89799710476228,3.90104349773221,4.46778218458291,4.25310361151974,4.0659522774649,3.95455546278484,..,..
Latin America & Caribbean (excluding high income),LAC,Current health expenditure (% of GDP),SH.XPD.CHEX.GD.ZS,6.78505225741761,6.94538474310991,6.98121490750081,7.5449526102862,7.24673468038534,7.16238506453595,7.15654461097159,7.30723663078615,7.44882902160136,7.80761054968955,7.86389349885876,8.02926214854816,7.74761936890373,7.78780238659385,8.26650552268315,8.21103967465097,7.84832754219887,7.84015567723397,..,..
Latin America & the Caribbean (IDA & IBRD countries),TLA,GDP per capita growth (annual %),NY.GDP.PCAP.KD.ZG,4.09729997552233,4.19787438556112,2.63373716949653,-3.46924086688827,5.23665058383366,3.41574869621064,1.60160928929973,1.71218470284219,0.194969154818693,-0.818605909518368,-1.71464298979453,0.669310455952328,0.409790732513144,-0.537530145676683,-7.45985095513528,6.63088122482624,3.47493418430733,1.55453696328813,1.54974762807592,1.65507364095035
Latin America & the Caribbean (IDA & IBRD countries),TLA,GDP per capita (constant 2015 US$),NY.GDP.PCAP.KD,7284.00945702325,7589.78302426148,7789.67796085559,7519.4352696386,7913.20182058713,8183.49690860235,8314.56455528008,8456.92525770353,8473.41365340212,8404.04978849743,8259.95033794012,8315.23504920842,8349.31011182677,8304.43005301967,7684.93194839094,8194.51065809746,8479.2645101924,8611.07781121831,8744.52778534944,8889.25615975034
Latin America & the Caribbean (IDA & IBRD countries),TLA,"Unemployment, total (% of total labor force) (national estimate)",SL.UEM.TOTL.NE.ZS,7.30575023042668,7.34691398112586,6.74422958819713,7.74685646367292,..,6.6198169081195,6.42647242750485,6.19810349975484,6.02787841624279,6.53074314704016,7.67871674894888,8.03518935371789,8.05678539022162,8.11816460703686,10.4711182171296,9.25005793420327,6.91088091732378,6.12260187424979,5.33540236014076,5.38342991496305
Latin America & the Caribbean (IDA & IBRD countries),TLA,Domestic general government health expenditure (% of GDP),SH.XPD.GHED.GD.ZS,3.04079055683898,3.13029651174734,3.25581796490456,3.63619360622878,3.57991882078256,3.56725885878644,3.58749875127528,3.74768548211439,3.79180548381055,4.02805852271965,4.03487010140004,4.07743689346173,3.87588162586406,3.87574575271953,4.40551949543185,4.3581486352845,4.15226282593584,4.05477217296533,..,..
Latin America & the Caribbean (IDA & IBRD countries),TLA,Current health expenditure (% of GDP),SH.XPD.CHEX.GD.ZS,6.71016401222035,6.83327949938852,6.89546358310872,7.44635219447068,7.18186943259748,7.09228244039763,7.11523745307703,7.26223680052096,7.38665156366514,7.72067423077471,7.79635026729668,7.99512169638659,7.75975433953571,7.8074803164706,8.26457411286595,8.30454357499694,7.95652357436016,7.94735280706801,..,..
Latvia,LVA,GDP per capita growth (annual %),NY.GDP.PCAP.KD.ZG,13.8646922612695,11.3194013044585,-2.36803650613602,-14.6423127971401,-1.63514379125596,4.92957999064132,8.64449958601972,3.19545170389934,3.06097381676449,4.63645212679371,3.49318640044002,4.31935869681359,5.12560422080688,1.37774612596324,-2.78996380720736,7.8481957927218,2.18545852350196,-1.16914941176928,0.904976236094242,3.1515721924612
Latvia,LVA,GDP per capita (constant 2015 US$),NY.GDP.PCAP.KD,11507.4648265658,12810.0409502542,12506.6945041012,10675.425174228,10500.8666223014,11018.5152421583,11971.0107466522,12353.5386135301,12731.6771959342,13321.9753140616,13787.3367440023,14382.8612727134,15120.0698171804,15328.3859933295,14900.7295718866,16070.1680032322,16421.3748596,16229.3844520245,16376.2565245797,16892.3660713745
Latvia,LVA,"Unemployment, total (% of total labor force) (national estimate)",SL.UEM.TOTL.NE.ZS,7.03,6.052,7.739,17.515,19.482,16.206,15.047,11.867,10.846,9.873,9.643,8.715,7.412,6.312,8.098,7.513,6.815,6.465,6.884,6.9
Latvia,LVA,Domestic general government health expenditure (% of GDP),SH.XPD.GHED.GD.ZS,3.70522499,3.54180741,3.53879547,3.73898005,3.74602699,3.75751281,3.39200068,3.36321855,3.37962747,3.43240261,3.54719949,3.53695512,3.82692361,4.10785341,4.76178408,6.52429104,5.2459259,4.32704115,..,..
Latvia,LVA,Current health expenditure (% of GDP),SH.XPD.CHEX.GD.ZS,6.02127075,5.81969213,5.86603212,6.2683239,6.22420359,5.91758251,5.62075043,5.60404825,5.66363621,5.84916782,6.35184479,6.18721867,6.40854263,6.86276913,7.50587368,9.4105072,8.1044302,7.27783823,..,..
Least developed countries: UN classification,LDC,GDP per capita growth (annual %),NY.GDP.PCAP.KD.ZG,4.32398800776461,4.79655356478743,4.00725617528653,1.80111346268646,3.91781723057288,0.654044982597696,0.877019108362532,3.57990703971487,2.88284183709224,0.382324181252329,1.39043635024866,2.06655566027429,2.2146778862929,2.35952298459333,-2.53960624176722,0.393407486773057,2.37507352258028,0.724668923960621,1.51553582090563,1.93781088503502
Least developed countries: UN classification,LDC,GDP per capita (constant 2015 US$),NY.GDP.PCAP.KD,785.207477962037,822.870375237203,855.844899163499,871.259636862048,905.393997038056,911.315681048424,919.308093708723,952.21846887207,979.669421273234,983.414934367096,997.08869308831,1017.69408591328,1040.23273178411,1064.77726218382,1037.73611237248,1041.81864393151,1066.56260269683,1074.29165043316,1090.57292521647,1111.70616607056
Least developed countries: UN classification,LDC,"Unemployment, total (% of total labor force) (national estimate)",SL.UEM.TOTL.NE.ZS,..,..,..,..,..,..,..,..,..,..,..,..,..,..,..,..,..,..,..,..
Least developed countries: UN classification,LDC,Domestic general government health expenditure (% of GDP),SH.XPD.GHED.GD.ZS,1.1188738532323,1.17224088902572,1.15778075329852,1.20114120681808,1.00919347983726,0.952635682283781,0.975009375969855,0.988647630349087,0.970304879326634,0.903643977685524,0.899295476920675,0.924702976658055,0.885049308248446,0.833510689246859,0.939342221552085,0.983204649155509,0.871828101826368,0.822579044713413,..,..
Least developed countries: UN classification,LDC,Current health expenditure (% of GDP),SH.XPD.CHEX.GD.ZS,4.10293563405609,4.15629672998439,4.03700825347674,4.30908839994941,3.99506446329663,3.88799298975109,3.80322945109986,3.97082798697708,3.99448914582448,4.17472072764032,4.13412344392004,3.97379522658607,3.81885233991103,3.6477547051148,3.80683107556935,3.91874634264265,3.66937533029104,3.60668572644975,..,..
Lebanon,LBN,GDP per capita growth (annual %),NY.GDP.PCAP.KD.ZG,-0.16111039140597,7.21242419520836,7.27020382429338,8.75424197439401,6.92562408092621,-0.215990101752055,-0.172272058447192,-5.35004515636365,-7.26145145442744,-1.48529943559267,3.95420458700914,3.57185811074811,1.00112836973221,-3.87037166908469,-20.1290983815185,-7.25697163046323,-1.07782192621244,-1.25912842069158,-7.59953414966085,..
Lebanon,LBN,GDP per capita (constant 2015 US$),NY.GDP.PCAP.KD,6696.37428200596,7179.34520092306,7701.29823027979,8375.48851252821,8955.54336184707,8936.20027462737,8920.8056984673,8443.53856528784,7830.4151113336,7714.1099998804,8019.1416913426,8305.57405425721,8388.7235123835,8064.04873416236,6440.82843092922,5973.41933892988,5909.03651555028,5834.63415739394,5391.22914209501,..
Lebanon,LBN,"Unemployment, total (% of total labor force) (national estimate)",SL.UEM.TOTL.NE.ZS,..,8.984,..,6.355,..,..,..,..,..,..,..,..,..,11.301,..,..,..,..,..,..
Lebanon,LBN,Domestic general government health expenditure (% of GDP),SH.XPD.GHED.GD.ZS,3.55163956,3.51309872,3.07543588,2.67676353,2.99847841,3.57470489,3.04691243,3.12071991,3.57181931,3.37505221,3.72473431,3.67671943,3.77159619,4.28126144,3.32454515,1.18353021,1.51495135,2.11316371,..,..
Lebanon,LBN,Current health expenditure (% of GDP),SH.XPD.CHEX.GD.ZS,8.66057873,8.55984211,7.81751728,7.0073576,7.43864489,8.17744446,7.00420094,7.06742191,7.52191401,7.41596651,7.92344952,7.80357552,8.07031727,8.68533897,7.48221779,4.40006208,4.91255951,5.57497263,..,..
Lesotho,LSO,GDP per capita growth (annual %),NY.GDP.PCAP.KD.ZG,4.65948787654852,3.75025688346649,4.81119838923493,-1.96870088552072,4.45925951436652,3.69398595274109,5.27066659627468,0.696148188602265,0.557309193389017,1.92251059472272,2.35363981271321,-4.33655999292874,-2.67593907523207,-2.56925986092637,-9.23727005298078,1.09935782526551,1.28745564005285,0.578518284725888,4.0567836183363,0.864833753647872
Lesotho,LSO,GDP per capita (constant 2015 US$),NY.GDP.PCAP.KD,893.750686627156,927.26863327342,971.881366821351,952.747929746529,995.233432451681,1031.99721564343,1086.39034816283,1093.95323489272,1100.04993684215,1121.19851342518,1147.58748801671,1097.82166812752,1068.44462913373,1040.99351014117,944.834128375429,955.221236301503,967.51928598325,973.116561960912,1012.59379523386,1021.35104816239
Lesotho,LSO,"Unemployment, total (% of total labor force) (national estimate)",SL.UEM.TOTL.NE.ZS,..,..,35.462,..,..,..,..,24.582,..,..,..,..,..,16.876,..,..,..,..,18.701,..
Lesotho,LSO,Domestic general government health expenditure (% of GDP),SH.XPD.GHED.GD.ZS,3.04879928,4.63973618,4.36957979,4.86539936,3.9816153,4.93363905,5.62558651,6.12028074,5.8080492,5.62011147,5.59334755,6.03923559,5.5954361,6.75437784,4.87197256,4.38429165,6.55054998,5.84427834,..,..
Lesotho,LSO,Current health expenditure (% of GDP),SH.XPD.CHEX.GD.ZS,5.40532398,7.22251844,7.66648197,8.9529829,7.4048481,8.99487114,9.98601341,10.97986031,9.98823929,9.25280476,9.19744301,10.52956581,11.12637329,21.92373085,10.40836906,10.66165733,12.89569187,12.61182117,..,..
Liberia,LBR,GDP per capita growth (annual %),NY.GDP.PCAP.KD.ZG,2.17024627280136,4.21343815918623,2.88473943454363,2.04180167202995,3.07117998186455,4.04086635073222,4.24345556941776,6.3241100027268,-1.37370786861489,-2.06002320038729,-3.54590251888713,0.48341831127135,-0.802290167584516,-4.38160849244818,-4.97470394166794,2.7936852774608,2.585058275666,2.40186206516404,1.8018710155725,2.84724354890147
Liberia,LBR,GDP per capita (constant 2015 US$),NY.GDP.PCAP.KD,551.377446611852,574.609394348543,591.185378141907,603.256211077605,621.783295071575,646.908727016597,674.360011422232,717.007280358975,707.157694930142,692.590082351257,668.031513175601,671.260899835355,665.875439637137,636.699384824869,605.025475431411,621.927983063426,638.005183858289,653.329188343162,665.101337624192,684.038392553354
Liberia,LBR,"Unemployment, total (% of total labor force) (national estimate)",SL.UEM.TOTL.NE.ZS,..,5.551,..,..,2.266,..,..,..,2.079,..,3.081,5.931,..,..,..,..,..,..,..,..
Liberia,LBR,Domestic general government health expenditure (% of GDP),SH.XPD.GHED.GD.ZS,0.47191602,0.73447984,0.91902161,1.1980319,1.2732017,1.51829398,1.55076897,0.31744617,0.82358247,1.20420825,1.39315951,1.38745701,1.68725502,1.3562839,1.32303464,1.11087501,1.29002357,1.30092859,..,..
Liberia,LBR,Current health expenditure (% of GDP),SH.XPD.CHEX.GD.ZS,5.77426577,4.32884932,5.99615717,8.98514843,8.43860245,8.58399582,7.62987185,7.15610409,8.09817886,10.38244438,9.88514519,9.91087437,10.43527889,8.38325977,12.90504265,13.27175999,13.58819675,13.00574875,..,..
Libya,LBY,GDP per capita growth (annual %),NY.GDP.PCAP.KD.ZG,4.3383026664543,4.06916207450483,-2.26034195363675,-6.37107364350932,2.90736772244718,-49.1278565212286,91.7813702690939,-19.6276937990081,-24.5110536856449,-2.43005265175647,-2.98083261952721,30.3950611263495,6.20327204937865,-12.4989174222368,-30.4001717408883,26.6853936559494,-9.42490206992071,8.96534736140164,0.859500182813605,12.1932042706465
Libya,LBY,GDP per capita (constant 2015 US$),NY.GDP.PCAP.KD,13176.7758911904,13712.9602583972,13403.0004645911,12549.0854345521,12913.9334939386,6569.59477578957,12599.258882136,10126.314927806,7644.24843947404,7458.48917756374,7236.16409923502,9435.60060040046,10020.9165751361,8768.4104874586,6102.79864032512,7731.35448152581,7002.68189296358,7630.49664928174,7696.0807819319,8634.47963250683
Libya,LBY,"Unemployment, total (% of total labor force) (national estimate)",SL.UEM.TOTL.NE.ZS,..,..,..,..,..,..,19,..,..,..,..,..,..,..,..,..,..,..,..,..
Libya,LBY,Domestic general government health expenditure (% of GDP),SH.XPD.GHED.GD.ZS,1.50322449,1.60953808,1.51853251,2.46476388,2.29442048,2.54379559,2.91900086,3.6518445,3.42913532,4.02187729,4.16492653,3.09533191,3.48153329,3.95533991,5.58700848,4.47216082,3.14845943,6.25568771,..,..
Libya,LBY,Current health expenditure (% of GDP),SH.XPD.CHEX.GD.ZS,2.29996443,2.41929626,2.24441886,3.5828805,3.28064442,4.01902008,3.95612097,4.97548628,5.17777824,5.80638647,6.17178679,4.67685318,4.86648417,5.54773426,7.10674047,6.05457449,4.74433613,7.80515862,..,..
Liechtenstein,LIE,GDP per capita growth (annual %),NY.GDP.PCAP.KD.ZG,7.76432322419438,2.66666052628214,1.19257451932671,-1.90138748845943,..,..,..,..,..,..,..,..,..,..,..,..,..,..,..,..
Liechtenstein,LIE,GDP per capita (constant 2015 US$),NY.GDP.PCAP.KD,..,..,..,..,..,..,..,..,..,167187.15730982,..,..,..,..,..,..,..,..,..,..
Liechtenstein,LIE,"Unemployment, total (% of total labor force) (national estimate)",SL.UEM.TOTL.NE.ZS,2.461,2.012,2.603,3.332,3.435,3.39,3.242,3.464,3.829,3.642,..,2.31,..,..,..,..,..,..,..,..
Liechtenstein,LIE,Domestic general government health expenditure (% of GDP),SH.XPD.GHED.GD.ZS,..,..,..,..,..,..,..,3.83092952,3.69935989,3.77818871,3.79975724,3.58753037,3.53447771,3.76001668,4.1560874,3.69411302,3.82908344,3.94563389,..,..
Liechtenstein,LIE,Current health expenditure (% of GDP),SH.XPD.CHEX.GD.ZS,..,..,..,..,..,..,..,5.7494297,5.63615656,5.75139189,5.85200214,5.67968512,5.54688025,5.78483772,6.05532694,5.38460207,5.64409113,5.71460724,..,..
Lithuania,LTU,GDP per capita growth (annual %),NY.GDP.PCAP.KD.ZG,9.12367697158992,12.4053451378162,3.66012476803633,-13.8877568111501,2.5553360476174,8.75223892258067,5.74397608423232,5.026825169489,4.62035286553186,3.75632420325671,3.87744054624235,5.88872606993294,5.79066548228593,4.97938353929399,0.068446214406265,6.47017052787757,1.62367298622554,-0.661828593386076,2.43472538512522,2.90240527639017
Lithuania,LTU,GDP per capita (constant 2015 US$),NY.GDP.PCAP.KD,10577.2145522871,11889.3545234657,12324.5197331387,10612.9204044582,10884.1161852582,11836.7200384033,12516.6184065667,13145.8069309969,13753.1895982305,14269.8039878287,14823.107153522,15695.9993288456,16604.9021440809,17431.7239081591,17443.65526328,18572.2895051093,18873.8427527274,18748.9302647191,19205.4152293136,19762.8342142819
Lithuania,LTU,"Unemployment, total (% of total labor force) (national estimate)",SL.UEM.TOTL.NE.ZS,5.78,4.25,5.826,13.785,17.814,15.39,13.365,11.77,10.698,9.12,7.862,7.073,6.147,6.255,8.487,7.112,5.955,6.841,7.095,6.9
Lithuania,LTU,Domestic general government health expenditure (% of GDP),SH.XPD.GHED.GD.ZS,3.65662551,3.79175305,4.44847679,5.27926397,4.90936899,4.59981918,4.20211172,4.03710175,4.14252853,4.2784977,4.37240982,4.21894503,4.26898956,4.52023697,5.09458399,5.21177673,4.7339468,4.75854826,..,..
Lithuania,LTU,Current health expenditure (% of GDP),SH.XPD.CHEX.GD.ZS,5.85725737,5.75978613,6.29010201,7.34499836,6.9058671,6.54017687,6.30798101,6.15501022,6.22244453,6.47396851,6.64928818,6.44472837,6.46896172,6.94472647,7.41619062,7.73210812,7.24367952,7.31801939,7.59519005,..
Low & middle income,LMY,GDP per capita growth (annual %),NY.GDP.PCAP.KD.ZG,6.69634826930441,7.32810061177256,4.46823188885921,2.52296746808958,6.60198286407984,4.8633084945013,4.01801737191268,4.16747281760148,3.72151341186479,3.29106215208836,3.30715564605583,3.9208071852632,3.62729024158838,2.8517222638573,-2.26761076460159,6.26231382141904,3.01752669811273,3.64154019809749,3.36529396809169,3.47520835449863
Low & middle income,LMY,GDP per capita (constant 2015 US$),NY.GDP.PCAP.KD,2831.5291839446,3039.02649139576,3174.81724219519,3254.91684838707,3469.80590095764,3638.55326608162,3784.75096839907,3942.47943622101,4089.19933719999,4223.77742891002,4363.46432262705,4534.54734531501,4699.02853867183,4833.03178169414,4723.43743275583,5019.23390795338,5170.6906311666,5358.98340901979,5539.32895443457,5731.83217704224
Low & middle income,LMY,"Unemployment, total (% of total labor force) (national estimate)",SL.UEM.TOTL.NE.ZS,..,..,..,..,4.18175752297667,..,4.26337738284999,..,..,..,..,..,6.24343694177651,5.96904750022776,6.79831324041229,6.36826898064084,5.24205219143853,..,..,..
Low & middle income,LMY,Domestic general government health expenditure (% of GDP),SH.XPD.GHED.GD.ZS,2.04333491967977,2.0737989538897,2.18968390863848,2.44051137994265,2.37320545515099,2.41309785863013,2.47418021331468,2.55740165974142,2.62563126992189,2.74098400692834,2.70453852686797,2.69446683647209,2.64494529357281,2.65993069371421,2.84564908296679,2.77737632726192,2.94993504395797,2.96981087376808,..,..
Low & middle income,LMY,Current health expenditure (% of GDP),SH.XPD.CHEX.GD.ZS,4.84046490597434,4.76285729753769,4.78855152078004,5.1051672300856,4.94386716659208,4.93170116490564,4.97378253796813,5.0637750307832,5.09735206513609,5.1982396028492,5.19920134494814,5.19729646562437,5.11374729686595,5.17436931389828,5.43696156183902,5.35758956985327,5.53948828082068,5.61090683167427,..,..
Low income,LIC,GDP per capita growth (annual %),NY.GDP.PCAP.KD.ZG,2.66717903352365,3.15835735017933,2.55801915997731,0.850952858292175,4.15099188123347,-2.41374051871188,-5.73538975125484,1.49874983005746,1.26262212821391,-2.8754943779449,-0.834959518198602,0.404717055790655,0.656538288890957,1.03744548970491,-2.51518158181821,-0.699201762207338,1.0301694567531,-1.48362052748851,0.639358003147834,2.54539024773865
Low income,LIC,GDP per capita (constant 2015 US$),NY.GDP.PCAP.KD,700.508162576728,722.632713618076,741.11779688869,747.424359964627,778.449884465119,759.660124185919,716.09065527899,726.823062758041,736.000091581386,714.836450326294,708.867855344742,711.73676445834,716.409588833122,723.841947800285,705.636008447738,700.702189041902,707.920608976212,697.417753503119,701.876749725515,719.742252064173
Low income,LIC,"Unemployment, total (% of total labor force) (national estimate)",SL.UEM.TOTL.NE.ZS,..,..,..,..,..,..,..,..,..,..,..,..,..,..,..,..,..,..,..,..
Low income,LIC,Domestic general government health expenditure (% of GDP),SH.XPD.GHED.GD.ZS,1.35340092777231,1.42271826266628,1.22606037500623,1.35914828971391,1.18498567200509,0.99347726940434,1.06368918933049,1.05491524008748,1.07821466643107,0.959223616732633,1.05718411107445,1.02799239773466,1.00365053167772,0.996011957182436,1.22163859453614,1.1578699303525,1.0099424587432,0.954568373473439,..,..
Low income,LIC,Current health expenditure (% of GDP),SH.XPD.CHEX.GD.ZS,4.99682832580543,5.17437707081454,4.92174655748283,5.32960451200602,5.01388500021463,4.73362056059944,4.82925824729282,5.21941424979671,5.3616290480557,5.36436866497133,5.46170399188976,5.30149881664979,4.96998694160487,4.70305605569211,5.13762484263869,5.05110072576691,4.78841593978919,4.57073764189418,..,..
Lower middle income,LMC,GDP per capita growth (annual %),NY.GDP.PCAP.KD.ZG,5.27733489682809,5.07154476441154,2.7299803510995,4.15531727838197,4.72954757678959,2.90528136123021,3.30567258813545,3.81982808278904,4.12220607805614,3.95084742578062,3.45160226052911,3.29774162959086,3.45419308120363,2.00945609250778,-5.501062831688,5.44455962162343,4.95053596702628,3.92410899722798,4.01364070640402,4.59818922400088
Lower middle income,LMC,GDP per capita (constant 2015 US$),NY.GDP.PCAP.KD,1266.02252397216,1330.22942300294,1366.54442487547,1423.32868147908,1490.64568864373,1533.95313999788,1584.66060846163,1645.19191940054,1713.01012069776,1780.68853695471,1842.15082274922,1902.90019731087,1968.63004426859,2008.18880063209,1897.7170729304,2001.03941041582,2100.10158614282,2182.51186143558,2270.11004592826,2374.49400143309
Lower middle income,LMC,"Unemployment, total (% of total labor force) (national estimate)",SL.UEM.TOTL.NE.ZS,..,..,..,..,3.59064887543892,..,4.15871565870344,..,..,..,..,..,7.17427147782814,6.06393908476029,7.34375954148576,6.55603616165212,5.04707973309725,4.27807049966663,4.29770235107696,..
Lower middle income,LMC,Domestic general government health expenditure (% of GDP),SH.XPD.GHED.GD.ZS,1.00567883173838,0.978767804254048,1.02751042231694,1.09457450443864,1.03732683856753,1.08600514048773,1.08940057121533,1.07422362874947,1.06104198103915,1.11816965734043,1.10904987872349,1.13776752821976,1.11790286605073,1.11899208981381,1.27209911599288,1.37926620696226,1.36770539866078,1.33610958107953,..,..
Lower middle income,LMC,Current health expenditure (% of GDP),SH.XPD.CHEX.GD.ZS,3.91302102912057,3.78929163140546,3.77536443674642,3.79798667938286,3.64208509880714,3.60403529832001,3.64643374357249,3.89626356066333,3.80382617102053,3.86464581268291,3.81467311129946,3.46049234761338,3.30145533860684,3.33951028832508,3.65820409052601,3.77322794793274,3.76829418731673,3.70808739985731,..,..
Luxembourg,LUX,GDP per capita growth (annual %),NY.GDP.PCAP.KD.ZG,4.33902205420004,6.4418869874232,-2.0685335435922,-5.01426169873878,1.88353964502777,-1.17681027678633,-0.762369570929096,0.814549354349651,0.232566751606214,-0.116861972397984,2.73979183520059,-1.11617956345307,-0.329837078615427,0.752175646219683,-2.15417448261604,5.31842935090185,-3.07197222288745,-1.90231135782022,-1.2100359658708,-0.820922037442116
Luxembourg,LUX,GDP per capita (constant 2015 US$),NY.GDP.PCAP.KD,105618.332853323,112422.146493735,110096.656683086,104576.122195434,106545.854916218,105292.012346074,104489.298083328,105340.41498623,105585.401767492,105462.012584423,108351.452194449,107142.05542835,106788.661202756,107591.899505248,105274.182260744,110873.115269021,107467.123965307,105422.764660192,104147.111291588,103292.144703636
Luxembourg,LUX,"Unemployment, total (% of total labor force) (national estimate)",SL.UEM.TOTL.NE.ZS,4.731,4.065,5.06,5.194,4.423,5.122,5.03,6.045,6.044,6.796,6.669,5.523,5.589,5.592,6.766,5.571,4.588,5.184,6.421,6.5
Luxembourg,LUX,Domestic general government health expenditure (% of GDP),SH.XPD.GHED.GD.ZS,5.56112909,5.25702858,5.46154928,6.02683735,5.72467899,4.96489,4.4276371,4.39057875,4.40729094,4.29385996,4.28179646,4.35383892,4.47836113,4.69412756,5.03816795,4.8814826,4.88470221,5.01267815,5.12085199,..
Luxembourg,LUX,Current health expenditure (% of GDP),SH.XPD.CHEX.GD.ZS,6.6364212,6.15803099,6.23101091,6.94993162,6.66263008,5.95225334,5.29404306,5.23557377,5.23040915,5.08113575,5.07103872,5.13535357,5.27355194,5.46640301,5.7671175,5.60806084,5.60926914,5.78777981,5.89136267,..
"Macao SAR, China",MAC,GDP per capita growth (annual %),NY.GDP.PCAP.KD.ZG,7.61914824490131,9.64668162095835,-0.393635324657993,2.37763323141643,24.6371741633376,18.8340221202044,5.6980527343963,6.28976356008269,-6.73432773895128,-24.3342148018188,-2.16245351057516,10.6136017665803,4.66426775869004,-4.36234107753577,-55.2935602758164,22.9825542159725,-18.3347299128809,74.9210250474262,6.56231424335874,4.83893143027348
"Macao SAR, China",MAC,GDP per capita (constant 2015 US$),NY.GDP.PCAP.KD,53240.2045750276,58376.1176047275,58146.3285846714,59528.8350159491,74195.0577762344,88168.9713699088,93192.885853941,99054.4980289716,92383.8434915276,69902.9605741233,68391.3415491921,75650.1261840452,79178.6506290559,75724.6078280261,33853.7761550109,41634.2386139903,34000.7134128308,59474.3964251614,63377.2932129214,66444.076973858
"Macao SAR, China",MAC,"Unemployment, total (% of total labor force) (national estimate)",SL.UEM.TOTL.NE.ZS,3.775,3.034,3.033,3.6,2.8,2.6,2,1.8,1.7,1.8,1.964,1.981,1.803,1.73,2.542,..,..,..,..,..
"Macao SAR, China",MAC,Domestic general government health expenditure (% of GDP),SH.XPD.GHED.GD.ZS,..,..,..,..,..,..,..,..,..,..,..,..,..,..,..,..,..,..,..,..
"Macao SAR, China",MAC,Current health expenditure (% of GDP),SH.XPD.CHEX.GD.ZS,..,..,..,..,..,..,..,..,..,..,..,..,..,..,..,..,..,..,..,..
Madagascar,MDG,GDP per capita growth (annual %),NY.GDP.PCAP.KD.ZG,2.34726337803239,2.65309950729227,3.62579150838536,-6.7569485520622,-2.26580252727942,-1.26548226968092,0.20064094160324,-0.444341802421619,0.605710119846222,0.445748708056158,1.31063593376801,1.26236994297058,0.542519018708518,1.73013722889858,-9.49182579621846,2.05115869903585,1.58457442932567,1.6960181482163,1.81300227228203,0.562138075333138
Madagascar,MDG,GDP per capita (constant 2015 US$),NY.GDP.PCAP.KD,461.540337897729,473.785462328449,490.963935389518,457.789754866068,447.417143030687,441.755158414121,442.641500123543,440.674658903628,443.343869908205,445.320069480568,451.15659433146,456.851859574031,459.330367799543,467.27741349648,422.924255422319,431.599103077746,438.438112102315,445.874102052267,453.957809653992,456.509679348005
Madagascar,MDG,"Unemployment, total (% of total labor force) (national estimate)",SL.UEM.TOTL.NE.ZS,..,..,..,..,4.278,..,0.599,..,..,1.785,..,..,..,..,..,..,3.186,..,..,..
Madagascar,MDG,Domestic general government health expenditure (% of GDP),SH.XPD.GHED.GD.ZS,1.89314044,1.90437353,1.41035628,1.30581379,1.86784148,1.67813444,1.48979211,1.30425918,1.74814212,1.99010992,2.37194586,2.24615121,1.49675477,0.68268955,0.68988532,0.74739987,0.89582229,0.98797482,..,..
Madagascar,MDG,Current health expenditure (% of GDP),SH.XPD.CHEX.GD.ZS,5.07203865,4.60865784,4.08111811,4.38469839,4.69762659,4.521595,3.91105914,3.75156307,4.46240282,5.0062542,5.33248854,4.80225945,4.22160387,3.10129309,3.72316122,3.55335546,3.14948058,3.42822957,..,..
Malawi,MWI,GDP per capita growth (annual %),NY.GDP.PCAP.KD.ZG,1.85481455109522,6.55134655734449,4.5585561584534,5.17234875360792,3.76961752338009,1.91798932347378,-0.983601161818072,2.46076368480048,2.70386402914775,0.00792518281976129,-0.256367435160101,1.22138049385239,1.60299745635619,2.9515101541935,-1.82835240679078,1.88076432929152,-1.63749399398691,-0.642220906290575,-0.912638164593119,-0.686849668516146
Malawi,MWI,GDP per capita (constant 2015 US$),NY.GDP.PCAP.KD,417.877689776503,445.254305419586,465.55147298007,489.631418790158,508.088650552846,517.833736624232,512.74031797451,525.357645516557,539.562601918057,539.605363240686,538.221990810959,544.795729220349,553.528790902088,569.866249371948,559.447086086067,569.968967322435,560.635759714941,557.03523965791,551.95152347056,548.160446261232
Malawi,MWI,"Unemployment, total (% of total labor force) (national estimate)",SL.UEM.TOTL.NE.ZS,..,..,..,..,..,1.736,..,4.978,..,..,..,3.77,..,..,0.907,..,..,..,15.406,..
Malawi,MWI,Domestic general government health expenditure (% of GDP),SH.XPD.GHED.GD.ZS,0.9437108,0.73458099,1.3674773,1.0557555,1.13196635,1.15239477,0.95642853,1.48205006,1.56810546,1.89914215,1.91101837,1.71919668,1.68875861,1.53329957,1.56224585,1.36146903,0.87697619,0.83762544,..,..
Malawi,MWI,Current health expenditure (% of GDP),SH.XPD.CHEX.GD.ZS,4.91223288,5.44258356,6.10668802,5.87333822,5.14304781,5.32226658,6.02199793,8.22379494,6.89776182,6.62879086,7.72703791,7.58438921,6.88249922,6.37021732,7.03859568,7.5164628,6.62527609,6.53459597,..,..
Malaysia,MYS,GDP per capita growth (annual %),NY.GDP.PCAP.KD.ZG,3.25940653936949,4.01330440274728,2.65806478779189,-3.45602642616269,5.43424070379723,3.46597439015295,3.69276569143121,2.91923259894287,4.20447757863825,3.28578556272301,2.62004557566016,3.96186564548185,3.07401779071937,2.75950122381441,-6.7093351308522,2.13146199778431,7.73357563754043,2.26723785284469,3.83035137439249,3.94303451852645
Malaysia,MYS,GDP per capita (constant 2015 US$),NY.GDP.PCAP.KD,7469.8106921211,7769.59693350488,7976.11785374773,7700.46111294033,8118.92270511981,8400.32248683558,8710.52671359902,8964.80724896203,9341.73055971278,9648.6797937523,9901.47960179812,10293.7629205362,10610.1950240479,10902.9834855856,10171.4657842762,10388.2667120857,11191.6511756943,11445.3925275079,11883.79127749,12352.373269671
Malaysia,MYS,"Unemployment, total (% of total labor force) (national estimate)",SL.UEM.TOTL.NE.ZS,..,3.227,3.341,3.694,3.252,3.055,3.035,3.113,2.883,3.1,3.4,3.36,3.3,3.3,4.5,4.6,3.9,..,..,..
Malaysia,MYS,Domestic general government health expenditure (% of GDP),SH.XPD.GHED.GD.ZS,1.67488027,1.62477779,1.59730816,1.81166101,1.67910564,1.76482272,1.86487269,1.89357972,2.03088164,2.03347373,1.88870478,1.92218649,1.92697287,2.00959897,2.17598939,2.45898366,1.97318363,1.97993755,..,..
Malaysia,MYS,Current health expenditure (% of GDP),SH.XPD.CHEX.GD.ZS,3.10897732,3.07041144,3.00692558,3.2610569,3.16474271,3.31451917,3.45786357,3.51276922,3.71036959,3.82201481,3.70085335,3.71472311,3.75944281,3.83991051,4.08254337,4.37438345,3.90037823,3.95760036,..,..
Maldives,MDV,GDP per capita growth (annual %),NY.GDP.PCAP.KD.ZG,20.7066430063115,3.62432861281428,5.18657527149283,-11.5265024869526,3.08074681818198,5.0911686527859,-1.08988000428648,3.43150186988382,4.32797689766733,0.341527920426657,2.73896015037067,3.57472677178792,5.16982903680598,3.71535274800274,-34.8311671109222,33.7685588624398,12.0990628027296,4.56618167112615,3.14046759606626,5.93419190830417
Maldives,MDV,GDP per capita (constant 2015 US$),NY.GDP.PCAP.KD,8620.72814678183,8933.17166363858,9396.49733610486,8313.4098369723,8569.52494600725,9005.81391375104,8907.66134868182,9213.32791442475,9612.07861806739,9644.90655028145,9909.07669723415,10263.2991147672,10793.8941325367,11194.9253748064,7295.60220956454,9759.2219360708,10939.9963271738,11439.5364342871,11798.791369146,12498.9542918516
Maldives,MDV,"Unemployment, total (% of total labor force) (national estimate)",SL.UEM.TOTL.NE.ZS,..,..,..,11.697,..,..,..,..,3.846,..,5.771,..,..,4.562,..,..,..,..,..,..
Maldives,MDV,Domestic general government health expenditure (% of GDP),SH.XPD.GHED.GD.ZS,2.95987701,3.91466451,6.397439,5.82381439,4.49513102,3.67702603,4.20904255,4.29976511,4.904356,6.23556709,7.37399292,6.51826191,5.63719177,5.87739515,9.15049744,5.88344622,5.57443285,7.29846859,..,..
Maldives,MDV,Current health expenditure (% of GDP),SH.XPD.CHEX.GD.ZS,8.04819012,8.30568123,11.47104168,10.0928812,8.48758984,7.92251587,8.67304802,8.15509319,7.91345072,8.68310642,10.23337078,9.14948273,7.2940383,7.50238085,11.43943214,8.85169506,7.4997015,9.24973583,..,..
Mali,MLI,GDP per capita growth (annual %),NY.GDP.PCAP.KD.ZG,0.343315236766117,-1.53137745711133,0.288268761584348,2.07458358714914,2.20222024826431,-0.338811372741219,-3.9193056742574,0.317423676450176,3.18909645735663,2.96620762301546,2.70047363998611,2.06891771151898,1.64097526437071,1.8782927302578,-4.10679845683099,-0.00652431025741862,0.62881217345263,1.69413019181073,1.97282059454264,2.58125250732783
Mali,MLI,GDP per capita (constant 2015 US$),NY.GDP.PCAP.KD,797.10053288464,784.893915013531,787.156518982091,803.486738930068,821.181286586904,818.399030997125,786.323471337187,788.819448208696,813.97566128646,838.11986940103,860.75307554569,878.561348378099,892.978322787306,909.751069706998,872.389426815267,872.332509422409,877.817842434642,892.689219532429,910.300376300627,933.797527588101
Mali,MLI,"Unemployment, total (% of total labor force) (national estimate)",SL.UEM.TOTL.NE.ZS,6.665,11.706,..,1.665,8.071,6.9,..,6.351,6.375,7.729,1.367,7.414,1.62,3.193,3.528,..,5.442,5.446,4.5,..
Mali,MLI,Domestic general government health expenditure (% of GDP),SH.XPD.GHED.GD.ZS,1.22405839,0.99671644,0.71373433,0.66568589,0.66893148,0.6047653,0.41352206,0.81583834,0.89173758,0.91927379,1.20876825,1.17751467,1.15118647,1.1192745,1.40269554,1.35538208,1.36568475,1.34937346,..,..
Mali,MLI,Current health expenditure (% of GDP),SH.XPD.CHEX.GD.ZS,5.4559021,5.2530427,5.02688074,5.21225691,4.67867136,4.01485014,3.7521801,3.96408582,4.48158312,4.11143351,3.77377558,3.67425752,3.73251104,3.82943797,3.50623369,3.54318666,3.72170115,3.81316996,..,..
Malta,MLT,GDP per capita growth (annual %),NY.GDP.PCAP.KD.ZG,1.96401854578517,4.67072002776783,3.73344898701311,-2.13584241113088,5.6770056257412,0.565202154513315,3.16977888017695,5.09582254051386,5.47839291832402,6.97062709797696,1.72282160938224,9.92374329605097,3.4685156198008,-0.0478839092805288,-5.62564948135554,12.7690777878809,0.0887619384696023,6.30394245289163,3.20663453457261,2.01451484227326
Malta,MLT,GDP per capita (constant 2015 US$),NY.GDP.PCAP.KD,18479.2043785147,19342.3162783941,20064.4517895547,19635.9067186725,20750.6382477568,20867.9213022084,21529.3882643778,22626.4876843887,23866.0555833557,25529.6693210673,25969.4999809345,28546.6464943104,29536.7913868949,29522.6480165028,27861.80732148,31419.5031714693,31447.3917315418,33429.8172092336,34501.7892727094,35196.832938458
Malta,MLT,"Unemployment, total (% of total labor force) (national estimate)",SL.UEM.TOTL.NE.ZS,6.798,6.472,5.977,6.896,6.861,6.388,6.203,6.115,5.737,5.389,4.694,4.008,3.956,4.08,4.856,3.754,3.471,3.479,3.199,3.1
Malta,MLT,Domestic general government health expenditure (% of GDP),SH.XPD.GHED.GD.ZS,6.05880404,5.46883106,5.0669446,5.12119102,5.10055399,5.36059618,5.41480064,5.6092701,5.47425842,5.29361916,5.48300409,5.22904444,5.1497612,5.55893612,6.57189322,6.41883278,6.09191847,5.83802271,..,..
Malta,MLT,Current health expenditure (% of GDP),SH.XPD.CHEX.GD.ZS,8.84659672,8.18593979,7.82490158,7.88854265,7.89857197,8.31816673,8.24921417,8.30319595,8.88463974,8.70199776,8.69928074,8.31366253,8.11269569,8.89282227,9.85403538,9.52782059,9.09105396,8.84301376,..,..
Marshall Islands,MHL,GDP per capita growth (annual %),NY.GDP.PCAP.KD.ZG,0.0102519719929859,3.60283982880377,-7.5574639701523,3.68716247105003,5.48848970412462,-0.239905288671963,-0.35386854623583,5.32061452634225,0.495281427303354,3.96521735177255,4.84812588584671,6.18444127953049,8.38496134170197,13.6597363046024,0.18904949035759,5.4661699940084,2.49567331790566,-2.34904444306297,6.82066577422408,5.85210372629017
Marshall Islands,MHL,GDP per capita (constant 2015 US$),NY.GDP.PCAP.KD,3285.12078781351,3403.47842798117,3146.26177205458,3262.26955535477,3441.31888402121,3433.06297801838,3420.91444796671,3602.92811901896,3620.77275283155,3764.34426229508,3946.8444109078,4190.93468589482,4542.34293916308,5162.81500670348,5172.57528216176,5455.31704015278,5591.46393193103,5460.11795915213,5832.53435602429,6173.86031641034
Marshall Islands,MHL,"Unemployment, total (% of total labor force) (national estimate)",SL.UEM.TOTL.NE.ZS,..,..,..,..,..,4.735,..,..,..,..,..,..,..,6.342,..,9.823,..,..,..,..
Marshall Islands,MHL,Domestic general government health expenditure (% of GDP),SH.XPD.GHED.GD.ZS,6.53017855,6.43916655,6.00590944,6.20014572,4.82439613,5.19275141,5.31435204,6.12644053,5.03771496,6.02202177,6.47250175,4.88437748,6.50871277,6.66548347,5.25280666,5.20669413,5.84753323,10.06006145,..,..
Marshall Islands,MHL,Current health expenditure (% of GDP),SH.XPD.CHEX.GD.ZS,22.29854774,16.82522392,18.97963715,18.7292881,17.73354912,11.35905361,11.66154385,12.13685322,12.04489326,14.78209972,14.62816238,12.02498436,14.46723938,14.98994541,12.12413406,12.49257088,13.60796833,13.40528965,..,..
Mauritania,MRT,GDP per capita growth (annual %),NY.GDP.PCAP.KD.ZG,15.4039449751116,-4.48587323087267,-3.15557607122382,-2.9856873273381,-0.603277353696114,0.84650929364669,1.11502443614368,0.93552130503231,1.18070234091525,2.25580164145644,-1.7297966805089,3.14237150374205,1.70257045496822,0.13930852413786,-3.22895410826938,-2.12417720362249,3.71273074182706,3.68749010988319,3.28552170889522,1.17779889655245
Mauritania,MRT,GDP per capita (constant 2015 US$),NY.GDP.PCAP.KD,1641.14052210995,1567.52103874761,1518.05671993749,1472.73229282851,1463.84763242531,1476.23923867862,1492.69966692583,1506.66419033006,1524.45340969502,1558.84205473416,1531.87725661699,1580.01453100123,1606.91539159026,1609.15396170643,1557.19511875153,1524.11753502309,1580.70391528747,1638.99221583023,1692.84166088843,1712.77993129076
Mauritania,MRT,"Unemployment, total (% of total labor force) (national estimate)",SL.UEM.TOTL.NE.ZS,..,..,..,..,..,..,9.864,..,..,..,..,10.336,..,10.416,..,..,..,..,..,..
Mauritania,MRT,Domestic general government health expenditure (% of GDP),SH.XPD.GHED.GD.ZS,0.67619681,0.76387841,0.8877672,0.87885523,0.73150158,0.74974972,0.89773965,1.08287692,1.25234473,1.41883922,1.19934916,1.23123157,0.91096455,1.10124004,1.00379241,1.49700129,1.70580709,1.48361778,..,..
Mauritania,MRT,Current health expenditure (% of GDP),SH.XPD.CHEX.GD.ZS,2.70252752,2.87644005,3.01338983,3.11034036,2.63618922,2.47383666,2.64919329,2.86799884,3.46724391,3.67363763,3.18699503,3.41947556,2.88362551,3.09176588,3.00147843,3.78022528,4.66962671,4.34333467,..,..
Mauritius,MUS,GDP per capita growth (annual %),NY.GDP.PCAP.KD.ZG,4.3775868209086,5.28311581104207,5.08235833519142,3.08941590518148,4.14867580867737,3.9789069685684,3.22396185289575,3.14746046384803,3.66990365786847,3.58042781630353,3.81440765602909,3.86072669871569,4.05992866276578,2.83079852696363,-14.1994012536253,3.31197751733502,8.66948184722258,5.86268595206461,5.19005192584659,3.32059861954176
Mauritius,MUS,GDP per capita (constant 2015 US$),NY.GDP.PCAP.KD,6819.92708580325,7180.23173197486,7545.15683789094,7778.25811331163,8100.95282599507,8423.28220250903,8694.84560747968,8968.51243536773,9297.64820128968,9630.5437837507,9997.89198315532,10383.8832682578,10805.4615213739,11111.3423669526,9533.5982796049,9849.34891121846,10703.2364271462,11330.7335655767,11918.8045212095,12314.5801796066
Mauritius,MUS,"Unemployment, total (% of total labor force) (national estimate)",SL.UEM.TOTL.NE.ZS,9.04,8.475,7.17,7.257,7.654,7.447,7.472,7.322,7.467,7.41,6.814,6.752,6.426,6.331,8.626,7.719,6.322,5.571,5.213,..
Mauritius,MUS,Domestic general government health expenditure (% of GDP),SH.XPD.GHED.GD.ZS,1.61826241,1.47311974,1.38968194,1.57988811,1.99484634,1.74817169,1.87548065,1.93168211,2.42503381,2.31317115,2.44510746,2.47479272,2.48200822,2.50442028,2.93306947,3.35773063,2.52426147,2.46710205,..,..
Mauritius,MUS,Current health expenditure (% of GDP),SH.XPD.CHEX.GD.ZS,3.60573649,3.52321672,3.93896508,4.17035627,4.51898289,4.25059652,4.21993399,4.620821,5.38024664,5.55042362,5.54289532,5.59857273,5.60310221,5.69508171,6.09606028,6.6160841,5.84209728,5.56544495,..,..
Mexico,MEX,GDP per capita growth (annual %),NY.GDP.PCAP.KD.ZG,3.39577676474912,0.650788705758472,-0.519889915451088,-7.65517174021555,3.47084287436401,1.99026327309548,2.15731830473833,-0.447810747405228,1.27091421020926,1.6097101105377,0.790955203187124,0.923425371780112,1.01136623366224,-1.33462177697962,-9.10287155806593,5.34306680540892,2.93163504610845,2.21143135142616,0.482180650417988,-0.26591634448161
Mexico,MEX,GDP per capita (constant 2015 US$),NY.GDP.PCAP.KD,9813.82804186659,9877.69532636562,9826.34218448486,9074.11881448129,9389.06722076504,9575.93437734618,9782.51776251839,9738.71059661101,9862.4812534745,10021.2386113616,10100.5021195819,10193.7727188313,10296.8690940459,10159.4448367696,9234.64362226594,9728.05680024504,10013.2479227064,10234.6840265651,10284.0336925726,10256.6867661121
Mexico,MEX,"Unemployment, total (% of total labor force) (national estimate)",SL.UEM.TOTL.NE.ZS,3.566,3.628,3.874,5.356,5.303,5.175,4.892,4.921,4.819,4.311,3.853,3.419,3.275,3.477,4.378,3.941,3.174,2.704,2.616,2.542
Mexico,MEX,Domestic general government health expenditure (% of GDP),SH.XPD.GHED.GD.ZS,2.31543756,2.41293502,2.50039554,2.72910881,2.75687551,2.79909682,2.87779689,2.9978776,2.78812504,2.88534904,2.76140785,2.68433452,2.59963799,2.60652828,3.20069051,2.94404602,2.96263528,2.67641234,..,..
Mexico,MEX,Current health expenditure (% of GDP),SH.XPD.CHEX.GD.ZS,5.40647888,5.50668049,5.44587374,5.84786463,5.4897337,5.30093002,5.42140484,5.5773263,5.35336781,5.52738619,5.38499022,5.3117938,5.23821402,5.3013463,6.05248594,5.87678003,5.70919704,5.50398684,..,..
"Micronesia, Fed. Sts.",FSM,GDP per capita growth (annual %),NY.GDP.PCAP.KD.ZG,0.201049259643597,-0.899914202895062,-1.6870200410321,2.21732101369363,2.1037928244549,3.62925834784508,-1.79451030307897,-3.90944028072801,-2.81129684982227,4.0787101496705,0.927224155763625,1.69615440576835,0.0155080252273621,3.29317692508138,-2.61687691868171,2.445766552558,-3.53756970750719,0.667659305636874,1.82218727310135,0.597667410706975
"Micronesia, Fed. Sts.",FSM,GDP per capita (constant 2015 US$),NY.GDP.PCAP.KD,2853.20713732847,2827.53072106163,2779.82971113098,2841.46745946079,2901.24604798215,3006.53976237006,2952.58709656817,2837.15746729135,2757.39654878889,2869.86276169101,2896.47282245468,2945.60147384462,2946.05827846428,3043.07718989012,2963.44360529022,3035.92251779232,2928.52464245951,2948.07720975276,3001.79669747008,3019.73745806654
"Micronesia, Fed. Sts.",FSM,"Unemployment, total (% of total labor force) (national estimate)",SL.UEM.TOTL.NE.ZS,..,..,..,..,..,..,..,..,8.863,..,..,..,..,..,..,..,..,..,..,..
"Micronesia, Fed. Sts.",FSM,Domestic general government health expenditure (% of GDP),SH.XPD.GHED.GD.ZS,1.07155871,1.02541602,1.59784043,0.99749589,1.21490371,1.89427388,1.40971768,1.55522645,2.0200696,1.89359462,2.00609899,1.53164423,1.40767145,1.74894965,1.7635082,1.15334094,1.55440867,1.83325839,..,..
"Micronesia, Fed. Sts.",FSM,Current health expenditure (% of GDP),SH.XPD.CHEX.GD.ZS,10.87018681,11.23334217,12.08326721,12.68854141,13.3306675,13.222826,12.39077377,12.21770954,11.83491802,12.62341213,13.33481121,12.40742493,11.93961334,11.87363148,11.98479271,11.37430477,12.62718964,12.88087559,..,..
"Middle East, North Africa, Afghanistan & Pakistan",MEA,GDP per capita growth (annual %),NY.GDP.PCAP.KD.ZG,3.46428801476092,2.75451918134952,1.94300223164741,-1.22853059312369,2.60728618376078,1.52697140309841,1.97002219417845,0.19668763546899,1.05765959461645,0.769254744026199,2.61313274873265,0.392186775879551,0.793973736056614,-0.108430427791035,-5.30250517107758,3.50154983313058,4.43975563340516,0.309531781719485,0.394120504907065,0.902149208958633
"Middle East, North Africa, Afghanistan & Pakistan",MEA,GDP per capita (constant 2015 US$),NY.GDP.PCAP.KD,4574.7429671738,4700.75513970204,4792.09091697074,4733.21861400545,4856.62716897561,4930.78647700097,5027.92406494544,5037.81336990196,5091.0962863676,5130.25978607342,5264.32028463837,5284.96625263466,5326.92749664004,5321.15148636731,5038.99715364181,5215.44015006661,5446.99294793607,5463.85312225795,5485.38728777077,5534.87366579572
"Middle East, North Africa, Afghanistan & Pakistan",MEA,"Unemployment, total (% of total labor force) (national estimate)",SL.UEM.TOTL.NE.ZS,7.17795465902688,6.82662157786462,6.24587123563109,6.60607704178384,6.8744257015309,7.25497818716284,7.99955816528937,7.59383663207344,7.55932636538062,7.83582436524475,7.4105015604302,..,7.21865096593822,6.95554915619972,7.80823506588111,7.82706080297865,..,..,..,..
"Middle East, North Africa, Afghanistan & Pakistan",MEA,Domestic general government health expenditure (% of GDP),SH.XPD.GHED.GD.ZS,2.05744181542938,2.04605850454234,1.99227297937036,2.49267077333425,2.28217094574528,2.28475969820031,2.30259129237453,2.47814231184452,2.80442011144146,3.04658287855424,3.24723249104779,3.17041296430542,2.92430171844637,2.99725367959035,3.55817860367008,3.37213559384377,2.96302595969994,3.28934894803615,..,..
"Middle East, North Africa, Afghanistan & Pakistan",MEA,Current health expenditure (% of GDP),SH.XPD.CHEX.GD.ZS,3.87579609177986,3.90618934253159,3.8081861160135,4.67066375396579,4.43365326155633,4.33294697262648,4.3794551193042,4.46996357196899,4.86419475945692,5.39206167782879,5.5934973747322,5.53176778499619,5.15567727107653,5.1896210992533,5.76977826855952,5.43385814903023,4.95650258720541,5.34256816818965,..,..
"Middle East, North Africa, Afghanistan & Pakistan (excluding high income)",MNA,GDP per capita growth (annual %),NY.GDP.PCAP.KD.ZG,3.03114425458226,3.5364271010537,1.25276421448586,0.588157631759898,2.58916335205174,-2.43549487284585,1.50106616098311,-0.787355063059366,0.525851959768602,-0.601384882987574,3.84829461792189,1.6816842383211,0.314341379714136,-0.39907077607802,-4.31298527755949,2.56573421195382,2.56623046300963,1.12206421514816,0.522275386145267,0.343268739466239
"Middle East, North Africa, Afghanistan & Pakistan (excluding high income)",MNA,GDP per capita (constant 2015 US$),NY.GDP.PCAP.KD,2644.58495698406,2738.10877611324,2772.41082301408,2788.71696885337,2860.92140660337,2791.2438124294,2833.14222876831,2810.83533998643,2825.61617270762,2808.6233441937,2916.70744518601,2965.75725456964,2975.07985684262,2963.20718256898,2835.4044930412,2908.15343616643,2982.78335555639,3016.25210020449,3032.00524250795,3042.41316868445
"Middle East, North Africa, Afghanistan & Pakistan (excluding high income)",MNA,"Unemployment, total (% of total labor force) (national estimate)",SL.UEM.TOTL.NE.ZS,7.25021328573985,6.91100638137542,6.43893681607351,6.71662878047951,7.03895996901844,7.37859209903129,8.26521678930651,7.85239309794955,7.83605133613722,8.29491010463038,8.03362856693895,..,..,7.54852245910618,8.26365189720737,8.31805088682382,..,..,..,..
"Middle East, North Africa, Afghanistan & Pakistan (excluding high income)",MNA,Domestic general government health expenditure (% of GDP),SH.XPD.GHED.GD.ZS,1.74048469594942,1.7765260427386,1.84580818401218,2.13390815610561,1.98703243056916,2.00741416176007,1.97734790784309,2.03584062058517,2.33149526396944,2.46512279147744,2.62239116526269,2.62331353614975,2.29345226629238,2.18301202916269,2.2078701325212,2.12628018127631,2.00669363757056,2.32074566020104,..,..
"Middle East, North Africa, Afghanistan & Pakistan (excluding high income)",MNA,Current health expenditure (% of GDP),SH.XPD.CHEX.GD.ZS,4.23725390950089,4.2538328012232,4.28692576684595,4.94460863665514,4.85191292434452,4.84205043541157,4.8843282269162,4.81302498140136,5.18003513164397,5.62863387745316,5.71464601732638,5.67607752617409,5.20807949308352,5.0585493281953,5.02169820555161,4.86962324861495,4.76580090349135,5.20467148839159,..,..
"Middle East, North Africa, Afghanistan & Pakistan (IDA & IBRD)",TMN,GDP per capita growth (annual %),NY.GDP.PCAP.KD.ZG,3.07451152392679,3.5513213953321,1.2329595101649,0.555447738317966,2.58589811860644,-2.49874708294988,1.48565183401644,-0.810846038108807,0.54901478012323,-0.617213179085795,3.82694829405483,1.69971272581245,0.326473050965774,-0.39382022336298,-4.24047625319255,2.55215368770129,2.57324290621594,1.15478640878561,0.702002887304801,0.335936580117107
"Middle East, North Africa, Afghanistan & Pakistan (IDA & IBRD)",TMN,GDP per capita (constant 2015 US$),NY.GDP.PCAP.KD,2645.26623060397,2739.2081362149,2772.98146343357,2788.38392625619,2860.48869374477,2789.01231595172,2830.4473285746,2807.49675855009,2822.91033070601,2805.48695611112,2912.85149131795,2962.3615987999,2972.03291109214,2960.32844444325,2834.79641974013,2907.14478110535,2981.95267795857,3016.38786220006,3037.56299208501,3047.76727731953
"Middle East, North Africa, Afghanistan & Pakistan (IDA & IBRD)",TMN,"Unemployment, total (% of total labor force) (national estimate)",SL.UEM.TOTL.NE.ZS,7.18895200433386,6.85274953472287,6.35254912409669,6.64155095539069,6.9581277089044,7.31538509376399,8.20117199025611,7.77219776031806,7.7610154906283,8.18946996039061,7.92558784849551,..,..,7.39159249584192,8.1187692536446,8.18544085362322,..,..,..,..
"Middle East, North Africa, Afghanistan & Pakistan (IDA & IBRD)",TMN,Domestic general government health expenditure (% of GDP),SH.XPD.GHED.GD.ZS,1.73222898649166,1.7685344747232,1.83667510737512,2.12518529338563,1.97923626432305,1.99987930576819,1.97147845991674,2.02746527126757,2.32548461508162,2.45996336270906,2.62205637793943,2.61840600897855,2.28859792061844,2.16893084259262,2.19225110903634,2.10595341512666,1.98945717472417,2.30134320292435,..,..
"Middle East, North Africa, Afghanistan & Pakistan (IDA & IBRD)",TMN,Current health expenditure (% of GDP),SH.XPD.CHEX.GD.ZS,4.2034458333815,4.22807173080052,4.25572460218105,4.91131600397517,4.8264868268497,4.80371708704723,4.85197336776885,4.77336009076482,5.1453069504503,5.5997806436791,5.6870687834071,5.6462920247448,5.169272983874,5.01925236702193,4.97184172980145,4.81678089647386,4.72120136862775,5.15422758089718,..,..
Middle income,MIC,GDP per capita growth (annual %),NY.GDP.PCAP.KD.ZG,6.89721550699329,7.53295109160061,4.62145767534805,2.67076962779267,6.77116331239394,5.12776195278828,4.31416292239368,4.31643919815595,3.86400180741549,3.50412437515068,3.49896351822166,4.11441470064922,3.82603227870828,3.04534597960439,-2.09977802467874,6.55056171359863,3.2282771988063,3.90854895831414,3.59614598545868,3.68244523665442
Middle income,MIC,GDP per capita (constant 2015 US$),NY.GDP.PCAP.KD,3031.32395605497,3259.67210709256,3410.31647387697,3501.39817047288,3738.48355881277,3930.18409635282,4099.73864141949,4276.70136715966,4441.95318528448,4597.60474958281,4758.47326248274,4954.25658592079,5143.80804206815,5300.45479347584,5189.15700851441,5529.07594077267,5707.56983867332,5930.65300014784,6143.92793992414,6370.17472169135
Middle income,MIC,"Unemployment, total (% of total labor force) (national estimate)",SL.UEM.TOTL.NE.ZS,..,..,..,4.58323156378054,4.13489788852327,4.44404355132665,4.30068856679858,4.46300725367075,4.56080458414967,..,5.34801013574513,..,6.27463300802597,6.01603636009857,6.89191935707786,6.43139993700786,5.24690307076549,..,..,..
Middle income,MIC,Domestic general government health expenditure (% of GDP),SH.XPD.GHED.GD.ZS,2.05731571294559,2.08690833727937,2.20943718815082,2.46267038674619,2.39533981884585,2.43738785278264,2.49554126199292,2.57937274575603,2.64910103770162,2.76826570269445,2.72771405814824,2.71690093805873,2.66678548811366,2.68114108276207,2.86687296450874,2.79743457241927,2.97648230864065,2.99625492987005,..,..
Middle income,MIC,Current health expenditure (% of GDP),SH.XPD.CHEX.GD.ZS,4.83729636424044,4.75457142674925,4.78582116115534,5.10056812058946,4.94256286227355,4.93509036393307,4.97597127249802,5.06149909495878,5.09334375903116,5.19569589239539,5.19550837017172,5.19589369215594,5.11566027081741,5.1803772620934,5.44087353600096,5.36138555879435,5.54976611197589,5.62455595449996,..,..
Moldova,MDA,GDP per capita growth (annual %),NY.GDP.PCAP.KD.ZG,5.09166801572276,3.238946835622,8.00539195483559,-5.88123771461969,7.20697461136707,5.87938512338968,-0.576700868382531,9.0730755766005,5.06366581042911,0.429158887977096,5.87017576429136,5.99041199822246,5.92036718190722,5.22280984962049,-7.26326976771907,15.6557976122015,-2.11552607964038,4.1058113116506,2.58624390238423,4.22916834786508
Moldova,MDA,GDP per capita (constant 2015 US$),NY.GDP.PCAP.KD,2017.17730062908,2082.51260097669,2249.22589719372,2116.94357544097,2269.51116145996,2402.94446306051,2389.08666147529,2605.85029986142,2737.80185056647,2749.55137054338,2910.95486872376,3085.33305844263,3267.9961042872,3438.67732670712,3188.91691602699,3688.16729442144,3610.14315344719,3758.3688194082,3855.56940382925,4018.62792468597
Moldova,MDA,"Unemployment, total (% of total labor force) (national estimate)",SL.UEM.TOTL.NE.ZS,4.26,2.749,2.097,3.024,2.972,2.677,2.189,1.894,1.45,1.781,1.591,1.622,1.239,1.502,1.206,0.794,0.909,1.57,1.427,1.279
Moldova,MDA,Domestic general government health expenditure (% of GDP),SH.XPD.GHED.GD.ZS,5.19462681,5.62990999,5.27913141,5.83283806,4.64634132,4.24517536,4.43541145,4.05499315,4.30888414,3.87085724,3.7185328,3.60770988,3.79154086,3.87679625,4.54034805,5.05644417,4.5151453,4.68608952,..,..
Moldova,MDA,Current health expenditure (% of GDP),SH.XPD.CHEX.GD.ZS,10.54445267,11.02066803,10.94920063,13.6766243,10.13112831,9.09670353,9.13962078,8.68300343,8.73206043,8.50013351,7.62106228,7.1278038,6.70760345,6.49662447,7.00484037,7.7490406,6.96505404,6.7359705,..,..
Monaco,MCO,GDP per capita growth (annual %),NY.GDP.PCAP.KD.ZG,6.32268952424462,15.2283004153469,0.750035773265338,-12.7834725197235,-0.393849531303786,4.5537743299959,-1.21400229828895,7.3019059415093,5.1665902777315,3.11510490897003,1.57423975069067,-4.23891093966274,4.37923997124996,7.24738037567747,-13.1045741376188,20.7188673661029,10.1116479795959,5.37628226810594,9.42342942977361,..
Monaco,MCO,GDP per capita (constant 2015 US$),NY.GDP.PCAP.KD,140615.112736683,162028.404533603,163243.675530457,142375.465128834,141814.720026733,148272.642343465,146472.609057682,157167.901201149,165288.122704322,170437.021128628,173120.108465128,165781.701248644,173041.679774743,185582.66851648,161262.850134167,194674.686164262,214359.505134575,225884.077199125,247170.10380708,..
Monaco,MCO,"Unemployment, total (% of total labor force) (national estimate)",SL.UEM.TOTL.NE.ZS,..,..,..,..,..,..,..,..,..,..,6.332,..,..,..,..,..,..,..,..,..
Monaco,MCO,Domestic general government health expenditure (% of GDP),SH.XPD.GHED.GD.ZS,3.47215104,3.05636287,3.28902793,3.93795872,4.037848,3.76148415,3.86657739,3.70988655,3.59680939,3.48859453,3.57075405,3.61485219,3.51253462,3.3414309,3.77197242,3.297261,2.93881845,2.67197466,..,..
Monaco,MCO,Current health expenditure (% of GDP),SH.XPD.CHEX.GD.ZS,4.29611254,3.81232905,4.08434391,4.84222221,4.9583292,4.63545036,4.75676775,4.57396126,4.4414835,4.31486797,4.1231184,4.16119528,4.04786777,3.87993813,4.28652716,3.67494631,3.39488029,3.11959291,..,..
Mongolia,MNG,GDP per capita growth (annual %),NY.GDP.PCAP.KD.ZG,7.25546356240756,8.77843828826261,7.19669912596376,-3.02646374326369,4.52004039651671,15.2830434931644,10.2081460867694,9.36487841658389,5.5513088464518,0.223539088154311,-0.547071462431205,3.6220070103727,5.75427016552706,3.67988421239794,-6.26542378289111,-0.0614212834574062,3.50307766866899,5.95952333228973,3.82045181254634,5.52100531357551
Mongolia,MNG,GDP per capita (constant 2015 US$),NY.GDP.PCAP.KD,2209.74321787628,2403.72416258662,2576.71295838607,2498.72967493254,2611.67326563924,3010.81642672623,3318.16496597089,3628.90708069575,3830.35892049593,3838.92126989984,3817.91962716702,3956.2049437134,4183.85566447661,4337.8167085432,4066.03410882791,4063.53669849245,4205.88554513551,4456.53627552726,4626.79609644243,4882.24175477532
Mongolia,MNG,"Unemployment, total (% of total labor force) (national estimate)",SL.UEM.TOTL.NE.ZS,7.193,7.193,5.565,5.86,6.549,4.769,3.905,4.231,4.798,4.861,7.235,6.359,5.377,9.024,6.413,7.871,5.954,5.178,5.812,..
Mongolia,MNG,Domestic general government health expenditure (% of GDP),SH.XPD.GHED.GD.ZS,2.49134016,2.88185477,3.21819425,3.10174918,2.44484329,2.13192797,2.34510446,2.28476501,2.40595388,2.4089644,2.56394386,2.2598424,2.09529591,2.11976218,2.56925178,4.2121501,3.11989594,2.72985005,..,..
Mongolia,MNG,Current health expenditure (% of GDP),SH.XPD.CHEX.GD.ZS,3.74971509,4.07522774,4.55693007,4.45980072,3.73945642,3.58612084,3.85800076,4.08932018,4.20989752,4.23154545,4.58008575,4.33954191,4.53449297,4.49497986,4.6662488,7.21042728,8.85170174,6.07207489,..,..
Montenegro,MNE,GDP per capita growth (annual %),NY.GDP.PCAP.KD.ZG,8.43155589607736,6.98968425407895,6.70904934455439,-6.19590190743681,2.58744435496348,3.25692677248162,-2.65570357284696,3.1920026066844,2.18041940678877,2.37419874424694,3.32318817615919,3.11297073146422,4.65668340285264,4.34144828521134,-14.970505034482,13.3242405343679,7.99214069071184,6.48895040768953,3.16476067540844,2.809847957069
Montenegro,MNE,GDP per capita (constant 2015 US$),NY.GDP.PCAP.KD,5386.53580727982,5763.03765244158,6149.68269228913,5768.65438505628,5917.91510729977,6110.65726880215,5948.37632539014,6138.24865275199,6272.08821761355,6421.00005731419,6634.38197201003,6840.90834101224,7159.46778433252,7470.29237568568,6351.95187949313,7198.3012265441,7773.59958791074,8278.02461006262,8540.00427762252,8779.9654133509
Montenegro,MNE,"Unemployment, total (% of total labor force) (national estimate)",SL.UEM.TOTL.NE.ZS,..,19.34,17.15,19.09,19.649,19.759,19.808,19.585,18.054,17.555,17.732,16.082,15.19,15.128,17.878,16.543,14.851,13.146,11.534,..
Montenegro,MNE,Domestic general government health expenditure (% of GDP),SH.XPD.GHED.GD.ZS,..,..,..,..,..,4.85758018,5.30493546,4.89767981,4.85656452,5.39562225,5.18993425,4.58153057,4.96868992,5.06746101,7.13466835,6.45562506,7.24657822,6.69406366,..,..
Montenegro,MNE,Current health expenditure (% of GDP),SH.XPD.CHEX.GD.ZS,..,..,..,..,..,7.96692181,8.29550457,8.47144604,8.00086784,9.02188778,8.63302994,7.98255396,8.34355545,8.32983208,11.42177582,10.55253506,10.19081783,9.6549921,..,..
Morocco,MAR,GDP per capita growth (annual %),NY.GDP.PCAP.KD.ZG,6.31205425044466,2.03302704420354,4.24978033517071,2.34392549842086,2.07976488720576,4.06561020586629,1.66384638357194,2.7578648778037,1.43852495314533,3.10634719191513,-0.693616602037565,3.78371209116371,1.91410663270995,1.81642055572905,-8.13866950405836,7.0606299574828,0.779078150413596,2.58793464682357,2.77494467917541,3.63054771517801
Morocco,MAR,GDP per capita (constant 2015 US$),NY.GDP.PCAP.KD,2489.99291992188,2540.615234375,2648.58569335938,2710.66650390625,2767.04223632813,2879.53930664063,2927.45043945313,3008.185546875,3051.458984375,3146.24780273438,3124.42504882813,3242.64428710938,3304.7119140625,3364.73950195313,3090.89428710938,3309.130859375,3334.91162109375,3421.21704101563,3516.15405273438,3643.8095703125
Morocco,MAR,"Unemployment, total (% of total labor force) (national estimate)",SL.UEM.TOTL.NE.ZS,9.668,9.56,9.566,8.96,9.09,8.912,8.99,9.233,9.7,9.46,9.3,..,..,..,..,12.3,11.79,..,..,..
Morocco,MAR,Domestic general government health expenditure (% of GDP),SH.XPD.GHED.GD.ZS,1.30186176,1.41620255,1.50152016,1.72093856,1.74102044,1.80912101,1.85334969,1.82751834,2.09785223,1.98215687,2.00518847,1.98112547,1.9875257,2.02342105,2.46551728,2.2556777,2.90570426,3.42813945,..,..
Morocco,MAR,Current health expenditure (% of GDP),SH.XPD.CHEX.GD.ZS,4.56586647,4.80759001,4.83789158,5.27312183,5.41861057,5.37019396,5.39619017,5.25540543,5.41626596,5.10435581,5.09203386,4.98920393,4.94516659,5.020401,5.78939486,5.45314503,5.75281,6.06396198,..,..
Mozambique,MOZ,GDP per capita growth (annual %),NY.GDP.PCAP.KD.ZG,7.35938789849386,5.11813481404295,4.27502296305138,3.21964861492762,3.86194568743883,4.19033881987379,4.93805479095479,3.53500457192386,4.62514159794316,4.32231286612486,1.67319789859388,-0.38371430909207,0.445674338631605,-0.646283515954551,-4.10527399484737,-0.606316436997986,1.33807617743051,2.43327226953775,-0.790637245811396,-3.3149717543654
Mozambique,MOZ,GDP per capita (constant 2015 US$),NY.GDP.PCAP.KD,420.526462764726,442.049574057751,460.94729485679,475.788178051193,494.162859074785,514.869957191994,540.2945177803,559.393953685688,585.266716133984,610.563774706589,620.779714954555,618.397694360334,621.153734194787,617.13932000195,591.804059985932,588.215854695416,596.086630918965,610.591041611538,605.763481416969,585.682593109736
Mozambique,MOZ,"Unemployment, total (% of total labor force) (national estimate)",SL.UEM.TOTL.NE.ZS,..,..,..,..,..,..,..,..,..,3.426,..,..,..,..,..,..,6.789,..,..,..
Mozambique,MOZ,Domestic general government health expenditure (% of GDP),SH.XPD.GHED.GD.ZS,1.14244211,1.17217517,1.20704949,1.2755909,1.24370587,1.25546241,1.23552883,1.49877322,1.71540534,1.78662503,1.7231313,1.73677838,1.7863487,1.8260498,2.3917768,2.28472924,2.28882098,2.249192,..,..
Mozambique,MOZ,Current health expenditure (% of GDP),SH.XPD.CHEX.GD.ZS,3.94559026,3.79955554,4.13496828,5.05562353,5.29249668,4.9217639,5.14035702,6.04556036,6.24013042,6.60972881,7.21501875,7.80532169,7.97903347,7.90207434,7.55190039,8.64841366,8.24868107,8.50126553,..,..
Myanmar,MMR,GDP per capita growth (annual %),NY.GDP.PCAP.KD.ZG,12.2555240244746,11.2004378218927,9.64981113277751,9.93736426370333,8.82058943535873,4.74658078594661,6.43324807639843,7.50873881521075,7.27568618509038,6.13960007817474,5.02652118853597,5.31957403505668,5.50179746363222,5.83309474734135,-9.69306034482335,-12.627100008178,3.32202841461704,0.255328677987336,-1.63760945284048,-2.63809868547972
Myanmar,MMR,GDP per capita (constant 2015 US$),NY.GDP.PCAP.KD,586.085579927418,651.729730890268,714.620419017338,785.634853157894,854.932478016035,895.512538750361,953.123081923425,1024.69060473254,1099.24387750099,1166.73305546337,1225.37913970989,1290.5640902569,1361.5683126412,1440.98988236734,1301.31386350667,1136.9956605414,1174.76697945755,1177.76649645563,1158.47928097728,1127.91745429427
Myanmar,MMR,"Unemployment, total (% of total labor force) (national estimate)",SL.UEM.TOTL.NE.ZS,..,..,..,..,..,..,..,..,3.868,0.766,..,1.356,0.767,0.407,1.476,..,..,..,..,..
Myanmar,MMR,Domestic general government health expenditure (% of GDP),SH.XPD.GHED.GD.ZS,0.27068752,0.20447917,0.17198935,0.18821332,0.19366041,0.23329397,0.41945723,0.58719838,1.00353265,1.1429708,0.66600835,0.6941902,0.67250752,0.60877246,0.71241319,0.91952342,0.49640557,0.49524543,..,..
Myanmar,MMR,Current health expenditure (% of GDP),SH.XPD.CHEX.GD.ZS,2.26559186,2.03606868,2.12175322,2.17283702,1.96793783,1.95077813,2.43605232,3.11112022,4.14940882,5.19711542,4.76220942,4.6921258,4.53514671,3.814466,4.27808714,5.53530645,4.49158478,4.45748425,..,..
Namibia,NAM,GDP per capita growth (annual %),NY.GDP.PCAP.KD.ZG,5.71286099626298,3.97963640998429,1.22288329166788,-1.16873879710282,4.40996877603639,3.30348908465837,2.74809367129893,2.90208375663774,3.35635017944713,1.53445826192009,-2.62833210419717,-3.69773452685817,-1.70342664632669,-3.57649160039189,-10.7372931134497,0.588992664401843,2.51308808227621,1.73954320359132,1.48261098927927,-0.331679377239283
Namibia,NAM,GDP per capita (constant 2015 US$),NY.GDP.PCAP.KD,3834.99894666178,3987.61796106565,4036.38187484707,3989.20711387651,4165.12990200988,4302.72451368462,4420.96741373862,4549.26759093897,4701.95694189098,4774.10650865775,4648.62713460213,4476.73324402105,4400.47537705743,4243.09274481966,3787.49943973286,3809.80753359714,3905.55135268164,3973.49010579998,4032.40150676649,4019.02686256106
Namibia,NAM,"Unemployment, total (% of total labor force) (national estimate)",SL.UEM.TOTL.NE.ZS,..,..,37.583,..,22.12,..,16.771,19.028,18.521,..,23.352,..,19.877,..,..,..,..,..,..,..
Namibia,NAM,Domestic general government health expenditure (% of GDP),SH.XPD.GHED.GD.ZS,5.04455662,5.38635349,4.89047384,4.31238842,4.88263464,5.12084961,4.80753613,5.20561123,5.00115061,5.39398766,5.76428509,5.34107399,5.16180658,5.26885462,6.51412964,6.51885366,5.80618477,5.54813719,..,..
Namibia,NAM,Current health expenditure (% of GDP),SH.XPD.CHEX.GD.ZS,11.30290031,11.41372871,10.67726994,9.90435314,10.62278938,10.86068344,10.20360184,10.08887577,8.4089098,9.98106289,9.32231045,8.71348476,8.62148285,8.85805798,9.56060219,10.19644737,9.6219883,9.48251629,..,..
Naoero,NRU,GDP per capita growth (annual %),NY.GDP.PCAP.KD.ZG,8.61282905726155,-21.9690489151566,20.1318813068238,-5.62156105786306,-0.268843970925019,14.0811226451365,22.3119628983076,1.6485827070359,13.4151871712962,1.4172709809001,2.30174554349074,-7.7882065342324,-2.16926114572559,7.51652861776262,1.08625303568498,7.14457374271909,-0.779594949580556,-1.33809920484673,0.837879377880469,1.4803088803083
Naoero,NRU,GDP per capita (constant 2015 US$),NY.GDP.PCAP.KD,5382.10161869099,4199.70508141733,5045.18472364491,4761.56658392323,4748.76539924078,5417.44487923767,6626.18317072945,6735.42128061862,7638.99065218892,7747.25584993607,7925.5779662048,7308.31758516515,7149.78109138393,7687.19643322519,7770.69883784016,8325.88214663427,8260.97398991108,8150.43396263948,8218.72476802021,8340.38728060931
Naoero,NRU,"Unemployment, total (% of total labor force) (national estimate)",SL.UEM.TOTL.NE.ZS,8.256,..,..,..,..,22.964,..,13.282,..,..,..,..,..,..,..,5.056,..,..,..,..
Naoero,NRU,Domestic general government health expenditure (% of GDP),SH.XPD.GHED.GD.ZS,10.87369251,16.81926155,12.60140991,6.32094669,7.59175539,5.67363787,4.0232172,5.35097265,6.16783905,8.4357338,9.87076759,8.42948341,9.77889729,10.3461647,9.88010979,9.41186619,15.94075489,15.23276997,..,..
Naoero,NRU,Current health expenditure (% of GDP),SH.XPD.CHEX.GD.ZS,12.41761494,24.23069,23.00409317,12.31576252,12.69640064,9.97123718,8.84148979,9.56899357,8.1214447,13.91331863,10.95251656,11.4886446,11.09015656,11.56155682,11.55650234,10.85399055,18.34229279,18.21076012,..,..
Nepal,NPL,GDP per capita growth (annual %),NY.GDP.PCAP.KD.ZG,2.36866119233534,2.55045520091535,5.31231494291112,3.82909610583356,4.16886489216166,2.96035780817019,4.40244630730626,3.31847430980025,5.69591211662627,3.4108030002933,-0.0405110299060141,8.76020605401564,7.36009731523734,5.40192160337149,-4.23182776858643,3.02971971240495,4.77665725235042,2.05405906693403,3.83018649177322,4.54686122541752
Nepal,NPL,GDP per capita (constant 2015 US$),NY.GDP.PCAP.KD,617.477638588722,633.226129136597,666.865095417138,692.400000816919,721.265221364302,742.617252662576,775.310578479839,801.039060847856,846.665541773599,875.543635474862,875.188943730855,951.857298563641,1021.91492204011,1077.11796498188,1031.53618783934,1062.7888430629,1113.55462341223,1136.4276931197,1179.95499311034,1233.60590916945
Nepal,NPL,"Unemployment, total (% of total labor force) (national estimate)",SL.UEM.TOTL.NE.ZS,..,..,1.378,..,..,..,..,..,..,3.1,..,10.66,..,..,..,..,..,..,..,..
Nepal,NPL,Domestic general government health expenditure (% of GDP),SH.XPD.GHED.GD.ZS,0.84708959,0.67827111,0.71121174,0.7965219,0.79064077,0.79661524,0.78674734,0.75677603,0.87364674,0.90927744,1.00771654,1.06542635,1.06721246,1.10283434,1.5651871,1.76734555,2.08633423,1.92793751,..,..
Nepal,NPL,Current health expenditure (% of GDP),SH.XPD.CHEX.GD.ZS,3.54402447,3.67297482,3.81756353,3.90179515,4.36131525,4.45220184,4.49078751,4.63012981,5.07549381,5.46615553,5.42378998,4.72174025,4.52845383,4.44524717,5.2080965,5.53498316,6.52950287,6.15843678,..,..
Netherlands,NLD,GDP per capita growth (annual %),NY.GDP.PCAP.KD.ZG,3.37113428384058,3.65969583887677,1.71998513111112,-4.15944424816443,0.80099304285595,1.29970857644341,-1.34358548841696,-0.32453861663322,1.24758527002837,1.66902244941207,1.8806480971239,2.17565329205816,1.6633486959666,1.63221248669214,-4.40056893380125,5.72194046869852,4.01097879214146,-1.57742254006001,0.420163692410952,1.25483261232941
Netherlands,NLD,GDP per capita (constant 2015 US$),NY.GDP.PCAP.KD,43841.0915818567,45445.542186196,46227.1987545514,44304.4041948677,44659.2793901474,45239.7198745589,44631.8855633239,44487.0378593394,45042.0515907444,45793.8135434697,46655.0340264754,47670.0858101833,48463.0055608731,49254.024789064,47086.5674755497,49780.8328352542,51777.5314828276,50960.7810305308,51174.8997297902,51817.0590609265
Netherlands,NLD,"Unemployment, total (% of total labor force) (national estimate)",SL.UEM.TOTL.NE.ZS,5.007,4.153,3.658,4.352,4.991,4.977,5.821,7.241,7.419,6.872,6.007,4.837,3.832,3.379,3.82,4.209,3.526,3.535,3.638,3.9
Netherlands,NLD,Domestic general government health expenditure (% of GDP),SH.XPD.GHED.GD.ZS,5.96329165,5.92894697,6.22847557,6.74306917,6.90660667,6.93690538,7.15750694,7.24735451,7.09314537,6.72993183,6.5336895,6.39186192,6.47488213,6.55726242,7.54755592,7.69962406,6.7939868,6.72162485,..,..
Netherlands,NLD,Current health expenditure (% of GDP),SH.XPD.CHEX.GD.ZS,9.03575516,9.00052166,9.21819305,9.90839005,10.09452248,10.14537811,10.45467281,10.50247383,10.45699596,10.18857956,9.89148426,9.93712521,9.85083961,9.93616295,10.94954681,11.13498974,10.03109169,9.83150005,10.00551128,..
New Caledonia,NCL,GDP per capita growth (annual %),NY.GDP.PCAP.KD.ZG,..,..,..,..,..,..,..,..,..,..,..,..,0.401770467057673,-1.42259824757296,-2.59576601107399,-2.4562945690604,2.8118576387978,1.82579914741807,-14.3184777138481,..
New Caledonia,NCL,GDP per capita (constant 2015 US$),NY.GDP.PCAP.KD,..,..,..,..,..,..,..,..,..,30858.7237060533,..,..,..,..,..,..,..,..,..,..
New Caledonia,NCL,"Unemployment, total (% of total labor force) (national estimate)",SL.UEM.TOTL.NE.ZS,..,..,..,13.967,..,..,..,..,14.591,..,..,11.676,11.702,10.88,13.558,..,10.71,10.151,..,..
New Caledonia,NCL,Domestic general government health expenditure (% of GDP),SH.XPD.GHED.GD.ZS,..,..,..,..,..,..,..,..,..,..,..,..,..,..,..,..,..,..,..,..
New Caledonia,NCL,Current health expenditure (% of GDP),SH.XPD.CHEX.GD.ZS,..,..,..,..,..,..,..,..,..,..,..,..,..,..,..,..,..,..,..,..
New Zealand,NZL,GDP per capita growth (annual %),NY.GDP.PCAP.KD.ZG,1.5292427792522,2.10661992432209,-1.86205389881211,-1.0346067631192,0.349983779394819,1.36863094989059,1.74325488763843,1.77980097200441,2.10912726740773,1.63906665013374,1.43938460571344,1.18008899640975,1.48792512472586,0.888801067116702,-2.24892070128274,4.04890442681972,3.40419502781879,-0.502371566531039,-2.55526584760841,-0.19182451888318
New Zealand,NZL,GDP per capita (constant 2015 US$),NY.GDP.PCAP.KD,35649.0258495224,36400.0153308952,35722.2274262581,35352.6428453692,35476.3713609154,35961.911959259,36588.819747177,37240.0279166822,38025.4674998632,38648.7302562109,39205.0341298225,39667.6884236272,40257.9139260803,40615.7266946543,39702.3112090418,41309.8198451344,42716.0866783034,42501.4932044968,41415.4670639187,41336.0220434801
New Zealand,NZL,"Unemployment, total (% of total labor force) (national estimate)",SL.UEM.TOTL.NE.ZS,3.852,3.606,4.039,5.867,6.209,6.035,6.487,5.842,5.43,5.409,5.147,4.737,4.331,4.112,4.603,3.797,3.316,3.768,4.763,5.26
New Zealand,NZL,Domestic general government health expenditure (% of GDP),SH.XPD.GHED.GD.ZS,6.67049885,6.60462475,6.73836803,7.1025281,7.0972805,7.16868782,7.22888708,6.95405483,6.9177103,6.57789135,6.4102993,6.40669823,6.23302364,6.2196641,6.86849403,7.10585737,8.65659904,7.86917591,..,..
New Zealand,NZL,Current health expenditure (% of GDP),SH.XPD.CHEX.GD.ZS,8.63846684,8.32899952,8.65133667,9.13566399,9.09511089,9.10748196,9.20243168,8.9393549,8.97204113,8.88920593,8.76869011,8.61795807,8.56966972,8.61898708,9.25240231,9.55072403,10.56814575,10.12947655,10.06186676,..
Nicaragua,NIC,GDP per capita growth (annual %),NY.GDP.PCAP.KD.ZG,2.67777444612834,3.57801456385216,1.96391791132177,-4.66051140515347,2.9388092403868,4.82579847166105,5.0120845551519,3.47943447123747,3.35791289379488,3.37914204919937,3.16650951067395,3.24691576299918,-4.62941675714166,-4.14856907147293,-3.4517971097024,9.13330612485078,2.22851395042827,3.00516001401436,2.19519595254721,3.55555975864928
Nicaragua,NIC,GDP per capita (constant 2015 US$),NY.GDP.PCAP.KD,1644.37193565251,1703.20780299405,1736.65740610408,1655.72028962416,1704.37875049059,1786.62863418308,1876.1759720149,1941.45628552626,2006.64869646533,2074.45620634731,2140.14405941606,2209.63273423213,2107.3396261623,2019.91518620044,1950.19181218473,2128.30880041334,2175.73845893874,2241.1228811163,2290.31991989418,2371.75361331026
Nicaragua,NIC,"Unemployment, total (% of total labor force) (national estimate)",SL.UEM.TOTL.NE.ZS,5.313,4.891,6.2,8.157,7.828,..,5.208,5.276,4.52,4.7,3.9,3.3,5.2,..,..,..,..,..,..,..
Nicaragua,NIC,Domestic general government health expenditure (% of GDP),SH.XPD.GHED.GD.ZS,2.86238265,3.15306878,3.19054222,3.81332731,3.55465937,3.53044653,3.74920559,3.86888838,4.15811014,4.46586037,4.65122414,4.85718918,5.17776585,5.2335391,5.29172993,6.05456924,5.17145538,4.76571131,..,..
Nicaragua,NIC,Current health expenditure (% of GDP),SH.XPD.CHEX.GD.ZS,6.35756445,6.95643044,7.16700697,7.68584394,7.71019173,7.44982004,7.48836899,7.63869238,7.97716141,7.96303272,8.04877567,8.32754421,8.4993515,8.50037098,8.55739307,9.54984856,8.97882748,8.29879284,..,..
Niger,NER,GDP per capita growth (annual %),NY.GDP.PCAP.KD.ZG,2.12703436992842,-0.585038841788489,3.81608288917157,-1.75785643451498,4.60766589552573,-1.38136228282855,6.45537638540985,1.43045373805732,2.77949866185601,0.604320140159473,0.519341979477275,1.84106184580625,3.26870208925641,2.56706453200282,1.06429267675003,-2.12237799775981,8.63112578820736,-0.691442852917362,4.82684088461107,3.61405715985865
Niger,NER,GDP per capita (constant 2015 US$),NY.GDP.PCAP.KD,415.852022114801,413.419126261066,429.195542798877,421.650901333136,441.079166112039,434.986264873953,463.066265496402,469.690214200878,482.74524741946,485.662574175279,488.184823801581,497.172608329608,513.423699765289,526.60361746086,532.208221196997,520.912751008043,565.873385794358,561.960694711722,589.085643279512,610.375535148154
Niger,NER,"Unemployment, total (% of total labor force) (national estimate)",SL.UEM.TOTL.NE.ZS,..,..,..,..,..,0.316,2.177,..,0.524,..,..,7.769,..,0.531,..,..,0.403,..,..,..
Niger,NER,Domestic general government health expenditure (% of GDP),SH.XPD.GHED.GD.ZS,2.05841017,1.50168717,1.55048525,1.5377779,1.31193817,1.27229619,1.03993595,1.34044802,1.27712584,1.11163116,1.10086405,1.88514483,1.76657593,2.02236509,2.31365919,2.12211633,1.5349741,0.97196257,..,..
Niger,NER,Current health expenditure (% of GDP),SH.XPD.CHEX.GD.ZS,5.99335575,5.43105888,5.24640608,5.33850145,4.96100473,4.87323856,4.30732679,4.46636009,4.45377159,5.34745932,4.53239059,5.57609606,5.30310822,5.66642094,6.17012262,5.81452751,4.34980488,4.04895782,..,..
Nigeria,NGA,GDP per capita growth (annual %),NY.GDP.PCAP.KD.ZG,3.17092810336581,3.67720698169809,3.83258898513756,5.06718321394524,5.02853779304908,2.39734841627433,1.37822146586619,3.81449207687274,3.53757268114983,0.0819795778135273,-4.01892534265532,-1.61585537269663,-0.406836852107517,-0.0100047582209584,-8.34242347890014,-0.988127022124459,2.15831409948197,1.17052189882124,1.92571054180995,1.89029058621935
Nigeria,NGA,GDP per capita (constant 2015 US$),NY.GDP.PCAP.KD,1949.15856804582,2020.83316299437,2098.2833922073,2204.60725603823,2315.46676509642,2370.97657091881,2403.65387896987,2495.34106573862,2583.61556958171,2585.73360671797,2481.81490350403,2441.71236404537,2431.77857832597,2431.53528475874,2228.68631426529,2206.66406255564,2254.29080414598,2280.67777167162,2324.59702394542,2368.53866265659
Nigeria,NGA,"Unemployment, total (% of total labor force) (national estimate)",SL.UEM.TOTL.NE.ZS,..,..,..,..,..,3.77,..,3.711,4.562,4.311,7.06,8.389,..,4.448,..,..,3.827,3.074,3.454,..
Nigeria,NGA,Domestic general government health expenditure (% of GDP),SH.XPD.GHED.GD.ZS,0.90186709,0.7786122,0.66059941,0.57001245,0.44847032,0.47937736,0.54436672,0.48927844,0.44593188,0.58907843,0.47496933,0.53266305,0.49754828,0.46980387,0.50597858,0.54102808,0.61952227,0.60093319,..,..
Nigeria,NGA,Current health expenditure (% of GDP),SH.XPD.CHEX.GD.ZS,4.25775146,3.90997243,3.69581532,3.5801971,3.29653287,3.32077932,3.35984254,3.4206934,3.34840417,3.58194995,3.64773679,3.74762511,3.09069347,2.98547053,3.38063431,4.07625723,4.21020174,4.19086456,..,..
North America,NAC,GDP per capita growth (annual %),NY.GDP.PCAP.KD.ZG,1.78328376842212,1.04070815749402,-0.774886611162046,-3.48013995362957,1.8318475584756,0.865490723577025,1.40176936827258,1.33391954595872,1.71567749484846,1.94842331238854,0.926338117760125,1.74379840481494,2.25847906214749,1.90533268356306,-2.77805867201248,5.92621538103285,1.97124885038085,1.80657555120456,1.53396052630106,1.55175297374161
North America,NAC,GDP per capita (constant 2015 US$),NY.GDP.PCAP.KD,52436.4017613233,52982.1116719497,52571.5603822929,50741.9965051822,51671.5125292842,52118.7246769571,52849.308994613,53554.2762571962,54473.0949224699,55534.4614029189,56048.8982873869,57026.2780816387,58314.2046320345,59425.2842320485,57774.414970072,61198.2512363301,62404.6210602795,63532.0076871763,64506.5636066642,65507.5461256891
North America,NAC,"Unemployment, total (% of total labor force) (national estimate)",SL.UEM.TOTL.NE.ZS,4.81614136114576,4.78243165759455,5.83652846325955,9.16994852137916,9.47758645184374,8.81021486444767,7.99988523073155,7.35357072187004,6.26365542726987,5.46508903395083,5.10654109174315,4.58167050671604,4.10775536945954,3.8903476204603,8.2305997250471,5.59099333088373,3.83242654523102,3.83764617455948,4.28949305736319,4.57520817552304
North America,NAC,Domestic general government health expenditure (% of GDP),SH.XPD.GHED.GD.ZS,6.78307980841002,6.88197809372515,7.17259835944832,7.84185930062656,7.88686210542714,7.86688806626965,7.82997261240313,7.850559026293,8.11290015950025,8.36798997010153,8.49557152710822,8.4587275281705,8.45074006281831,8.52841687572645,10.4739394286845,9.57337951838892,9.02222006315376,8.92355262477591,..,..
North America,NAC,Current health expenditure (% of GDP),SH.XPD.CHEX.GD.ZS,14.2400890781837,14.4131230082002,14.6732068470659,15.7240473001401,15.6638213345065,15.5487089109491,15.5556406990563,15.4083038846989,15.5964861391688,15.9595254847956,16.2685174509822,16.1950285381512,16.0821757314554,16.1332157315076,18.1206786891021,16.9616295072443,16.1044862524444,16.2910204736392,..,..
North Macedonia,MKD,GDP per capita growth (annual %),NY.GDP.PCAP.KD.ZG,5.71920223477417,7.08313931163076,6.08402471253315,0.287981674208055,4.02171749784563,2.81001401364465,-0.0653472343038857,3.30559670350297,3.90792755780767,4.13429050530651,3.1782257470099,1.48936718625188,3.40375411089484,4.61869501137757,-3.65436823824773,5.59213007924724,3.06193588427661,2.77356173391705,3.18889944421623,3.6831388072964
North Macedonia,MKD,GDP per capita (constant 2015 US$),NY.GDP.PCAP.KD,3866.74650622977,4140.63354809364,4392.5507164151,4405.20045750867,4582.36517512347,4711.13027870081,4708.05168535923,4863.68088666968,5053.75001236367,5262.68671928674,5429.94678358359,5510.81862920922,5698.39334484489,5961.58475399191,5743.72649424581,6064.92315120022,6250.62720952063,6423.99221393369,6628.84686594032,6872.99649733602
North Macedonia,MKD,"Unemployment, total (% of total labor force) (national estimate)",SL.UEM.TOTL.NE.ZS,36.392,35.231,33.93,32.351,33.135,31.502,31.096,29.017,28.215,26.395,24.312,22.857,21.208,17.414,16.575,15.801,14.476,13.174,12.265,11.531
North Macedonia,MKD,Domestic general government health expenditure (% of GDP),SH.XPD.GHED.GD.ZS,4.21515989,4.04007626,4.23244715,4.0919199,4.06657267,4.05699444,4.13496399,4.41111708,4.01871777,4.11930132,4.0607338,3.75674939,3.75730491,4.25745583,4.66986942,4.58688641,4.22148132,4.27594757,..,..
North Macedonia,MKD,Current health expenditure (% of GDP),SH.XPD.CHEX.GD.ZS,7.38314581,6.57065344,6.55317593,6.52846384,6.71369696,6.51887369,6.61468363,6.71928358,6.28993368,6.34227896,6.37943363,6.43909454,6.45699358,7.06654119,7.73212385,8.41851234,7.42164755,7.42730284,..,..
Northern Mariana Islands,MNP,GDP per capita growth (annual %),NY.GDP.PCAP.KD.ZG,-4.30544836131968,-3.92765941553607,-8.28281999633768,-14.854218227401,3.70912591649699,-6.54977616215164,1.51906574643922,3.60738653208077,5.33556203023453,4.71604040189382,31.097890849885,25.1775968489283,-18.0505598698509,-9.70326849241671,-28.1627780007682,6.19656514048702,18.9235637680801,..,..,..
Northern Mariana Islands,MNP,GDP per capita (constant 2015 US$),NY.GDP.PCAP.KD,20940.1619770428,20117.7037335229,18451.3905458787,15710.5807282039,16293.3059496259,15226.1308805108,15457.4258192247,16015.0349164338,16869.5270385638,17665.1007493109,23158.5744988538,28989.3470221339,23756.6075820248,21451.4401636511,15410.1186923944,16365.016735395,19461.8611129744,..,..,..
Northern Mariana Islands,MNP,"Unemployment, total (% of total labor force) (national estimate)",SL.UEM.TOTL.NE.ZS,..,..,..,..,11.174,..,..,..,..,..,..,..,..,..,..,..,..,..,..,..
Northern Mariana Islands,MNP,Domestic general government health expenditure (% of GDP),SH.XPD.GHED.GD.ZS,..,..,..,..,..,..,..,..,..,..,..,..,..,..,..,..,..,..,..,..
Northern Mariana Islands,MNP,Current health expenditure (% of GDP),SH.XPD.CHEX.GD.ZS,..,..,..,..,..,..,..,..,..,..,..,..,..,..,..,..,..,..,..,..
Norway,NOR,GDP per capita growth (annual %),NY.GDP.PCAP.KD.ZG,2.02226606740281,2.35569307941913,-0.425983914425387,-2.84626226842052,-0.245447645308644,0.0783883119236179,1.48225525787396,0.0557424221281622,0.950316555459452,1.03389677968102,0.403158160219562,1.84374931382847,0.445168753194665,0.787031849898966,-1.93959793141106,3.58770470380205,3.14953207512265,-0.783153604834723,0.464903814211155,0.390027440234192
Norway,NOR,GDP per capita (constant 2015 US$),NY.GDP.PCAP.KD,75428.8816534082,77205.7545984008,76876.8705028009,74688.7531445371,74505.4313586335,74563.8349085669,75669.0612719716,75711.2410395262,76430.7374974687,77220.9524311414,77532.2750022669,78961.7757906168,79313.2889434042,79937.5097885912,78387.0435023102,81199.3391492139,83756.7383805061,83100.7944645872,83487.1332276928,83812.7559563457
Norway,NOR,"Unemployment, total (% of total labor force) (national estimate)",SL.UEM.TOTL.NE.ZS,3.397,2.493,2.521,3.1,3.527,3.196,3.129,3.425,3.486,4.296,4.68,4.164,3.801,3.684,4.424,4.359,3.231,3.574,3.982,4.5
Norway,NOR,Domestic general government health expenditure (% of GDP),SH.XPD.GHED.GD.ZS,6.56923485,6.71009827,6.6593442,7.62671995,7.50110054,7.37413645,7.39225388,7.5452013,7.91735411,8.61125374,8.99088097,8.70770454,8.53639317,8.94719028,9.82099152,8.43056965,6.77605867,8.11916542,..,..
Norway,NOR,Current health expenditure (% of GDP),SH.XPD.CHEX.GD.ZS,7.8822999,8.01673985,7.91507673,9.03254128,8.8581152,8.73474026,8.72188568,8.87431335,9.28297901,10.06992245,10.53049755,10.22983646,9.96037865,10.43807507,11.42416382,9.8142643,7.90873051,9.42925453,..,..
Not classified,INX,GDP per capita growth (annual %),NY.GDP.PCAP.KD.ZG,..,..,..,..,..,..,..,..,..,..,..,..,..,..,..,..,..,..,..,..
Not classified,INX,GDP per capita (constant 2015 US$),NY.GDP.PCAP.KD,..,..,..,..,..,..,..,..,..,..,..,..,..,..,..,..,..,..,..,..
Not classified,INX,"Unemployment, total (% of total labor force) (national estimate)",SL.UEM.TOTL.NE.ZS,..,..,..,..,..,..,..,..,..,..,..,..,..,..,..,..,..,..,..,..
Not classified,INX,Domestic general government health expenditure (% of GDP),SH.XPD.GHED.GD.ZS,..,..,..,..,..,..,..,..,..,..,..,..,..,..,..,..,..,..,..,..
Not classified,INX,Current health expenditure (% of GDP),SH.XPD.CHEX.GD.ZS,..,..,..,..,..,..,..,..,..,..,..,..,..,..,..,..,..,..,..,..
OECD members,OED,GDP per capita growth (annual %),NY.GDP.PCAP.KD.ZG,2.31514729935438,1.91986482915692,-0.387696237916998,-4.09448508506959,2.27809290252907,1.3055785974355,0.777378602693261,1.02934089904029,1.61827330748035,1.89826680906103,1.21113178285266,2.00432730661259,1.77987448413401,1.25975589333113,-4.22683605904867,5.90338766727407,2.64885988874985,1.11062600058609,1.12779539475203,1.37692492529541
OECD members,OED,GDP per capita (constant 2015 US$),NY.GDP.PCAP.KD,33783.1305010851,34431.7209417636,34298.2304550223,32893.8945245987,33643.2480011289,34082.4870465138,34347.4370080791,34700.9892249754,35262.5460710348,35931.9232791311,36367.1062221549,37096.0220627904,37756.2846941147,38231.9217156517,36615.9210625073,38777.5008307701,39804.662496136,40246.7434272636,40700.644346174,41261.0616629323
OECD members,OED,"Unemployment, total (% of total labor force) (national estimate)",SL.UEM.TOTL.NE.ZS,6.17467870975247,5.84287073813686,6.16197047330742,8.33376537111778,8.51953383441114,8.12079777544945,8.10468017132491,8.00643873442158,7.41483745640204,6.86197486037388,6.43899823870029,5.91903680835928,5.47539229795603,5.38790769486574,7.13555066850909,6.18818200439958,4.98486346359998,4.81259123165349,4.8955403792141,4.96433771679891
OECD members,OED,Domestic general government health expenditure (% of GDP),SH.XPD.GHED.GD.ZS,6.32274817720676,6.35112654844411,6.59230288418634,7.23393111703295,7.18035914050683,7.29855363408148,7.31953473473422,7.29078464774443,7.42110315582127,7.56755106943506,7.6666814180654,7.62481080014402,7.6285519367348,7.74505060067424,9.08788313856656,8.73436167581784,8.28736374368165,7.9809394160855,..,..
OECD members,OED,Current health expenditure (% of GDP),SH.XPD.CHEX.GD.ZS,10.5093372979353,10.495500056792,10.6837776338085,11.6113608170527,11.503896043226,11.5438065151287,11.6841574374795,11.6697741582542,11.8205482293054,12.1745238016395,12.3269160204289,12.2777873812159,12.2402496018343,12.4211734066587,13.8142592838247,13.3476797525699,12.879026629589,12.7481642567741,..,..
Oman,OMN,GDP per capita growth (annual %),NY.GDP.PCAP.KD.ZG,2.38091766222423,2.71865852745317,6.61241844727729,3.68717578981379,-0.232906393185388,-7.78414520830087,-5.57202783891576,-2.64416002304453,-2.97274165335905,0.438450329868957,0.118553614303224,-2.93490377016138,-0.0452382355009746,-0.985733221362153,-1.91104857604375,3.08530454964595,2.73958764672784,-4.99392981588154,-2.8378759250854,-1.57439941297214
Oman,OMN,GDP per capita (constant 2015 US$),NY.GDP.PCAP.KD,20096.3965576134,20642.7489563377,22007.7338963517,22819.1977324647,22766.0503620721,20993.9079436935,19824.1215485946,19299.9400516869,18726.2026946971,18808.3077921839,18830.6057208608,18277.945563615,18269.6769435562,18089.586668488,17743.8858800477,18291.3387983888,18792.4460565306,17853.9644897801,17347.2911298513,17074.1754801364
Oman,OMN,"Unemployment, total (% of total labor force) (national estimate)",SL.UEM.TOTL.NE.ZS,..,..,4.142,..,..,..,..,..,..,..,3.266,1.677,1.8,2.765,2.94,1.9,3.291,..,3.3,..
Oman,OMN,Domestic general government health expenditure (% of GDP),SH.XPD.GHED.GD.ZS,1.62979662,1.71506763,1.38406205,2.00759625,2.04789329,1.82965529,1.88399208,2.19339776,2.82171035,3.6793406,3.75263762,3.5271337,2.77846813,3.33252549,4.56241417,3.84838724,2.62405968,2.97877407,..,..
Oman,OMN,Current health expenditure (% of GDP),SH.XPD.CHEX.GD.ZS,2.01985121,2.11371112,1.75567567,2.4694581,2.47588587,2.23611403,2.27702832,2.5054009,3.13740134,4.07826233,4.17580843,3.95418668,3.21469474,3.80648994,5.11922932,4.34468651,3.06614041,3.49047446,..,..
Other small states,OSS,GDP per capita growth (annual %),NY.GDP.PCAP.KD.ZG,4.98345299003233,4.19555500957283,-0.32497428334996,-6.22413231790385,1.34374399731789,2.25035005985768,0.132215061286928,-0.264237783788872,1.00405978907303,2.19705220642598,2.97547599299999,3.858229830418,3.11434808578828,2.99731395567453,-6.7922535010394,6.91866279847429,3.10703669830706,2.20929038752742,1.89668398744962,2.07003737946552
Other small states,OSS,GDP per capita (constant 2015 US$),NY.GDP.PCAP.KD,9957.08940870811,10374.8445722028,10341.1289954056,9697.48344356645,9827.79279523027,10048.9525362804,10062.238765035,10035.6505283227,10136.4144598495,10359.1167773921,10667.3498101902,11078.920682682,11423.9568368891,11766.3686894514,10967.167100197,11725.9484104048,12090.2779307406,12357.3872788898,12591.7678646757,12852.42216621
Other small states,OSS,"Unemployment, total (% of total labor force) (national estimate)",SL.UEM.TOTL.NE.ZS,..,8.44752328824361,..,..,..,..,..,..,..,..,9.61432651899672,..,..,..,..,8.53897683939907,..,..,..,..
Other small states,OSS,Domestic general government health expenditure (% of GDP),SH.XPD.GHED.GD.ZS,3.66040590082643,3.70106750093937,3.69448933486614,3.94370943385502,3.8392486715632,3.71309270952718,3.74585745708718,3.855573069961,3.93835398182368,4.12217530656975,4.26912087453388,4.24390435617397,4.28638079365355,4.52106946881389,5.6125123768671,5.62241114622171,5.20546624777699,5.35977150897621,..,..
Other small states,OSS,Current health expenditure (% of GDP),SH.XPD.CHEX.GD.ZS,5.64529796417207,5.62696569685637,5.82110256127692,6.27408924605597,6.12406786962523,5.90801111725504,5.90342502613536,6.09385663954399,6.27141528560604,6.48633061588213,6.60775642831068,6.54415954640416,6.55750420178123,6.714716174368,7.77577740218031,7.728701417386,7.17582559303325,7.34753280434449,..,..
Pacific island small states,PSS,GDP per capita growth (annual %),NY.GDP.PCAP.KD.ZG,1.26738973017393,-0.948094563948899,0.965068010672155,-1.45471635017645,2.3961061050241,2.43556875122617,-0.290129845276837,1.90614635789801,2.23159662114986,2.63039361468142,2.41733856697036,2.55215413551939,1.42957738701017,0.113780627669229,-11.1755907945831,-3.7316730396974,7.08879739911916,5.9122273758105,2.40155951036476,2.0751617057749
Pacific island small states,PSS,GDP per capita (constant 2015 US$),NY.GDP.PCAP.KD,3412.7724072437,3380.41609757067,3413.03941195594,3363.38936959225,3443.97974761278,3527.86024214419,3517.62486668208,3584.67594496285,3664.67145222981,3761.06673610832,3851.98445284976,3950.29303336273,4006.76552928832,4011.32445225678,3563.03524602951,3430.07442035851,3673.22544665674,3890.39488708922,3983.82503549085,4066.49584705243
Pacific island small states,PSS,"Unemployment, total (% of total labor force) (national estimate)",SL.UEM.TOTL.NE.ZS,..,..,..,5.8240732920823,..,..,..,..,..,..,..,..,..,..,..,..,..,..,..,..
Pacific island small states,PSS,Domestic general government health expenditure (% of GDP),SH.XPD.GHED.GD.ZS,3.14814055423016,3.12471147506114,2.83019546183587,2.83069825477376,2.78643518370728,2.64766310377332,2.66903400801821,2.6606893884829,2.67751375312695,2.78192463994504,2.80129649378666,2.78718599496546,3.05952506709696,3.28660971574479,3.61308975266693,3.77574159989938,3.74827271867775,3.61474633988735,..,..
Pacific island small states,PSS,Current health expenditure (% of GDP),SH.XPD.CHEX.GD.ZS,5.33048285382838,5.07771891321096,4.94591485067491,5.41534464195778,5.10669095945515,4.74186144111816,4.96505833115466,4.82076801491804,4.81329737515442,4.83425531288374,4.77558103291854,4.60693192379853,5.12276738282816,5.42352251906414,6.1970137718374,7.2314554256328,5.93224785401213,5.66259048949321,..,..
Pakistan,PAK,GDP per capita growth (annual %),NY.GDP.PCAP.KD.ZG,3.55533116774782,1.72148373910261,-0.577212099008804,0.87615081009595,-0.97547471765489,0.408754534144464,1.08227196914481,2.68232501000951,2.56600413102157,2.76648640710329,5.19506859858923,2.96623678403046,4.44201942237108,0.778096107046181,-3.03889328268374,4.52304565172781,2.96250287218002,-1.94543125066376,1.53732864763008,2.09334109987897
Pakistan,PAK,GDP per capita (constant 2015 US$),NY.GDP.PCAP.KD,1243.94142602543,1265.35567539842,1258.05188934452,1269.07432116444,1256.69482201323,1261.83161907857,1275.48806898966,1309.70080446386,1343.30778121043,1380.47020838317,1452.18658269177,1495.26187528032,1561.68169819559,1573.8330826937,1526.00597486307,1595.02792175422,1642.28066974826,1610.33122837537,1635.08731167091,1669.31526638503
Pakistan,PAK,"Unemployment, total (% of total labor force) (national estimate)",SL.UEM.TOTL.NE.ZS,0.582,0.398,0.423,0.535,0.653,0.796,3.667,2.954,1.827,3.566,2.285,..,4.083,4.83,6.74,6.338,..,..,..,6.957
Pakistan,PAK,Domestic general government health expenditure (% of GDP),SH.XPD.GHED.GD.ZS,0.4643316,0.45476291,0.40099064,0.51264632,0.52930099,0.45581207,0.61600071,0.63381839,0.60478491,0.686643,0.70141035,0.91277653,0.93618691,0.94332874,1.03975642,1.1115458,1.10770965,0.90008724,..,..
Pakistan,PAK,Current health expenditure (% of GDP),SH.XPD.CHEX.GD.ZS,2.73132491,2.62370729,2.56806731,2.49995875,2.42967653,2.23121333,2.22185278,2.4164784,2.48899078,2.49493265,2.57026362,2.7863009,2.82844949,2.84736943,2.95273018,2.99015832,2.90354776,2.51988316,..,..
Palau,PLW,GDP per capita growth (annual %),NY.GDP.PCAP.KD.ZG,1.38420723795385,2.20503496285033,-4.09772276958059,-4.69092656016056,-1.3765201785568,6.38434092348612,3.85953893783947,-0.739958291881621,3.81977562115456,8.23397021168624,1.51226764620245,-3.50276330541348,-0.428806096617578,0.390852393445343,-5.97571009429768,-11.8700599011258,-0.328362347418647,1.40557147391065,12.2085259096757,6.4789352268116
Palau,PLW,GDP per capita (constant 2015 US$),NY.GDP.PCAP.KD,14037.3706523634,14346.8995831129,13759.0034121669,13113.5786666921,12933.0676102142,13758.7587383152,14289.7833891839,14184.0449521037,14725.8436432778,15938.3652222848,16179.3959628749,15612.6700180498,15545.7219371676,15606.4827634374,14673.8845975778,12932.0857060233,12889.6216058288,13070.7944502154,14666.5457772703,15616.7817781904
Palau,PLW,"Unemployment, total (% of total labor force) (national estimate)",SL.UEM.TOTL.NE.ZS,..,..,..,..,..,..,..,..,1.357,..,..,..,..,..,0.765,..,..,2.091,..,..
Palau,PLW,Domestic general government health expenditure (% of GDP),SH.XPD.GHED.GD.ZS,3.63601208,3.40086675,3.04033828,3.99591303,4.15492439,4.29253674,4.82126188,5.48087215,5.56669378,4.94348574,5.23204374,5.65769434,6.05926895,7.04400301,6.88389778,7.58051348,7.71421003,6.6059494,..,..
Palau,PLW,Current health expenditure (% of GDP),SH.XPD.CHEX.GD.ZS,8.73999214,8.83709908,8.41378212,9.63057423,10.93099976,9.9432106,10.24609089,10.92691708,10.71111488,9.76325321,10.01226997,10.90419006,11.19109821,12.17405796,13.31541061,14.55276012,14.87842083,10.85468197,..,..
Panama,PAN,GDP per capita growth (annual %),NY.GDP.PCAP.KD.ZG,7.83919999384199,11.0968501218357,8.20927227088663,-0.205009313798783,4.19797204867427,9.94036229041117,7.70986507627907,4.48786634938627,2.83087707850027,3.46107387568399,2.77979910410548,3.94788150696994,2.19403437221415,1.47558922151505,-18.9420549753141,15.0694182618459,9.6415783290321,5.77264577478532,1.45499965207416,3.08080357716555
Panama,PAN,GDP per capita (constant 2015 US$),NY.GDP.PCAP.KD,8557.9801770364,9507.64641073854,10288.1549911493,10267.0633151993,10698.0717633911,11761.4988547604,12668.2945474105,13236.8306754449,13611.5490809559,14082.6548502728,14474.1243636349,15045.5456426827,15375.6500855703,15602.5315209709,12647.0914227279,14552.9345271768,15956.0671087873,16877.1543425646,17122.7168795289,17650.2341536614
Panama,PAN,"Unemployment, total (% of total labor force) (national estimate)",SL.UEM.TOTL.NE.ZS,9.111,6.783,..,5.105,5.832,3.922,3.714,3.732,4.444,4.402,4.843,5.461,5.313,6.409,18.548,10.293,8.281,6.678,8.607,8.306
Panama,PAN,Domestic general government health expenditure (% of GDP),SH.XPD.GHED.GD.ZS,4.06343699,4.85426235,4.55932522,4.64928007,4.65330553,4.23569298,3.90454745,4.07795286,4.23567915,4.21543312,4.33149529,4.41374683,4.40903568,4.61607218,5.54313087,5.07548141,4.75854683,4.26657534,..,..
Panama,PAN,Current health expenditure (% of GDP),SH.XPD.CHEX.GD.ZS,6.54604864,7.35227633,6.80452538,6.9857955,7.22332573,6.83196259,6.50450659,6.52210426,6.91532087,6.93698502,7.09378099,7.16492653,7.60132933,8.13541794,10.21630001,9.13571072,9.04578876,8.33022976,..,..
Papua New Guinea,PNG,GDP per capita growth (annual %),NY.GDP.PCAP.KD.ZG,2.1010623787835,4.47661413613285,-3.34540325323914,3.57848686707685,6.85231014831385,-1.79758471709076,1.78156409666185,1.05749757557005,10.6031750853758,3.8989789371627,2.91791021651957,1.08692627161339,-2.56991254975047,2.14824964998061,-5.20688760573694,-2.4695196729345,3.73575055211361,1.94734452245426,2.05244750391522,3.8092237087566
Papua New Guinea,PNG,GDP per capita (constant 2015 US$),NY.GDP.PCAP.KD,1915.2349405788,2000.9726186689,1934.03201558753,2003.24109727039,2140.50939027384,2102.03192060639,2139.48096660428,2162.10592595591,2391.3578028163,2484.5963398603,2557.09463030035,2584.8883636271,2518.45899317321,2572.56177967896,2438.61137922293,2378.3893914666,2467.24008628973,2515.28575096589,2566.91067057792,2664.69004042418
Papua New Guinea,PNG,"Unemployment, total (% of total labor force) (national estimate)",SL.UEM.TOTL.NE.ZS,..,..,..,..,2.002,2.624,..,..,..,..,..,..,..,..,..,..,2.689,..,..,..
Papua New Guinea,PNG,Domestic general government health expenditure (% of GDP),SH.XPD.GHED.GD.ZS,1.62889814,1.63440716,1.51408112,1.55684996,1.30032146,1.49705744,1.82221472,1.98455942,2.02066565,1.37782788,1.67796266,1.68148077,1.61519086,1.3562634,1.58207059,1.16997361,1.52998793,2.10291815,..,..
Papua New Guinea,PNG,Current health expenditure (% of GDP),SH.XPD.CHEX.GD.ZS,2.42600322,2.42102122,2.13526058,2.32937527,2.10756016,2.29397798,2.66693544,2.99727893,3.27119064,1.81881714,2.33063054,2.22970986,2.30051899,2.3253386,2.30193973,2.33994722,2.61463141,2.87081432,..,..
Paraguay,PRY,GDP per capita growth (annual %),NY.GDP.PCAP.KD.ZG,3.72097911920059,4.39311756937708,5.46828018339494,-1.27522707842539,9.80314731436218,2.91154988835602,-2.09516519055065,6.74651223749345,3.78558222389611,1.4645236194643,2.76597250767641,3.32962942297075,1.77964425718002,-1.74219112718859,-2.15166731600608,2.74305750115238,-1.15611486582868,3.99853693606273,3.38506241850276,5.36644048728706
Paraguay,PRY,GDP per capita (constant 2015 US$),NY.GDP.PCAP.KD,4349.31197066182,4540.38235899198,4788.6631877791,4727.59685811395,5191.05014254402,5342.19015717376,5230.26244858764,5583.12274473463,5794.4764468976,5879.33792308671,6041.95879367268,6243.13363139058,6354.2392005297,6243.53620897773,6109.19608100615,6276.7748423663,6204.20811531911,6452.28566840034,6670.6995656958,7028.67868797458
Paraguay,PRY,"Unemployment, total (% of total labor force) (national estimate)",SL.UEM.TOTL.NE.ZS,5.277,4.713,4.415,5.46,4.569,4.67,4.085,4.385,5.034,4.556,5.255,6.138,6.217,6.595,7.548,7.329,6.762,5.801,5.694,4.634
Paraguay,PRY,Domestic general government health expenditure (% of GDP),SH.XPD.GHED.GD.ZS,1.76220965,1.73575354,1.62055254,2.12176824,2.1311543,2.46140838,3.03290367,2.6527679,3.16169024,3.1565783,3.14797997,3.02672791,3.02979112,3.31885815,4.13318157,4.46610212,4.08453465,4.63161516,..,..
Paraguay,PRY,Current health expenditure (% of GDP),SH.XPD.CHEX.GD.ZS,5.01927567,5.02042723,5.03776026,5.52496862,5.46593952,5.82225847,6.53144598,6.0642848,6.62719059,6.69165802,6.67556572,6.60902548,6.74497652,7.16081905,7.67533064,8.03277016,7.73537827,8.35731316,..,..
Peru,PER,GDP per capita growth (annual %),NY.GDP.PCAP.KD.ZG,6.68113849738523,7.73406209571857,8.4109066563893,0.473893281807491,7.6277436246787,5.53595626254707,5.25513020005759,4.90271487934022,1.36938882425959,2.09361990664132,2.57623039728159,1.01943141648242,2.1018453903506,0.502286291227506,-11.989123385761,12.3312441776109,1.83669886064575,-1.44059214201185,2.38920778551881,2.35722027667993
Peru,PER,GDP per capita (constant 2015 US$),NY.GDP.PCAP.KD,4091.36268615581,4407.79121686416,4778.52642172313,4801.17153740507,5167.39259325937,5453.45718713631,5740.04346272472,6021.46142765232,6103.91864749969,6231.71150338894,6392.25474941014,6457.41940254721,6593.14437459526,6626.26083494969,5831.83024758521,6550.96747543872,6671.28902042137,6575.18295502228,6732.27773809578,6890.97235402058
Peru,PER,"Unemployment, total (% of total labor force) (national estimate)",SL.UEM.TOTL.NE.ZS,4.172,4.078,4.025,3.964,3.595,3.477,3.238,3.575,3.208,3.272,3.741,3.691,3.492,3.379,7.179,5.097,4.003,4.569,4.858,4.319
Peru,PER,Domestic general government health expenditure (% of GDP),SH.XPD.GHED.GD.ZS,2.21617079,2.15428376,2.17900085,2.49783754,2.44220233,2.30443978,2.48199081,2.64289999,2.93914938,3.00291657,3.04029965,3.01707554,3.15358686,3.24168658,4.34886456,4.46130276,3.91114283,3.58431911,..,..
Peru,PER,Current health expenditure (% of GDP),SH.XPD.CHEX.GD.ZS,4.409585,4.42611313,4.53098345,4.95976877,4.70582962,4.52216864,4.72939587,4.71272659,4.90967321,4.90453625,4.89353323,4.80915499,5.0835557,5.12525272,6.34739399,6.67309427,6.0974617,5.63786411,..,..
Philippines,PHL,GDP per capita growth (annual %),NY.GDP.PCAP.KD.ZG,3.55972238279863,4.68750495300476,2.51657128580275,-0.362955289837316,5.15869430276467,1.83760514144211,4.8407653397621,4.76266633818079,4.61514068278228,4.7872505574235,5.7212148588973,5.56223020665776,5.03429067114457,4.83577546655691,-10.5488615065624,4.76163916254069,6.76595410569132,4.66769736272362,4.84555466042104,3.55914007476458
Philippines,PHL,GDP per capita (constant 2015 US$),NY.GDP.PCAP.KD,2110.42044781284,2209.34651083329,2264.9462907288,2256.72554835463,2373.14312064664,2416.75212064542,2533.74141964959,2654.41506933978,2776.92005909479,2909.85818010301,3076.3374186759,3247.4503878362,3410.93647976109,3575.88170922922,3198.66690008413,3350.97587587776,3577.70136573244,3744.69763802686,3926.14900894495,4065.88615171728
Philippines,PHL,"Unemployment, total (% of total labor force) (national estimate)",SL.UEM.TOTL.NE.ZS,4.052,3.434,3.72,3.858,3.605,3.592,3.504,3.497,3.6,3.068,2.695,2.552,2.338,2.237,2.522,3.398,2.598,2.409,..,..
Philippines,PHL,Domestic general government health expenditure (% of GDP),SH.XPD.GHED.GD.ZS,1.21229136,1.1753726,1.16428423,1.27640796,1.31791425,1.06190181,1.09802592,1.1204468,1.26327145,1.46860588,1.47373402,1.48271859,1.53632784,1.69175851,2.33325934,2.6710124,2.3236084,2.16258121,..,..
Philippines,PHL,Current health expenditure (% of GDP),SH.XPD.CHEX.GD.ZS,3.77762938,3.75318074,3.86315918,4.16451931,4.13107872,4.02518559,4.17709208,4.27408695,3.70313668,3.8982749,3.95484328,3.96042776,3.9538188,4.16646004,5.16214037,5.97500563,5.15588379,5.10122538,..,..
Poland,POL,GDP per capita growth (annual %),NY.GDP.PCAP.KD.ZG,6.26942932351373,6.81843988104569,4.36953645222033,2.54561682473884,3.46400853867873,5.19888222323388,1.51202436704637,0.745031977271424,3.99831832124629,4.50138467634895,3.07547528252388,5.13933542172569,6.24607110540019,4.60600727341085,-0.861202002378917,8.47171799983406,5.7122759744731,0.616853101336787,3.38947422901255,3.92342277811697
Poland,POL,GDP per capita (constant 2015 US$),NY.GDP.PCAP.KD,9137.65850849801,9760.7042604352,10187.2017910883,10446.5289138524,10808.3975674238,11370.313427173,11542.2353368014,11628.2286809525,12093.1622787394,12637.5220324406,13026.1858988718,13695.6452848724,14551.0850277089,15221.3090624454,15090.2228440113,16368.6239689025,17303.64494323,17410.3830137066,18000.5034591285,18706.7393120197
Poland,POL,"Unemployment, total (% of total labor force) (national estimate)",SL.UEM.TOTL.NE.ZS,13.794,9.551,7.069,8.131,9.578,9.576,10.031,10.293,8.971,7.475,6.141,4.867,3.835,3.267,3.155,3.268,2.811,2.743,2.807,3.018
Poland,POL,Domestic general government health expenditure (% of GDP),SH.XPD.GHED.GD.ZS,3.98788857,4.08632708,4.52287197,4.71393776,4.59161377,4.43579817,4.34928942,4.53399515,4.46929932,4.41299105,4.49414158,4.4990406,4.44357109,4.56083679,4.62092304,4.58968067,4.77248859,5.50431299,..,..
Poland,POL,Current health expenditure (% of GDP),SH.XPD.CHEX.GD.ZS,5.78148365,5.86390114,6.35196781,6.57037735,6.43533468,6.24533606,6.22854042,6.44993687,6.39059496,6.36490345,6.5470438,6.53713226,6.25094128,6.38906956,6.42739105,6.3654809,6.46619797,7.13848782,8.06380177,..
Portugal,PRT,GDP per capita growth (annual %),NY.GDP.PCAP.KD.ZG,1.44193756415369,2.30555184529184,0.174699975144293,-3.21438882343172,1.69092747575826,-1.56885655182528,-3.66111452137058,-0.439198387971658,1.28604644379557,2.01139554784055,2.32643063621838,3.56700126187077,3.11123658697107,2.72130207848775,-8.30107079726919,4.89913107175563,6.24247031136021,1.69803392754639,1.10107472414329,0.825647953518541
Portugal,PRT,GDP per capita (constant 2015 US$),NY.GDP.PCAP.KD,19529.3122100477,19979.5706280792,20014.4749330004,19371.1318876855,19698.6836791397,19389.6395896162,18679.7626789594,18597.7214623964,18836.8967978906,19215.7813014347,19662.82312462,20364.1962735946,20997.7745987013,21569.1874752919,19778.7139525722,20747.6990734163,22042.8680283647,22417.1634060906,22663.993126225,22851.1179216572
Portugal,PRT,"Unemployment, total (% of total labor force) (national estimate)",SL.UEM.TOTL.NE.ZS,7.649,7.965,7.553,9.432,10.771,12.715,15.509,16.237,13.88,12.405,11.058,8.878,6.966,6.422,6.85,6.712,6.138,6.498,6.427,6
Portugal,PRT,Domestic general government health expenditure (% of GDP),SH.XPD.GHED.GD.ZS,5.93430281,5.80185938,5.98957777,6.46387529,6.66389227,6.26895714,5.90736532,5.8519187,5.76389647,5.75569677,5.78788328,5.70213747,5.76187086,5.77892017,6.75691032,7.00375891,6.57459879,6.16079521,..,..
Portugal,PRT,Current health expenditure (% of GDP),SH.XPD.CHEX.GD.ZS,9.35422611,9.25186634,9.58307838,10.13070393,10.01858425,9.71847439,9.64000225,9.39476109,9.33570766,9.33309937,9.39989281,9.32668972,9.42121029,9.50868607,10.52074051,11.22031498,10.5492239,10.02761173,10.24061108,..
Post-demographic dividend,PST,GDP per capita growth (annual %),NY.GDP.PCAP.KD.ZG,2.39420453623949,1.98920739972411,-0.240181992982215,-3.88653312317003,2.422080657546,1.32874901651536,0.829081223431729,1.12895567478748,1.65031417737984,1.80428396077887,1.33779657613209,2.09128253595492,1.9244621066143,1.47534405982735,-4.21976367302902,5.8609240858503,2.78285200232402,1.44704815714023,1.144812486367,1.26536842789299
Post-demographic dividend,PST,GDP per capita (constant 2015 US$),NY.GDP.PCAP.KD,38248.3840891561,39009.2237757324,38915.530644621,37403.0656560604,38308.9980746451,38818.0285097988,39139.8614954799,39581.7331829371,40234.9561373078,40960.9089975197,41508.8826356411,42376.9506490702,43192.4790062502,43829.7166795611,41980.2062171255,44440.6342345946,45677.3513142375,46338.3245846606,46868.8115104791,47461.8746538614
Post-demographic dividend,PST,"Unemployment, total (% of total labor force) (national estimate)",SL.UEM.TOTL.NE.ZS,5.92863018910576,5.51100726346917,5.84566140147939,8.06879528719523,8.2965723298406,8.00715225057478,8.06569081457765,7.9610656961239,7.41270166349327,6.83924440053264,6.41169258105215,5.85092236162173,5.29516232582481,4.96857819618699,6.77410944478169,5.83680011492498,4.54893858630096,4.48574375900591,4.63850101648931,4.80017192231854
Post-demographic dividend,PST,Domestic general government health expenditure (% of GDP),SH.XPD.GHED.GD.ZS,6.50159354559618,6.53343087539358,6.77454586589811,7.41092325399218,7.38533166897008,7.52374966468294,7.55332390513814,7.53204854519355,7.68777478511607,7.8449605091301,7.93111318803389,7.89118453947767,7.88618936996616,8.00620014941442,9.39928803219784,9.03372699670983,8.60828304588228,8.30090498763526,..,..
Post-demographic dividend,PST,Current health expenditure (% of GDP),SH.XPD.CHEX.GD.ZS,10.7958053531346,10.7894134126757,10.9854157673289,11.9123575506818,11.8537726315645,11.9215533048365,12.0788972416958,12.0801687556932,12.258806041528,12.634560585286,12.7673383078772,12.7218325700641,12.6670155832595,12.8535591912068,14.2949863720896,13.8191271530333,13.3792653984044,13.2802047482968,..,..
Pre-demographic dividend,PRE,GDP per capita growth (annual %),NY.GDP.PCAP.KD.ZG,3.2197060805802,3.21795771667877,3.37153862287427,1.75362259488523,3.5835100196397,1.12662776547727,1.26482730871389,2.99996930024524,2.15977907162845,0.186647706628634,-0.328829379809619,-1.13683243441635,-0.130221835116444,0.405960268306643,-6.67938111777654,-0.333938014468615,2.02852918182184,-0.11984776549248,0.738066866097228,0.988539233489561
Pre-demographic dividend,PRE,GDP per capita (constant 2015 US$),NY.GDP.PCAP.KD,1256.95120061394,1297.39935876899,1341.14167924281,1364.66024275943,1413.56297929276,1429.48857229998,1447.56913413737,1490.99576376132,1523.1979782259,1526.04099231967,1521.02292118899,1503.731439286,1501.77325261054,1507.8698553362,1407.15348093823,1402.45446054346,1430.90365853734,1429.18875247624,1439.73712111225,1453.96948741356
Pre-demographic dividend,PRE,"Unemployment, total (% of total labor force) (national estimate)",SL.UEM.TOTL.NE.ZS,..,..,..,..,..,..,..,..,..,..,..,..,..,..,..,..,..,..,..,..
Pre-demographic dividend,PRE,Domestic general government health expenditure (% of GDP),SH.XPD.GHED.GD.ZS,1.1098646068143,1.16221888731569,1.21509655157181,1.3010005928286,1.0742176585275,1.04611145568341,0.895255937325329,0.899376320294225,0.868548760941379,0.861249489326385,1.14238029257986,1.05975794599454,1.07845446327704,1.01737299271369,1.18348966217402,1.20553528688704,1.15034903556015,1.2461001788271,..,..
Pre-demographic dividend,PRE,Current health expenditure (% of GDP),SH.XPD.CHEX.GD.ZS,4.13419864704944,4.09526656318605,3.90027822565252,4.20385568068411,3.8072537450495,3.66315795993992,3.5416209311239,3.69229821378473,3.65823787774783,3.91772288916207,4.2617800637483,4.12276237631874,3.81082544391844,3.73939509311386,4.26285451464358,4.48162396880743,4.30013886782727,4.47173885631823,..,..
Puerto Rico (US),PRI,GDP per capita growth (annual %),NY.GDP.PCAP.KD.ZG,-0.991030023306365,-0.582297403436883,-1.26658342180474,-1.41621092108605,0.0130918561743698,0.477827773852212,0.915046581773325,0.506273089098627,0.0887811529566989,0.346031006728381,0.289081770174349,-0.903680354883278,-0.869549149955759,1.30600530158883,-3.56477573029991,0.965492836952421,4.31859270552792,1.24568334921366,3.21808836780313,0.874753321291848
Puerto Rico (US),PRI,GDP per capita (constant 2015 US$),NY.GDP.PCAP.KD,29519.7386759729,29347.8460041613,28976.1310520159,28565.767919549,28569.5077088001,28706.0207514856,28968.6942131352,29115.3549161996,29141.2038639816,29242.041465085,29326.5748761873,29061.5563802711,28808.8518638025,29185.0969964707,28144.713741876,28416.4489370346,29643.6396279994,30012.9055109463,30978.7473320338,31249.7349532154
Puerto Rico (US),PRI,"Unemployment, total (% of total labor force) (national estimate)",SL.UEM.TOTL.NE.ZS,11.008,10.927,11.477,15,16.037,15.765,14.498,14.3,13.9,11.947,11.8,10.8,9.2,8.3,15.34,7.9,6,5.9,5.6,5.6
Puerto Rico (US),PRI,Domestic general government health expenditure (% of GDP),SH.XPD.GHED.GD.ZS,..,..,..,..,..,..,..,..,..,..,..,..,..,..,..,..,..,..,..,..
Puerto Rico (US),PRI,Current health expenditure (% of GDP),SH.XPD.CHEX.GD.ZS,..,..,..,..,..,..,..,..,..,..,..,..,..,..,..,..,..,..,..,..
Qatar,QAT,GDP per capita growth (annual %),NY.GDP.PCAP.KD.ZG,7.0505125332281,-5.0304889456326,-0.341181323763109,-0.704713507121269,16.1591002652056,12.4698490235204,-1.30696776517799,-6.1401747672176,-7.26755279184226,-3.86137428276561,-2.4510094889969,-4.15600320402655,-0.134704952518092,-1.52203684233693,-8.92450817587073,13.3615381417796,-1.79097889792256,1.23672426450278,-4.17090906600274,-1.05876296559582
Qatar,QAT,GDP per capita (constant 2015 US$),NY.GDP.PCAP.KD,68036.6212164734,64614.0465071968,64393.5954479866,63939.8050831437,74271.9022959058,83533.4963791019,82441.7405083009,77379.6735599552,71756.0649338302,68985.2946961507,67294.4585771356,64497.6987225375,64410.8171280981,63430.4607609581,57769.604104354,65488.5117911123,64315.6263643699,65111.033321485,62395.3113297112,61734.692881084
Qatar,QAT,"Unemployment, total (% of total labor force) (national estimate)",SL.UEM.TOTL.NE.ZS,0.872,0.517,0.308,0.313,0.454,0.564,0.481,0.267,0.193,0.163,0.143,0.133,0.104,0.1,0.1,0.1,0.1,..,0.103,..
Qatar,QAT,Domestic general government health expenditure (% of GDP),SH.XPD.GHED.GD.ZS,1.71230614,1.54760242,1.22314608,1.69266617,1.32764482,1.17667866,1.38358474,1.74754512,2.10174274,3.19502282,3.04590583,2.71251249,2.50761104,2.72214365,3.30993986,2.45963025,1.79685986,2.09512258,..,..
Qatar,QAT,Current health expenditure (% of GDP),SH.XPD.CHEX.GD.ZS,2.288064,2.07008052,1.63775349,2.38356304,1.87017763,1.599962,1.74822152,2.07620168,2.42293572,3.63581347,3.54971433,3.21237087,2.96176219,3.18468714,3.81872201,2.8927927,2.18613315,2.52358818,..,..
Romania,ROU,GDP per capita growth (annual %),NY.GDP.PCAP.KD.ZG,8.67067585292331,8.82964823723904,11.1442089014979,-4.72628859385392,-3.33335291355054,5.01083371448033,2.35828066727251,0.651822267051088,4.50672544401942,3.64306941096366,3.45169541464914,8.82266657090874,6.01553045118388,4.50941296110349,-3.06561724934225,6.37801653902932,4.59004052061825,2.19035297025793,0.965042709085722,0.844739865314082
Romania,ROU,GDP per capita (constant 2015 US$),NY.GDP.PCAP.KD,6876.77841417966,7483.97375820611,8318.00342795388,7924.87058070212,7660.70667630517,8044.57194920892,8234.28553425194,8287.95844089676,8661.47397274241,8977.01748158196,9286.87678236598,10106.2269557253,10714.1701157127,11197.3162915853,10854.049431887,11546.3224998072,12076.3033811896,12340.8170509969,12459.9112061891,12565.1650433306
Romania,ROU,"Unemployment, total (% of total labor force) (national estimate)",SL.UEM.TOTL.NE.ZS,7.27,6.413,5.787,6.859,6.959,7.177,6.794,7.096,6.802,6.812,5.901,4.927,4.187,3.912,5.035,5.59,5.614,5.589,5.43,6.1
Romania,ROU,Domestic general government health expenditure (% of GDP),SH.XPD.GHED.GD.ZS,4.02086115,4.09066439,4.07320023,4.15188551,4.50492287,3.35521555,3.46611238,4.12454033,3.96595645,3.85264945,3.97179151,4.07767963,4.39458323,4.56736565,4.97246981,4.88112116,4.50321484,4.3310914,..,..
Romania,ROU,Current health expenditure (% of GDP),SH.XPD.CHEX.GD.ZS,5.07106066,5.02223349,5.02277184,5.27816248,5.63882685,4.47503996,4.50939083,5.2240696,5.0276823,4.94292021,5.08012772,5.18878555,5.51454878,5.69924641,6.20959711,6.45246983,5.79823256,5.70901489,..,..
Russian Federation,RUS,GDP per capita growth (annual %),NY.GDP.PCAP.KD.ZG,8.55494147469737,8.68576548155966,5.24621001829865,-7.8277499767233,4.45309639834757,4.17697624368184,3.76271915500016,1.45314767875932,-1.12194041744186,-2.2762114110788,-0.0904969496110795,1.61477717789909,2.71569004774612,2.14202624717367,-2.52680431743222,6.21857740869952,-1.09666490468587,4.36156229707225,5.03923995227274,1.1143529548842
Russian Federation,RUS,GDP per capita (constant 2015 US$),NY.GDP.PCAP.KD,7949.89697265625,8640.40625,9093.7001953125,8381.8681640625,8755.1201171875,9120.8203125,9464.0107421875,9601.537109375,9493.8125,9277.7138671875,9269.3173828125,9418.99609375,9674.787109375,9882.0244140625,9632.3251953125,10231.318359375,10119.115234375,10560.4658203125,11092.6337890625,11216.2451171875
Russian Federation,RUS,"Unemployment, total (% of total labor force) (national estimate)",SL.UEM.TOTL.NE.ZS,7.162,6.105,6.325,8.458,7.407,6.571,5.484,5.513,5.212,5.615,5.591,5.238,4.871,4.513,5.62,4.749,3.867,3.076,2.43,2.135
Russian Federation,RUS,Domestic general government health expenditure (% of GDP),SH.XPD.GHED.GD.ZS,2.94237709,2.94628835,3.07102203,3.50300717,3.0512259,3.00404239,3.14483786,3.16959071,3.20183682,3.10976052,3.0124886,3.05932951,3.18402362,3.45416045,5.91601133,4.89008141,4.86750841,4.93410778,..,..
Russian Federation,RUS,Current health expenditure (% of GDP),SH.XPD.CHEX.GD.ZS,4.76654387,4.74792528,4.90364122,5.64392471,4.97111797,4.79491472,4.93637276,5.08104849,5.1820941,5.29604626,5.28970337,5.35890055,5.35520792,5.64849091,8.04076004,7.0299139,6.8788662,7.04438496,..,..
Rwanda,RWA,GDP per capita growth (annual %),NY.GDP.PCAP.KD.ZG,6.3526672933591,4.8079099260856,8.27757420172229,3.54291916890999,4.65979796374585,5.34277697360722,6.07172678404915,2.23301483077023,3.1448435210128,6.29578461833474,3.18409626680049,2.27661189208408,5.59635869514096,6.82168128112207,-4.93301559411864,6.06201151914851,7.44545148233944,6.19900549544292,4.95503220363311,7.0277233018782
Rwanda,RWA,GDP per capita (constant 2015 US$),NY.GDP.PCAP.KD,471.150850642442,493.803359157317,534.678298622161,553.621518556047,579.419162804581,610.376236415572,647.436613845487,661.893969452494,682.709499066795,725.691418696952,748.798132068173,765.845359390541,808.704812752127,863.872077583172,821.257133282758,871.041835304187,935.89483254264,993.911004643524,1043.15961499906,1116.46998633814
Rwanda,RWA,"Unemployment, total (% of total labor force) (national estimate)",SL.UEM.TOTL.NE.ZS,..,..,..,..,..,..,3.438,..,1.169,..,..,11.875,10.759,11.236,11.829,15.775,15.084,12.352,11.331,5.363
Rwanda,RWA,Domestic general government health expenditure (% of GDP),SH.XPD.GHED.GD.ZS,1.48205781,1.74627984,1.81383979,1.88107121,2.03921556,2.19739747,2.05491209,2.17188406,2.19319296,2.10472178,1.5660044,1.56328964,1.64325416,1.76991165,2.13853812,2.63611889,2.43239522,2.41123104,..,..
Rwanda,RWA,Current health expenditure (% of GDP),SH.XPD.CHEX.GD.ZS,7.60511971,7.86262226,7.55971909,7.79951382,8.08185482,7.93233776,8.1021471,6.77388763,6.98448992,6.65061283,5.968925,5.37623835,5.45722818,4.91471481,5.79862261,6.23147202,5.92842579,5.12708998,..,..
Samoa,WSM,GDP per capita growth (annual %),NY.GDP.PCAP.KD.ZG,1.73439136988327,-0.0698092296218391,2.81854653180625,-1.27185467227797,5.29451664588825,2.94772599922624,-4.60663349940492,-0.786395614806608,-0.23024857506843,2.95226941311462,7.07276114056432,0.460419453590006,-1.6472076564482,3.35744960284687,-4.09792925699939,-5.85857738061891,1.5629786460799,14.4879437715433,4.09688899029361,3.59288172853812
Samoa,WSM,GDP per capita (constant 2015 US$),NY.GDP.PCAP.KD,3820.92239453139,3818.25503804332,3925.8743329936,3875.94291686166,4081.15535978003,4201.45663738908,4007.91092846814,3976.39289268132,3967.23730470679,4084.36083819933,4373.23792440391,4393.37316255965,4321.00518344962,4466.08075482035,4283.06392492734,4032.1373106241,4095.15875576978,4688.46305366113,4880.54418032056,5055.89636042853
Samoa,WSM,"Unemployment, total (% of total labor force) (national estimate)",SL.UEM.TOTL.NE.ZS,1.294,..,..,..,..,5.677,8.752,..,8.723,..,..,9.4,1.045,..,..,..,5.048,..,..,..
Samoa,WSM,Domestic general government health expenditure (% of GDP),SH.XPD.GHED.GD.ZS,3.44210529,3.27875233,3.46781611,3.98351336,3.8858633,3.66722965,3.91343451,4.02978992,4.87775707,4.20412493,3.81041527,3.92468739,3.69644928,4.32336426,4.44346046,5.08007908,4.84845781,4.69490862,..,..
Samoa,WSM,Current health expenditure (% of GDP),SH.XPD.CHEX.GD.ZS,4.88451385,4.7446332,4.53258085,5.12732029,5.15268326,5.38357162,4.9883461,6.21823883,6.36147165,6.01321936,5.63959885,5.16343021,4.77525806,5.64761591,6.09105825,7.19651461,6.93412352,6.78103304,..,..
San Marino,SMR,GDP per capita growth (annual %),NY.GDP.PCAP.KD.ZG,2.63299672869908,3.5848833240598,-1.91822422078984,-14.1287766020679,-6.05328650752219,-6.48781473647414,-9.40251314800584,0.501232920728725,0.471381910733299,1.53901673570162,1.71366802964523,-1.8876966462592,-0.555260334539653,1.65051434688202,-6.93519075870958,15.6202852637699,9.48711595874579,0.0905855641196212,..,..
San Marino,SMR,GDP per capita (constant 2015 US$),NY.GDP.PCAP.KD,60604.3235393604,62776.9178275821,61572.7157847481,52873.2443236949,49672.6753589594,46450.0042070199,42082.5364542056,42293.4679807917,42492.831738275,43146.8035302005,43886.1965081114,43057.7582484571,42818.6755959614,43525.4039798176,40506.8341853183,46834.1172363873,51277.3242468583,51323.7741002928,..,..
San Marino,SMR,"Unemployment, total (% of total labor force) (national estimate)",SL.UEM.TOTL.NE.ZS,1.63,2.598,3.14,4.023,4.373,5.057,..,..,..,7.383,6.445,8.464,8.402,8.11,7.912,6.307,4.915,..,..,..
San Marino,SMR,Domestic general government health expenditure (% of GDP),SH.XPD.GHED.GD.ZS,3.87701797,4.07534981,4.34516525,5,5.35588455,7.16314268,7.96990728,7.33665133,7.30673313,7.28606033,7.38052702,7.23664856,7.35798597,7.23374033,7.61165524,6.62202978,6.39732409,5.74314785,..,..
San Marino,SMR,Current health expenditure (% of GDP),SH.XPD.CHEX.GD.ZS,4.91361904,5.09587288,5.41110897,6.18409586,6.20853519,8.0707283,8.98883724,8.23800278,8.30091763,8.43315315,8.4219532,8.25972271,8.2778492,8.14801598,8.48147392,7.51272249,7.22336292,6.60829115,..,..
Sao Tome and Principe,STP,GDP per capita growth (annual %),NY.GDP.PCAP.KD.ZG,6.23775372046612,1.16067244882319,3.72699030635786,0.944228915067228,-0.755150615358019,-0.114189921572034,0.883420959148197,3.10107564312558,2.97674276212585,-0.246825905363622,3.42223386315462,2.46252459071385,2.78057714923384,0.482132360625684,0.716646434339125,-0.17852659147141,-1.75407310474412,-1.6128371937285,-0.530991147497588,-0.955477215252273
Sao Tome and Principe,STP,GDP per capita (constant 2015 US$),NY.GDP.PCAP.KD,1157.0861446542,1170.51612474435,1214.14114724792,1225.60541902997,1216.3502521663,1214.96130276731,1225.6945255615,1263.70423995281,1301.32146445028,1298.10946596396,1342.533807689,1375.59403284199,1413.84348618541,1420.66008316091,1430.84119299096,1428.28676097975,1403.23356704678,1380.60169416257,1373.27082138436,1360.14953158233
Sao Tome and Principe,STP,"Unemployment, total (% of total labor force) (national estimate)",SL.UEM.TOTL.NE.ZS,16.65,..,..,..,..,..,13.594,..,..,..,..,6.657,..,..,..,..,..,..,..,..
Sao Tome and Principe,STP,Domestic general government health expenditure (% of GDP),SH.XPD.GHED.GD.ZS,0.54927838,1.6642518,1.22298861,1.5904156,2.11927414,2.29882646,2.30571485,2.99635077,2.79643965,2.0531044,3.06470799,3.43653798,2.62429023,2.23238039,2.96807909,3.36913323,2.31201935,2.13394833,..,..
Sao Tome and Principe,STP,Current health expenditure (% of GDP),SH.XPD.CHEX.GD.ZS,7.10559654,7.00608587,5.97009039,5.75177002,5.80827904,5.65160036,7.07299662,8.94060898,7.91452122,6.53226852,7.60211611,7.46631384,5.91960287,5.48078823,7.32044411,7.85889721,5.7744813,5.77292156,..,..
Saudi Arabia,SAU,GDP per capita growth (annual %),NY.GDP.PCAP.KD.ZG,-1.01590810452811,-1.94086075361376,2.04298819113291,-4.86501611210622,6.08720360847519,6.79984191573597,1.40889754697817,-2.47720466086211,1.5065962283723,-0.634810334471936,-2.03439520588341,1.10646877226159,5.89707730206987,2.09953683085793,-8.3434729070232,9.17745692710805,7.15912905732745,-4.01429387790023,-1.99654795231605,-0.226897401723321
Saudi Arabia,SAU,GDP per capita (constant 2015 US$),NY.GDP.PCAP.KD,21616.3355772516,21196.7926036633,21629.8405734551,20577.5453445336,21830.1424272816,23314.5576023168,23643.0358324647,23057.3494468535,23404.7306039825,23256.1549553531,22783.0328538685,23035.1199977707,24393.5188306638,24905.6697428558,22827.671935548,24922.6716948944,26706.917926066,25634.8237547841,25123.0122060281,25066.008744098
Saudi Arabia,SAU,"Unemployment, total (% of total labor force) (national estimate)",SL.UEM.TOTL.NE.ZS,6.254,5.734,5.085,5.377,5.55,..,5.622,5.6,5.877,5.6,5.6,5.89,6.029,5.636,7.66,6.621,5.589,4.008,3.518,3.238
Saudi Arabia,SAU,Domestic general government health expenditure (% of GDP),SH.XPD.GHED.GD.ZS,2.64138937,2.5073967,1.88940501,2.78823733,2.2592144,2.46959376,2.72299576,3.07811379,3.68119621,4.01395369,4.34350872,4.33328104,3.75438356,4.03419542,5.20342541,4.5653944,4.09908247,4.42276096,..,..
Saudi Arabia,SAU,Current health expenditure (% of GDP),SH.XPD.CHEX.GD.ZS,3.61922002,3.56229162,2.97100711,4.29042768,3.64786148,3.68218255,3.98779845,4.42293596,5.15800905,5.8620224,6.24142838,6.03126049,5.34063101,5.46743011,6.64630127,5.93033648,5.31400585,5.68722248,..,..
Senegal,SEN,GDP per capita growth (annual %),NY.GDP.PCAP.KD.ZG,-0.0239030984175912,0.466183194352098,1.30518111750766,0.349911484355829,0.952269607225944,-1.19544188286081,1.2557464643975,-0.578035528287558,2.91207940579723,3.15103873013858,3.23503572418973,4.3502357297959,3.27615846996321,1.80892290272958,-1.29147593311235,3.8734325972454,1.3191343503411,1.79788238989684,4.02010382360814,4.25931413755755
Senegal,SEN,GDP per capita (constant 2015 US$),NY.GDP.PCAP.KD,1118.7830430051,1123.99862153285,1138.66883930214,1142.65317233964,1153.53431121583,1139.74447892639,1154.05677992367,1147.3859217191,1180.7987108505,1218.00613555438,1257.40906916238,1312.10932775878,1355.09610863533,1379.60875249843,1361.7914374888,1414.53951093499,1433.19918752288,1458.9664233275,1517.61838829684,1582.25852286375
Senegal,SEN,"Unemployment, total (% of total labor force) (national estimate)",SL.UEM.TOTL.NE.ZS,11.1,..,..,..,..,2.853,..,..,..,6.757,4.455,4.078,..,2.863,..,..,5.062,4.686,5.775,..
Senegal,SEN,Domestic general government health expenditure (% of GDP),SH.XPD.GHED.GD.ZS,1.7594533,1.31880546,1.3871423,1.40655613,1.16160142,1.30861914,1.21922708,1.17077053,1.080037,1.07820702,1.06801915,1.01061249,1.11893904,1.05768847,1.72161877,1.20091772,1.08714914,1.1920532,..,..
Senegal,SEN,Current health expenditure (% of GDP),SH.XPD.CHEX.GD.ZS,3.76337624,3.41496587,3.50687575,3.841573,4.02764368,4.21416712,4.26688004,4.38573599,4.38962269,4.37789631,4.25606871,4.16359377,4.43182087,4.49531031,5.15119171,4.44256258,4.0444808,4.32314825,..,..
Serbia,SRB,GDP per capita growth (annual %),NY.GDP.PCAP.KD.ZG,4.31001289636497,8.27017213045292,5.60952327700927,-2.75343779759604,2.02027708357562,0.813571323609423,0.040200455150412,0.941379127713546,-1.32558635982964,1.81545266180656,3.5158880281917,2.90962447502095,5.22266888313776,5.31381889246718,-0.288042264925664,8.97258082321535,5.32139169050186,4.3943385787905,4.52924814890834,2.61201014096326
Serbia,SRB,GDP per capita (constant 2015 US$),NY.GDP.PCAP.KD,5016.41289322251,5431.27887426624,5735.94772695749,5578.0119741931,5690.70327182682,5737.00120175811,5739.3075023532,5793.33614525565,5716.54047153506,5820.3215576888,6024.95754653784,6200.26118592152,6524.08029755191,6870.75810896296,6850.96742168834,7465.67601077148,7862.95387364846,8208.4786891507,8580.26105823259,8804.37834719475
Serbia,SRB,"Unemployment, total (% of total labor force) (national estimate)",SL.UEM.TOTL.NE.ZS,20.851,18.063,13.67,16.116,19.204,22.959,24,22.154,19.223,17.66,15.257,13.477,12.733,10.395,9.011,9.843,8.439,8.268,7.24,7.301
Serbia,SRB,Domestic general government health expenditure (% of GDP),SH.XPD.GHED.GD.ZS,5.1782732,5.50259209,5.64826584,5.54193211,5.58281469,5.3538456,5.56388712,5.34662533,5.1614337,4.88180637,4.69370461,4.5406208,4.85909271,4.83578539,5.06347847,6.04116869,5.77386618,5.26416254,..,..
Serbia,SRB,Current health expenditure (% of GDP),SH.XPD.CHEX.GD.ZS,8.28575706,9.01782608,9.12807178,8.98933506,9.15153027,8.75940418,8.95716667,8.93188286,8.85966778,8.46289921,8.15184307,7.89965153,8.18469906,8.28762531,8.30643559,9.23441029,8.58397198,8.03133774,..,..
Seychelles,SYC,GDP per capita growth (annual %),NY.GDP.PCAP.KD.ZG,7.15334515370103,8.32165420663699,-4.87712623002744,-2.86142425794473,1.62737013590673,12.4265876590009,2.10412826503328,-0.599133304568028,2.45761243916046,6.51232550996488,10.6277900412689,5.65298679577909,3.94280692985572,4.58155113586345,-12.4901374474458,-0.254097866449726,-9.01986146351219,5.27201672489588,2.0002737424775,4.61179204220666
Seychelles,SYC,GDP per capita (constant 2015 US$),NY.GDP.PCAP.KD,12105.4475265558,13112.8210098816,12473.2921769121,12116.3783687977,12313.5566919249,13843.7116081878,14135.0010570653,14050.3135581314,14395.6158118771,15333.1051727105,16962.6753972731,17921.5731976918,18628.1862276696,19481.6461053742,17048.361729788,17005.0422063679,15471.2109575418,16286.8557867673,16612.6374865452,17378.7777801503
Seychelles,SYC,"Unemployment, total (% of total labor force) (national estimate)",SL.UEM.TOTL.NE.ZS,..,..,..,..,..,4.114,..,..,3.841,4.151,3.965,3.715,3.528,2.966,4.311,..,..,2.934,2.593,..
Seychelles,SYC,Domestic general government health expenditure (% of GDP),SH.XPD.GHED.GD.ZS,3.44340944,3.04300809,2.40282655,2.3870523,3.1060183,3.01365519,4.02018118,3.20524502,3.18385339,3.1209166,3.25931096,3.2699151,3.1646049,3.04219794,4.47688675,3.72146273,2.99964738,3.1497128,..,..
Seychelles,SYC,Current health expenditure (% of GDP),SH.XPD.CHEX.GD.ZS,4.33191252,3.79315019,3.51518679,3.43580508,4.40148449,4.35539675,5.2896843,4.19129515,4.43609142,4.24428654,4.71349716,4.47661018,4.41706038,4.25269794,5.83709192,5.2088151,4.39909697,4.48238087,..,..
Sierra Leone,SLE,GDP per capita growth (annual %),NY.GDP.PCAP.KD.ZG,2.0071311854182,1.49613150255581,1.12905319443597,-1.1672975048301,3.5002192188053,5.31595837430623,7.81299564274897,11.8800866018127,-9.99126868436694,-6.55487587621558,3.96056326178993,0.774679247758442,0.50674429876733,3.08171137743476,-3.50677788869559,3.51527957069044,2.99519003006155,3.41471641633679,2.10273332108876,2.50015605748742
Sierra Leone,SLE,GDP per capita (constant 2015 US$),NY.GDP.PCAP.KD,859.824260714965,872.68836234614,882.54147817868,872.23959352481,902.769891411394,950.760763054593,1025.04366004502,1146.81973456475,1032.23789355905,964.575980888989,1002.77862282013,1010.54694071207,1015.6678297205,1046.96778078594,1010.25294614757,1045.7661615758,1077.08884538507,1113.86837500697,1137.29005648131,1165.72408271963
Sierra Leone,SLE,"Unemployment, total (% of total labor force) (national estimate)",SL.UEM.TOTL.NE.ZS,..,..,..,..,..,..,..,..,4.678,..,..,..,1.646,..,..,..,..,..,..,..
Sierra Leone,SLE,Domestic general government health expenditure (% of GDP),SH.XPD.GHED.GD.ZS,0.54349309,0.4417356,0.45621169,0.63343221,0.81356823,0.70601135,0.6394307,0.58837235,1.02695739,0.81068116,0.66393304,0.54366273,0.49137551,0.77659142,0.82859242,1.14799988,0.8699919,0.78892416,..,..
Sierra Leone,SLE,Current health expenditure (% of GDP),SH.XPD.CHEX.GD.ZS,5.29913139,5.31662989,5.60332584,6.27075481,5.64204741,6.60636759,5.92764187,8.45845032,15.11886978,12.3831234,10.05438519,6.00532055,5.29927444,5.7052846,5.66489744,5.07244635,4.80377436,4.71883011,..,..
Singapore,SGP,GDP per capita growth (annual %),NY.GDP.PCAP.KD.ZG,5.64834329383781,4.57298627096552,-3.41549269446281,-2.84677194924208,12.5085215498552,4.02338164865897,1.90446223662212,3.13397914899265,2.59472315486744,1.76232468638902,2.57148302071828,4.23440582627357,2.70307303138391,0.00783404280791444,-3.30973090655749,14.8314606167434,0.625280575115795,-3.36069477894166,3.26325659591436,3.74871378758077
Singapore,SGP,GDP per capita (constant 2015 US$),NY.GDP.PCAP.KD,44159.4101820552,46178.8139470199,44601.5799302699,43331.8746638962,48752.0515441859,50713.5326393594,51679.352717333,53298.9728558286,54681.9336458253,55645.6068614606,57076.5241936787,59493.3758595703,61101.5252578902,61106.3119775351,59083.8574841572,67846.8565377728,68271.0897525302,65976.7068036903,68129.6960402288,70683.6833491257
Singapore,SGP,"Unemployment, total (% of total labor force) (national estimate)",SL.UEM.TOTL.NE.ZS,4.48,3.9,3.96,5.86,4.12,3.89,3.718,3.862,3.743,3.785,4.084,4.163,3.878,3.125,5.231,4.64,3.591,3.444,3.306,3.255
Singapore,SGP,Domestic general government health expenditure (% of GDP),SH.XPD.GHED.GD.ZS,0.99547803,0.95031685,1.19189203,1.18541074,1.14910603,1.17214501,1.30787134,1.53696907,1.74364483,1.96816146,2.07529497,2.10866928,2.04126763,2.2847712,3.41540074,3.13151574,2.60371685,2.62583375,..,..
Singapore,SGP,Current health expenditure (% of GDP),SH.XPD.CHEX.GD.ZS,2.9347465,2.83749056,3.19488454,3.39370513,3.1982615,3.1539185,3.32392788,3.68225336,3.87132597,4.18061399,4.37989521,4.35978413,4.07275724,4.40746737,5.70015287,5.14599705,4.33121586,4.49163246,..,..
Sint Maarten (Dutch part),SXM,GDP per capita growth (annual %),NY.GDP.PCAP.KD.ZG,..,..,..,..,2.2746924085417,3.15617110858607,-0.798052973690176,-1.04128853057725,-0.685454189827837,-2.02875877780978,-1.0859663357852,-9.30645194996998,-8.53633432632274,9.11581322620327,-14.6336937315718,3.16129245692684,12.3647203881995,2.31884027870137,1.57201933735674,2.0510894064613
Sint Maarten (Dutch part),SXM,GDP per capita (constant 2015 US$),NY.GDP.PCAP.KD,..,..,..,37548.9474627441,38403.0705201664,39615.1371367338,39298.9873567827,38889.7715088035,38623.1999405819,37839.6283815163,37428.7027557069,33945.4185182499,31047.7241050626,33877.976645467,28920.3773007159,29834.6350068383,33523.6042042737,34300.9630414348,34840.1808133458,35554.7840712003
Sint Maarten (Dutch part),SXM,"Unemployment, total (% of total labor force) (national estimate)",SL.UEM.TOTL.NE.ZS,..,..,..,..,..,..,..,..,..,..,..,..,..,..,..,..,..,..,..,..
Sint Maarten (Dutch part),SXM,Domestic general government health expenditure (% of GDP),SH.XPD.GHED.GD.ZS,..,..,..,..,..,..,..,..,..,..,..,..,..,..,..,..,..,..,..,..
Sint Maarten (Dutch part),SXM,Current health expenditure (% of GDP),SH.XPD.CHEX.GD.ZS,..,..,..,..,..,..,..,..,..,..,..,..,..,..,..,..,..,..,..,..
Slovak Republic,SVK,GDP per capita growth (annual %),NY.GDP.PCAP.KD.ZG,8.92067971952331,10.78629912015,5.27306126349816,-5.6311751026805,6.69110844613654,2.43026958601608,1.39646371759601,0.595167879643,2.608326498525,5.07697290945579,1.81646959957402,2.71521709643727,3.91808506492153,2.13758470717096,-2.66902849173539,5.88046673143569,0.831412246801008,2.20694498399155,2.02649250952174,0.961148796579153
Slovak Republic,SVK,GDP per capita (constant 2015 US$),NY.GDP.PCAP.KD,12430.2015488557,13770.9602691527,14497.1114407172,13680.7537106597,14596.1477776887,14950.8735178599,15159.6570420004,15249.8824513785,15647.6491763517,16442.0760860018,16740.7413996428,17195.2888721963,17869.0149173679,18250.9802475637,17763.8563847352,18808.4540496595,18964.8298400624,19383.3732009401,19776.1758069498,19966.2542827277
Slovak Republic,SVK,"Unemployment, total (% of total labor force) (national estimate)",SL.UEM.TOTL.NE.ZS,13.395,11.16,9.514,12.023,14.387,13.634,13.966,14.226,11.536,11.492,9.679,8.142,6.544,5.761,6.719,6.894,6.143,5.843,5.335,5.4
Slovak Republic,SVK,Domestic general government health expenditure (% of GDP),SH.XPD.GHED.GD.ZS,4.77396774,4.93091011,5.20061636,5.69731617,5.44594288,5.2743578,5.3540163,5.48396778,5.44664001,5.30798721,5.6462183,5.32285929,5.25731754,5.44698572,5.66738129,6.08261681,6.15263939,5.80455589,..,..
Slovak Republic,SVK,Current health expenditure (% of GDP),SH.XPD.CHEX.GD.ZS,6.8522706,7.17538357,6.95978355,7.95280409,7.67065239,7.31452227,7.52780581,7.48013163,6.86543369,6.74109745,7.06081343,6.73388767,6.63677502,6.91102982,7.06027794,7.62857914,7.70245218,7.35262203,..,..
Slovenia,SVN,GDP per capita growth (annual %),NY.GDP.PCAP.KD.ZG,5.57134966652504,6.54177241190229,3.20889412209657,-8.42208868943828,0.672167911403392,0.446560894988352,-3.11922481726151,-0.958293257973466,2.66181374029557,2.31634491842804,2.95902414777296,5.10589384792048,4.00130649890984,2.78704541391961,-4.72524968037921,8.12577517618843,2.47421045586167,1.97100496138407,1.39957708502673,0.889867414583748
Slovenia,SVN,GDP per capita (constant 2015 US$),NY.GDP.PCAP.KD,20166.5323431214,21485.780992381,22175.2369557321,20307.6188322273,20444.1201295876,20535.4155754108,19894.8697964548,19704.2186005128,20228.7081986391,20697.2748530619,21309.7122138949,22397.7634988337,23293.966665323,23943.1800949889,22811.8050540778,24665.4410464026,25275.715967757,25773.9015835069,26134.627203987,26367.1907353982
Slovenia,SVN,"Unemployment, total (% of total labor force) (national estimate)",SL.UEM.TOTL.NE.ZS,5.95,4.818,4.371,5.858,7.236,8.166,8.841,10.103,9.668,8.962,8,6.564,5.108,4.446,4.971,4.744,4.011,3.652,3.697,3.9
Slovenia,SVN,Domestic general government health expenditure (% of GDP),SH.XPD.GHED.GD.ZS,5.64411831,5.29656601,5.69555473,6.22358179,6.25191069,6.21524811,6.22969151,6.21515274,6.05442333,6.12037754,6.19861412,5.9297328,6.04779768,6.19899702,6.88721657,6.97821045,7.07110405,6.80327797,..,..
Slovenia,SVN,Current health expenditure (% of GDP),SH.XPD.CHEX.GD.ZS,7.8671999,7.54076052,7.89287567,8.6420126,8.63941956,8.60054302,8.79263687,8.84043884,8.58487225,8.57742882,8.5691185,8.2588892,8.35228634,8.56564522,9.48984432,9.52724361,9.62683296,9.30008888,9.87630939,..
Small states,SST,GDP per capita growth (annual %),NY.GDP.PCAP.KD.ZG,5.4881038665406,3.58541442819399,0.149167444170374,-5.2916714167029,1.07123810492507,1.5319351932601,1.12982760789566,0.155315810563962,1.29951773969792,1.1968259255388,0.737301598175421,2.14915331747969,2.19311535948404,1.99558261977337,-7.82785766337196,6.34181667360245,6.3146452884062,4.09059236371918,5.21629662588956,3.6023685508393
Small states,SST,GDP per capita (constant 2015 US$),NY.GDP.PCAP.KD,9984.06367153864,10342.0337309381,10357.4606783297,9809.37789211833,9914.45968595479,10066.3427831055,10180.0751029745,10195.8863691367,10328.383721223,10451.9964952878,10529.0592324888,10755.3448582832,10991.2219783357,11210.5608938361,10333.0141438009,10988.3149576582,11682.1880704072,12160.0587635306,12794.3634985188,13255.2636254695
Small states,SST,"Unemployment, total (% of total labor force) (national estimate)",SL.UEM.TOTL.NE.ZS,..,..,..,..,..,..,..,..,..,..,..,..,..,..,..,..,..,..,..,..
Small states,SST,Domestic general government health expenditure (% of GDP),SH.XPD.GHED.GD.ZS,3.13214497888168,3.18561150617481,3.13785362553262,3.46553865124056,3.35541824369463,3.2752199465291,3.27520574690353,3.38532682601812,3.42575198323074,3.60695774220707,3.81059151741005,3.87663907732587,3.89841745022808,4.08962611361165,5.02802236704038,4.9798151846667,4.48959710439017,4.59873973466448,..,..
Small states,SST,Current health expenditure (% of GDP),SH.XPD.CHEX.GD.ZS,5.27083578474109,5.26178421922723,5.30929218398443,5.930780425078,5.75784738559795,5.57299158655526,5.55162046320129,5.70902048226616,5.82273851473127,6.05129224305221,6.27538454787241,6.28904882037557,6.32719850846713,6.48690645798181,7.46047796845442,7.38186050356252,6.66340815208201,6.76680777438066,..,..
Solomon Islands,SLB,GDP per capita growth (annual %),NY.GDP.PCAP.KD.ZG,2.33369145793722,1.86556171568819,4.42328745185992,1.00843919853824,6.65612594404901,3.54895845172413,-1.22485253459861,1.46287648550671,-2.41306586755394,-1.90313667351086,1.8954619438627,-0.426120235207534,-0.648914414273463,-0.912183037350545,-5.50324350800385,-2.59513572745166,-4.88870843999941,0.406498798558516,0.584428781115449,1.21441464169847
Solomon Islands,SLB,GDP per capita (constant 2015 US$),NY.GDP.PCAP.KD,1796.71439810674,1830.23321405807,1911.18969015528,1930.46287614922,2058.95691648883,2132.02844199392,2105.91423758379,2136.72116177034,2085.16067273086,2045.47721526649,2084.24845745225,2075.36705302305,2061.8996970669,2043.09139778307,1930.65510307199,1880.5519827183,1788.61727922057,1795.88798697142,1806.38367324387,1828.320661057
Solomon Islands,SLB,"Unemployment, total (% of total labor force) (national estimate)",SL.UEM.TOTL.NE.ZS,..,..,..,2.016,..,..,..,0.694,..,..,..,..,..,..,..,..,..,..,..,..
Solomon Islands,SLB,Domestic general government health expenditure (% of GDP),SH.XPD.GHED.GD.ZS,5.25133944,4.962358,3.15582204,3.10495329,2.94911718,2.87079024,2.94720888,2.77344251,2.9565556,3.06908107,3.15399909,3.09555912,2.96293306,3.25913024,3.62380624,3.45109582,3.32158995,3.3744123,..,..
Solomon Islands,SLB,Current health expenditure (% of GDP),SH.XPD.CHEX.GD.ZS,8.00802231,7.18583059,5.50656271,6.6096673,4.66862011,5.03008652,4.88045692,4.58030891,4.88962364,4.45310211,4.52952909,4.16556406,3.86440825,4.43728065,4.89478445,4.94795895,4.82418394,5.36366177,..,..
"Somalia, Fed. Rep.",SOM,GDP per capita growth (annual %),NY.GDP.PCAP.KD.ZG,3.27228849958769,3.42376614691855,3.57942621496645,4.0351373439331,4.07910489702353,5.94202931701129,5.73256533813861,7.43785495852676,5.13914593417061,6.72219258601123,2.99347020740043,10.3677043802854,-1.48470237915478,-0.909258009902032,-6.38636194168187,-0.267727633939771,-0.342614533940647,1.01616806512138,0.548466776307393,-0.391747312911576
"Somalia, Fed. Rep.",SOM,GDP per capita (constant 2015 US$),NY.GDP.PCAP.KD,284.47078986532,294.210404466601,304.741448811237,317.038184814662,329.970504936872,349.577449077711,369.617204753489,397.108796344814,417.516796906402,445.583080073396,458.92147682461,506.501098879426,498.981065013918,494.444039712384,462.867053737278,461.627830726021,460.046226685238,464.72106952561,467.269910194458,465.439392877227
"Somalia, Fed. Rep.",SOM,"Unemployment, total (% of total labor force) (national estimate)",SL.UEM.TOTL.NE.ZS,..,..,..,..,..,..,..,..,..,..,..,..,..,18.828,..,..,11.086,..,..,..
"Somalia, Fed. Rep.",SOM,Domestic general government health expenditure (% of GDP),SH.XPD.GHED.GD.ZS,..,..,..,..,..,..,..,0.13704211,0.10548612,0.09905031,0.10706647,0.13631769,0.13900605,0.15007043,0.2304647,0.34554738,0.31191349,0.5303756,..,..
"Somalia, Fed. Rep.",SOM,Current health expenditure (% of GDP),SH.XPD.CHEX.GD.ZS,..,..,..,..,..,..,..,3.36953735,3.02053761,2.94074512,2.2842648,2.44348097,2.50873256,2.40617251,2.47010517,2.73509169,2.8469162,3.74413586,..,..
South Africa,ZAF,GDP per capita growth (annual %),NY.GDP.PCAP.KD.ZG,4.53031944639788,4.25469604690063,2.00798658438173,-2.70664075062311,1.82804672464107,1.90092049729387,0.897179683754416,0.805658809846705,-0.257188966137676,-0.694265293924985,-0.277781475736276,0.49869596172698,-0.1374850396532,-1.3803610544763,-7.67873309598839,3.25562042833964,0.62521727101273,-0.523851146279725,-0.713538079423742,-0.0412236373188222
South Africa,ZAF,GDP per capita (constant 2015 US$),NY.GDP.PCAP.KD,5650.9883176549,5891.42069421698,6009.71963138635,5847.05811084505,5953.94506512821,6067.12482726885,6121.55783860713,6170.87670863373,6155.00589462516,6112.27382485974,6095.295060428,6125.6920507497,6117.2701406047,6032.82972598668,5569.58483319272,5750.90937479584,5786.86505344736,5756.55049453121,5715.47531469148,5713.1191878767
South Africa,ZAF,"Unemployment, total (% of total labor force) (national estimate)",SL.UEM.TOTL.NE.ZS,28.342,26.54,22.407,23.523,24.683,24.639,24.727,24.561,24.89,25.149,26.536,27.035,26.906,28.468,29.217,34.007,33.268,32.098,32.279,..
South Africa,ZAF,Domestic general government health expenditure (% of GDP),SH.XPD.GHED.GD.ZS,3.23011708,3.30013156,3.38493657,3.80475187,4.00033045,4.12050819,4.1403532,4.14510202,4.3735652,4.59632444,4.57297277,4.56554031,4.61023474,4.80006361,5.84510279,5.49496222,5.38311863,5.48956871,..,..
South Africa,ZAF,Current health expenditure (% of GDP),SH.XPD.CHEX.GD.ZS,6.87650871,6.90510845,7.14832258,7.64941454,7.79358244,7.94434404,8.00428867,8.10322285,7.87136555,8.05304241,8.07959366,7.97711372,8.0819664,8.24652863,9.02174091,8.6645031,8.74512291,8.90966797,..,..
South Asia,SAS,GDP per capita growth (annual %),NY.GDP.PCAP.KD.ZG,6.29308020306438,6.00206729042027,2.07510471121859,5.93398148923437,6.72705848146049,4.05367435324766,4.27930192443307,4.95217158308627,5.96282550719711,6.46173917437969,6.73733729893509,5.60196771944135,5.27934085526225,3.04100951092985,-5.90537298010342,8.33028192678252,6.24173655563243,5.84899135730251,5.81541025169881,6.18260956067509
South Asia,SAS,GDP per capita (constant 2015 US$),NY.GDP.PCAP.KD,999.335555352338,1059.31634784168,1081.29827128245,1145.46231054376,1222.51823005713,1272.07513801273,1326.51107387395,1392.20217832083,1475.21676492149,1570.54142452744,1676.35409771736,1770.26291313502,1863.72112635371,1920.39706306333,1806.99045379049,1957.51785298129,2079.70096039385,2201.34248982502,2329.35958665331,2473.37479516024
South Asia,SAS,"Unemployment, total (% of total labor force) (national estimate)",SL.UEM.TOTL.NE.ZS,..,..,..,..,3.17002046872221,..,3.23411911290534,..,..,..,..,..,7.59582449059332,6.47682958691194,7.81780734350757,6.35756829068924,4.79263045940844,4.08627347785067,4.11693784947259,4.50523674639696
South Asia,SAS,Domestic general government health expenditure (% of GDP),SH.XPD.GHED.GD.ZS,0.771706905766934,0.765115189715504,0.822534708302885,0.904729912267715,0.875091495302168,0.931610006716646,0.92216997389338,0.869825575478379,0.85672263013879,0.913810678059535,0.927335125969826,0.94593820809657,0.960459603887025,0.993098826239682,1.15019171822256,1.27701345813867,1.26635639369959,1.21287735509878,..,..
South Asia,SAS,Current health expenditure (% of GDP),SH.XPD.CHEX.GD.ZS,3.57308973934196,3.51084763549702,3.51163715690981,3.48075323131367,3.30017600573324,3.22083950063436,3.28505446675086,3.65987146283701,3.53515216736329,3.51918654796032,3.42611411149628,2.92047698854916,2.85201740632584,2.9092236338682,3.25937586469263,3.30046062385627,3.30654430355157,3.25977663546509,..,..
South Asia (IDA & IBRD),TSA,GDP per capita growth (annual %),NY.GDP.PCAP.KD.ZG,6.29308020306438,6.00206729042027,2.07510471121859,5.93398148923437,6.72705848146049,4.05367435324766,4.27930192443307,4.95217158308627,5.96282550719711,6.46173917437969,6.73733729893509,5.60196771944135,5.27934085526225,3.04100951092985,-5.90537298010342,8.33028192678252,6.24173655563243,5.84899135730251,5.81541025169881,6.18260956067509
South Asia (IDA & IBRD),TSA,GDP per capita (constant 2015 US$),NY.GDP.PCAP.KD,999.335555352338,1059.31634784168,1081.29827128245,1145.46231054376,1222.51823005713,1272.07513801273,1326.51107387395,1392.20217832083,1475.21676492149,1570.54142452744,1676.35409771736,1770.26291313502,1863.72112635371,1920.39706306333,1806.99045379049,1957.51785298129,2079.70096039385,2201.34248982502,2329.35958665331,2473.37479516024
South Asia (IDA & IBRD),TSA,"Unemployment, total (% of total labor force) (national estimate)",SL.UEM.TOTL.NE.ZS,..,..,..,..,3.17002046872221,..,3.23411911290534,..,..,..,..,..,7.59582449059332,6.47682958691194,7.81780734350757,6.35756829068924,4.79263045940844,4.08627347785067,4.11693784947259,4.50523674639696
South Asia (IDA & IBRD),TSA,Domestic general government health expenditure (% of GDP),SH.XPD.GHED.GD.ZS,0.771706905766934,0.765115189715504,0.822534708302885,0.904729912267715,0.875091495302168,0.931610006716646,0.92216997389338,0.869825575478379,0.85672263013879,0.913810678059535,0.927335125969826,0.94593820809657,0.960459603887025,0.993098826239682,1.15019171822256,1.27701345813867,1.26635639369959,1.21287735509878,..,..
South Asia (IDA & IBRD),TSA,Current health expenditure (% of GDP),SH.XPD.CHEX.GD.ZS,3.57308973934197,3.51084763549702,3.51163715690981,3.48075323131367,3.30017600573324,3.22083950063436,3.28505446675086,3.65987146283701,3.53515216736329,3.51918654796032,3.42611411149628,2.92047698854916,2.85201740632584,2.9092236338682,3.25937586469263,3.30046062385627,3.30654430355157,3.25977663546509,..,..
South Sudan,SSD,GDP per capita growth (annual %),NY.GDP.PCAP.KD.ZG,..,..,..,0.201710077462366,0.0553052206663267,-9.66551859182802,-48.4287258315307,8.97551236063792,2.7406396602203,-9.76929494253935,..,..,..,..,..,..,..,..,..,..
South Sudan,SSD,GDP per capita (constant 2015 US$),NY.GDP.PCAP.KD,..,..,2289.18415375563,2293.80166888543,2295.07026096006,2073.23981819145,1069.19619080938,1165.16202707495,1197.09491969479,1080.14718624765,..,..,..,..,..,..,..,..,..,..
South Sudan,SSD,"Unemployment, total (% of total labor force) (national estimate)",SL.UEM.TOTL.NE.ZS,..,..,12.298,..,..,..,..,..,..,..,..,..,..,..,..,..,..,..,..,..
South Sudan,SSD,Domestic general government health expenditure (% of GDP),SH.XPD.GHED.GD.ZS,..,..,..,..,..,..,..,..,..,..,..,1.86679733,1.18756998,0.99254191,0.70622033,0.92913347,0.62561053,0.50114346,..,..
South Sudan,SSD,Current health expenditure (% of GDP),SH.XPD.CHEX.GD.ZS,..,..,..,..,..,..,..,..,..,..,..,22.11322403,11.69539356,9.06570053,9.35116673,6.30117083,6.57254314,11.61002254,..,..
Spain,ESP,GDP per capita growth (annual %),NY.GDP.PCAP.KD.ZG,2.29951501349761,1.63463980710374,-0.827648476802253,-4.61672962915983,-0.365660089983677,-0.992358604711711,-2.92815897770406,-1.07017018206768,1.83396646193863,4.14701193619516,2.83577124069477,2.64617061107108,1.93406292039191,1.23303741249605,-11.3931290455953,6.49336738803039,5.60841068844668,1.26057958891062,2.40413218623925,1.77013824549053
Spain,ESP,GDP per capita (constant 2015 US$),NY.GDP.PCAP.KD,26899.0921497113,27338.79541774,27112.526293889,25860.8142592652,25766.2515825743,25510.5579678829,24763.568274484,24498.5559507945,24947.8512505913,25982.4416197775,26719.2442268615,27426.281015093,27956.7225466484,28301.4393949563,25077.019882928,26705.3629138959,28203.1093419474,28558.6319817501,29245.2192451729,29762.9000560093
Spain,ESP,"Unemployment, total (% of total labor force) (national estimate)",SL.UEM.TOTL.NE.ZS,8.452,8.232,11.254,17.857,19.86,21.39,24.789,26.094,24.441,22.057,19.635,17.224,15.255,14.104,15.532,14.914,13.033,12.179,11.344,10.5
Spain,ESP,Domestic general government health expenditure (% of GDP),SH.XPD.GHED.GD.ZS,5.63825321,5.71479321,6.12689114,6.81394386,6.76060534,6.70592642,6.57172394,6.40668583,6.34630156,6.45323324,6.35498238,6.26789188,6.27582741,6.39903307,7.7817421,7.5110774,7.06012344,6.74802351,..,..
Spain,ESP,Current health expenditure (% of GDP),SH.XPD.CHEX.GD.ZS,7.87072468,7.96241188,8.4290638,9.1530304,9.16992569,9.21749687,9.2189045,9.13714981,9.1512289,9.17553329,8.88084984,9.0217495,9.07122517,9.21539497,10.79479218,10.34419918,9.6799593,9.2206583,..,..
Sri Lanka,LKA,GDP per capita growth (annual %),NY.GDP.PCAP.KD.ZG,6.94942271248222,6.06651827130165,5.24732975759279,2.90511614609032,7.38142864786508,7.99726895684675,7.80902906885484,7.00602738731078,5.38986888014487,3.25185230614606,3.86979649874351,5.24982935126125,1.28556702923734,-0.829146715016009,-5.12926234565826,3.09278196849438,-7.4536189792008,-1.3887411620843,5.57208772426132,5.72529222294247
Sri Lanka,LKA,GDP per capita (constant 2015 US$),NY.GDP.PCAP.KD,2426.34872826822,2573.54361719411,2708.58593724377,2787.27350463737,2993.01410960302,3232.37349786435,3484.79048392653,3728.93585962083,3929.92061307909,4057.71582716521,4214.74117217382,4436.00789131029,4493.03574617534,4455.78188788143,4227.23314530167,4357.97224978578,4033.14560306744,3977.13564995085,4198.74513727898,4439.13556608479
Sri Lanka,LKA,"Unemployment, total (% of total labor force) (national estimate)",SL.UEM.TOTL.NE.ZS,6.476,5.96,5.206,5.853,4.784,4.118,3.974,4.186,4.157,4.519,4.242,4.046,4.318,4.67,5.364,4.981,4.528,4.665,4.317,..
Sri Lanka,LKA,Domestic general government health expenditure (% of GDP),SH.XPD.GHED.GD.ZS,1.96220529,1.85378098,1.66602755,1.64707983,1.51292467,1.52385986,1.39617562,1.6775682,1.55114651,1.61882555,1.56008303,1.36585641,1.66403663,1.73423195,2.15588403,2.2609117,1.52578461,1.23655903,..,..
Sri Lanka,LKA,Current health expenditure (% of GDP),SH.XPD.CHEX.GD.ZS,3.85019565,3.82258177,3.85482955,4.05676842,3.7414515,3.5819521,3.30659294,3.69365358,3.46786141,3.6826396,3.61788416,3.33093429,3.6418879,3.70119572,4.27431631,5.19427729,3.98300457,3.68313766,..,..
St. Kitts and Nevis,KNA,GDP per capita growth (annual %),NY.GDP.PCAP.KD.ZG,2.85800106872907,0.305516416409375,11.0104297068936,-3.5715108939693,0.0951505914335229,1.52991480984264,-1.04787778946711,5.64641698929439,7.53127511202617,0.69841246781877,3.95919692482656,0.274193507101955,2.09466207201663,3.06102179372833,-15.1537081395497,0.597261391032816,10.6082200037537,2.91331421745427,0.130203089601792,2.51569342755708
St. Kitts and Nevis,KNA,GDP per capita (constant 2015 US$),NY.GDP.PCAP.KD,16457.8622372067,16508.1437081315,18325.7612670282,17671.2547069735,17688.0690103409,17958.6813977053,17770.4963640576,18773.8926898397,20187.8061975481,20328.8003530109,21133.6575914414,21191.6047083703,21635.4972146482,22297.7644995701,18918.8263456611,19031.8211910603,21050.758653729,21664.0333984701,21692.2406392872,22237.9509113396
St. Kitts and Nevis,KNA,"Unemployment, total (% of total labor force) (national estimate)",SL.UEM.TOTL.NE.ZS,..,..,..,..,..,..,..,..,..,..,..,..,..,..,..,..,..,..,..,..
St. Kitts and Nevis,KNA,Domestic general government health expenditure (% of GDP),SH.XPD.GHED.GD.ZS,2.23068857,2.08316684,1.79803109,1.9731133,1.96334112,1.91958332,1.96832883,1.92399502,1.94636261,1.94096529,2.17921019,2.19368339,2.25112653,2.55811405,3.04861951,3.54911423,2.90488815,3.11200881,..,..
St. Kitts and Nevis,KNA,Current health expenditure (% of GDP),SH.XPD.CHEX.GD.ZS,4.98203421,4.79733467,5.30566025,5.28673744,5.21727514,5.17247772,5.01866484,5.05167818,4.75296593,5.12752008,5.42923307,5.2735939,4.89670897,5.19201469,5.66130447,6.16912127,5.52634287,5.73595428,..,..
St. Lucia,LCA,GDP per capita growth (annual %),NY.GDP.PCAP.KD.ZG,5.43753454391749,1.01330265983917,4.29652830468692,-3.43582922693658,-0.278750187807233,3.78344996295867,-0.563683330885993,-2.26163327907432,0.880621538906311,-0.337052867572226,2.9915396739198,2.97179882236796,2.49445186760282,-1.38812466794819,-23.1552773828255,10.9773537968332,19.1727834727551,3.61564604076752,4.50136097495573,-0.797598585137095
St. Lucia,LCA,GDP per capita (constant 2015 US$),NY.GDP.PCAP.KD,10045.6504032593,10147.4432459936,10583.4310172598,10219.8024011561,10191.3146827694,10576.8979743596,10517.2777635533,10279.4155096001,10369.9382566513,10334.9860823918,10644.1612913407,10960.4843512477,11233.8883578457,11077.9479823807,8512.8183987353,9447.30059244639,11258.6110790564,11665.6826047818,12190.7970890156,12093.5634639167
St. Lucia,LCA,"Unemployment, total (% of total labor force) (national estimate)",SL.UEM.TOTL.NE.ZS,16,14,12.72,15.37,..,18.857,19.062,22.209,..,..,16.559,18.894,19.116,15.344,20.405,19.58,15.766,12.021,10.074,7.661
St. Lucia,LCA,Domestic general government health expenditure (% of GDP),SH.XPD.GHED.GD.ZS,1.56014967,1.55791318,1.60530984,1.8166678,1.81502438,1.81603396,2.03916478,2.07502913,1.91464138,1.99191558,1.95973325,2.03747821,1.98067319,2.07973409,3.02728176,2.75269866,2.25815845,2.38351178,..,..
St. Lucia,LCA,Current health expenditure (% of GDP),SH.XPD.CHEX.GD.ZS,5.1270175,5.54166603,5.09061956,5.24410772,5.05056047,5.06134319,4.92510271,5.07107592,4.6836338,4.57866001,4.51095486,4.45561934,4.27262402,4.290905,7.01033401,6.26193285,4.74750614,4.7298274,..,..
St. Martin (French part),MAF,GDP per capita growth (annual %),NY.GDP.PCAP.KD.ZG,..,..,..,..,..,..,..,..,..,1.21892477722176,5.54794889038332,-7.15585200915483,-5.8923641662807,11.9233703264347,-5.67034471115365,11.2897229582813,..,..,..,..
St. Martin (French part),MAF,GDP per capita (constant 2015 US$),NY.GDP.PCAP.KD,..,..,..,..,..,..,..,..,..,..,..,..,..,..,..,..,..,..,..,..
St. Martin (French part),MAF,"Unemployment, total (% of total labor force) (national estimate)",SL.UEM.TOTL.NE.ZS,..,..,..,..,..,..,..,..,..,..,..,..,..,..,..,..,..,..,..,..
St. Martin (French part),MAF,Domestic general government health expenditure (% of GDP),SH.XPD.GHED.GD.ZS,..,..,..,..,..,..,..,..,..,..,..,..,..,..,..,..,..,..,..,..
St. Martin (French part),MAF,Current health expenditure (% of GDP),SH.XPD.CHEX.GD.ZS,..,..,..,..,..,..,..,..,..,..,..,..,..,..,..,..,..,..,..,..
St. Vincent and the Grenadines,VCT,GDP per capita growth (annual %),NY.GDP.PCAP.KD.ZG,7.41339795731157,3.77042261406409,0.859512861875416,-0.914124585036191,-3.99351095016873,-0.0518118530617357,1.73945379802912,3.0319570809024,1.71007773700347,3.33765430602968,4.74804540016839,2.20738641850942,3.90031671690731,1.40193657114291,-3.67618803165428,2.77342166309265,3.91412869594379,6.07793111453327,4.79304780177681,4.10818502429764
St. Vincent and the Grenadines,VCT,GDP per capita (constant 2015 US$),NY.GDP.PCAP.KD,6707.27875985734,6960.17151500732,7019.9950843874,6955.82358345268,6678.04200697308,6674.58198966102,6790.68325958275,6996.57386151332,7116.22071347207,7353.73556054184,7702.8942635647,7872.92690537077,8179.99598957084,8294.67434486665,7989.74651933597,8211.33588012942,8532.7381341339,9051.35208011007,9485.18771201686,9874.85677312846
St. Vincent and the Grenadines,VCT,"Unemployment, total (% of total labor force) (national estimate)",SL.UEM.TOTL.NE.ZS,..,..,18.792,..,..,..,..,..,..,..,..,..,..,..,..,..,..,..,..,..
St. Vincent and the Grenadines,VCT,Domestic general government health expenditure (% of GDP),SH.XPD.GHED.GD.ZS,2.17451024,2.135355,2.31205726,2.5003233,2.54869199,2.39791298,2.77147985,2.6729424,2.53159404,2.52658701,2.58707666,2.69260287,2.79988337,2.87263203,3.2781105,3.56595063,3.1851058,3.06539917,..,..
St. Vincent and the Grenadines,VCT,Current health expenditure (% of GDP),SH.XPD.CHEX.GD.ZS,3.6556716,3.82213306,3.8878386,4.09299564,4.30325222,4.23327732,4.46855974,4.23780632,4.17431307,4.11605787,4.09760141,4.23171329,4.25346231,4.26063251,4.87071276,5.26607132,4.6054697,4.43696308,..,..
Sub-Saharan Africa,SSF,GDP per capita growth (annual %),NY.GDP.PCAP.KD.ZG,3.18978793245321,3.2840297838693,2.32853285941215,0.336898467100212,3.18035150226854,1.4721287146276,0.548363395085261,2.43070310681756,1.92581833484637,0.197701787393044,-1.33177722156033,-0.153632140231451,0.107922726885974,-0.0879322621984215,-5.74773720457316,0.993759309882989,1.48258616307812,0.215816697729807,1.11581843190349,1.64007818065397
Sub-Saharan Africa,SSF,GDP per capita (constant 2015 US$),NY.GDP.PCAP.KD,1410.57668732902,1456.90044586522,1490.82485147612,1495.84741754789,1543.42062336352,1566.14176154754,1574.72990968301,1613.00691852166,1644.07050150089,1647.32085826836,1625.38221431193,1622.88510482914,1624.6365666885,1623.20798700291,1529.91025762634,1545.11388324435,1568.02152788113,1571.4055801623,1588.93961326571,1614.99946516665
Sub-Saharan Africa,SSF,"Unemployment, total (% of total labor force) (national estimate)",SL.UEM.TOTL.NE.ZS,..,..,..,..,..,..,..,..,..,..,..,..,..,..,..,..,..,..,..,..
Sub-Saharan Africa,SSF,Domestic general government health expenditure (% of GDP),SH.XPD.GHED.GD.ZS,1.83461473611887,1.82081393090415,1.69395344394491,1.90935734723113,1.91807160379813,1.91105213469838,1.84929712146798,1.73444768778353,1.67903978786388,1.77870563521676,1.81465912166784,1.92877472407133,1.8657790333008,1.72392758458893,2.00166508719973,2.0358827631596,1.89570309708679,1.92337754522687,..,..
Sub-Saharan Africa,SSF,Current health expenditure (% of GDP),SH.XPD.CHEX.GD.ZS,5.1328005835852,5.04069676719282,4.82470287172037,5.22162738245254,5.16437485564725,5.08859144094539,4.91963229133089,4.90167601754793,4.69994632400439,4.92337499505911,4.9977588086862,4.97525397500782,4.66981464111871,4.49310767821026,4.86793728071123,5.07436814274861,4.91756933551018,4.91966846383615,..,..
Sub-Saharan Africa (excluding high income),SSA,GDP per capita growth (annual %),NY.GDP.PCAP.KD.ZG,3.18679699532009,3.2813513541174,2.33576878099086,0.341366672743447,3.18159059608914,1.4675271598723,0.548375992717979,2.4339038392404,1.92623136675671,0.19298656004112,-1.34082781455908,-0.157828803514562,0.105724626953105,-0.0909731992642833,-5.73939273979479,0.996390875055027,1.47887873010974,0.213251655075908,1.11596976341994,1.63836063219478
Sub-Saharan Africa (excluding high income),SSA,GDP per capita (constant 2015 US$),NY.GDP.PCAP.KD,1409.44567949082,1455.69454438035,1489.69620309457,1494.78152945706,1542.33935803034,1564.97360700684,1573.55554656004,1611.85437542034,1642.90241998613,1646.07300085129,1624.00199620793,1621.43885328826,1623.15311346717,1621.67647915089,1528.60209704355,1543.83294885439,1566.66436596342,1570.00530365333,1587.52608812619,1613.53549057987
Sub-Saharan Africa (excluding high income),SSA,"Unemployment, total (% of total labor force) (national estimate)",SL.UEM.TOTL.NE.ZS,..,..,..,..,..,..,..,..,..,..,..,..,..,..,..,..,..,..,..,..
Sub-Saharan Africa (excluding high income),SSA,Domestic general government health expenditure (% of GDP),SH.XPD.GHED.GD.ZS,1.83281403043127,1.81963889513114,1.69340883985365,1.90902312913851,1.91726809642184,1.91033671436026,1.84790360773875,1.73335998243406,1.67793202915599,1.77755516327981,1.81317296946701,1.92742563935251,1.86448579869495,1.72271808524488,1.9998576699119,2.03470613959875,1.89473472287966,1.92211229462338,..,..
Sub-Saharan Africa (excluding high income),SSA,Current health expenditure (% of GDP),SH.XPD.CHEX.GD.ZS,5.1336970085223,5.04189617716036,4.82570893022306,5.22287682861105,5.16489086199505,5.08906717189061,4.91939475098294,4.90220136869786,4.70014055906919,4.92395707360768,4.99805123628959,4.97575557255574,4.67006630730864,4.49332825164535,4.86722959990997,5.07427429169396,4.91802413678379,4.92011962789578,..,..
Sub-Saharan Africa (IDA & IBRD countries),TSS,GDP per capita growth (annual %),NY.GDP.PCAP.KD.ZG,3.18978793245319,3.28402978386926,2.32853285941219,0.336898467100255,3.18035150226852,1.47212871462766,0.548363395085303,2.43070310681755,1.92581833484635,0.197701787393029,-1.33177722156034,-0.153632140231409,0.107922726885917,-0.0879322621983931,-5.74773720457318,0.993759309883018,1.48258616307815,0.215816697729807,1.11581843190345,1.64007818065394
Sub-Saharan Africa (IDA & IBRD countries),TSS,GDP per capita (constant 2015 US$),NY.GDP.PCAP.KD,1410.57668732902,1456.90044586522,1490.82485147612,1495.84741754789,1543.42062336352,1566.14176154754,1574.72990968301,1613.00691852166,1644.07050150089,1647.32085826836,1625.38221431193,1622.88510482914,1624.6365666885,1623.20798700291,1529.91025762634,1545.11388324435,1568.02152788113,1571.4055801623,1588.93961326571,1614.99946516665
Sub-Saharan Africa (IDA & IBRD countries),TSS,"Unemployment, total (% of total labor force) (national estimate)",SL.UEM.TOTL.NE.ZS,..,..,..,..,..,..,..,..,..,..,..,..,..,..,..,..,..,..,..,..
Sub-Saharan Africa (IDA & IBRD countries),TSS,Domestic general government health expenditure (% of GDP),SH.XPD.GHED.GD.ZS,1.83461473611887,1.82081393090415,1.69395344394491,1.90935734723113,1.91807160379813,1.91105213469838,1.84929712146798,1.73444768778353,1.67903978786388,1.77870563521676,1.81465912166784,1.92877472407133,1.8657790333008,1.72392758458893,2.00166508719973,2.0358827631596,1.89570309708679,1.92337754522687,..,..
Sub-Saharan Africa (IDA & IBRD countries),TSS,Current health expenditure (% of GDP),SH.XPD.CHEX.GD.ZS,5.1328005835852,5.04069676719282,4.82470287172037,5.22162738245254,5.16437485564725,5.08859144094539,4.91963229133089,4.90167601754793,4.69994632400439,4.92337499505911,4.9977588086862,4.97525397500782,4.66981464111871,4.49310767821026,4.86793728071123,5.07436814274861,4.91756933551017,4.91966846383616,..,..
Sudan,SDN,GDP per capita growth (annual %),NY.GDP.PCAP.KD.ZG,3.55587752590014,2.69329211251048,0.693530743818769,-5.81042185394722,0.758886048751407,5.87200118550977,-7.20056369222739,-0.372546263586997,1.86452924090501,-1.14810293147822,0.369473161527822,-2.71987452387332,-6.01716755998106,-5.00795943799888,-6.18595807947966,-4.47700779563793,-3.59800846557803,-30.363173571103,-14.6570236407403,0.64402105445447
Sudan,SDN,GDP per capita (constant 2015 US$),NY.GDP.PCAP.KD,1336.1240234375,1372.10961914063,1381.62561035156,1301.34729003906,1311.22314453125,1388.21813964844,1288.25854492188,1283.45922851563,1307.3896484375,1292.37963867188,1297.15454101563,1261.87353515625,1185.94445800781,1126.55297851563,1056.86474609375,1009.54888916016,973.225280761719,677.723205566406,578.38916015625,582.114074707031
Sudan,SDN,"Unemployment, total (% of total labor force) (national estimate)",SL.UEM.TOTL.NE.ZS,..,..,15.566,13,..,17.44,..,..,..,..,..,..,..,..,..,..,7.53,..,..,..
Sudan,SDN,Domestic general government health expenditure (% of GDP),SH.XPD.GHED.GD.ZS,1.77735722,2.0494504,1.73194993,2.6293633,1.64626622,1.28281784,1.49337018,1.15195048,1.43453598,0.82485694,1.28979421,1.06663251,1.03874981,1.03735721,1.04006422,0.77320933,0.82583225,0.59154689,..,..
Sudan,SDN,Current health expenditure (% of GDP),SH.XPD.CHEX.GD.ZS,4.88544321,5.66269159,5.42313576,6.39496326,5.05810165,5.61579561,5.68827009,6.96487474,5.67619705,5.81112576,5.68438482,5.91767406,4.46172857,4.59967566,3.04323435,2.9669323,3.79416442,2.85165739,..,..
Suriname,SUR,GDP per capita growth (annual %),NY.GDP.PCAP.KD.ZG,4.64814560762545,3.92006219934488,2.93593297564139,1.81540250702821,3.95347703289852,4.64182224452708,1.52880858968571,1.77805890287095,-0.851471419293389,-4.45160318607753,-5.90338246401519,0.547149370341614,3.93294702617604,0.12296002295291,-16.8738740468232,-3.31629942420831,1.54051769500568,1.48474163935258,0.831904608783688,0.929600141453506
Suriname,SUR,GDP per capita (constant 2015 US$),NY.GDP.PCAP.KD,7599.35696921481,7897.25648915828,8129.11464659446,8276.69079768793,8603.90786745855,9003.28597674886,9140.92898611536,9303.46008775809,9224.24378410547,8813.61705392067,8293.31553031406,8338.69235401862,8666.64870697797,8677.30522021731,7213.10766669943,6973.89941868115,7081.33357325783,7186.47308144145,7246.25768221495,7313.61890387891
Suriname,SUR,"Unemployment, total (% of total labor force) (national estimate)",SL.UEM.TOTL.NE.ZS,..,..,..,8.711,7.154,7.545,8.1,6.602,6.945,7.222,7.917,..,..,..,..,..,..,..,..,..
Suriname,SUR,Domestic general government health expenditure (% of GDP),SH.XPD.GHED.GD.ZS,2.71723485,2.58420277,2.09781647,2.28777623,1.9906764,1.79151595,1.75651753,1.88953507,1.87637579,3.16422224,3.71001315,3.09932327,4.47947168,6.09356403,4.03236008,3.27092934,4.15005636,3.3523376,..,..
Suriname,SUR,Current health expenditure (% of GDP),SH.XPD.CHEX.GD.ZS,5.85598755,5.22148609,4.74699593,4.97810316,4.6978569,4.40932178,4.28435707,4.48738098,4.52127838,5.80808163,5.99283743,5.32285929,6.60567093,8.38353634,6.03425598,5.01704168,5.93297768,5.40666008,..,..
Sweden,SWE,GDP per capita growth (annual %),NY.GDP.PCAP.KD.ZG,4.08894162666398,2.46223270145694,-1.6919565204184,-5.06780005582803,4.85304553694191,2.38777753247983,-1.14837721022437,0.284298669472349,1.28579244857269,3.29020421290397,0.855975824436371,0.519214362381689,0.594886136077946,1.57332206499805,-2.63997048116038,4.5957806799404,0.568648782156174,-0.674701257933236,0.7016697822271,1.28528640204073
Sweden,SWE,GDP per capita (constant 2015 US$),NY.GDP.PCAP.KD,48078.3520110084,49262.152916545,48428.6587081751,45974.3911151254,48205.5492512742,49356.5905257047,48789.7906883637,48928.4994141291,49557.6183647959,51188.1652120493,51626.3235312369,51894.3748177808,52203.0872589761,53024.4099494317,51624.5811789573,53997.1337068799,54304.1877501033,53937.7967122429,54316.2619329718,55014.3814616932
Sweden,SWE,"Unemployment, total (% of total labor force) (national estimate)",SL.UEM.TOTL.NE.ZS,7.066,6.161,6.235,8.351,8.61,7.804,7.976,8.052,7.954,7.432,6.99,6.718,6.365,6.833,8.291,8.803,7.417,7.611,8.306,8.8
Sweden,SWE,Domestic general government health expenditure (% of GDP),SH.XPD.GHED.GD.ZS,6.60596895,6.56826925,6.77395391,7.22804117,6.85484648,8.87553692,9.1259203,9.23215675,9.30155087,9.16075993,9.21271133,9.2550211,9.37008476,9.28074455,9.83181,9.63231373,9.32068729,9.60061646,..,..
Sweden,SWE,Current health expenditure (% of GDP),SH.XPD.CHEX.GD.ZS,8.0421772,7.9882226,8.22603607,8.77742958,8.32384682,10.50179005,10.834198,10.9872179,11.07212639,10.93069172,10.95692444,10.94730949,11.09132671,10.93444347,11.42458725,11.23013592,10.85505676,11.152915,11.21510124,..
Switzerland,CHE,GDP per capita growth (annual %),NY.GDP.PCAP.KD.ZG,3.48286502643637,3.05804556705532,1.23705292875356,-3.15259444849458,2.190693084472,0.286375468408821,0.05606067958675,0.671837728442554,1.29988872743645,0.306157484449557,0.804739182018849,0.478338226837309,2.56908414233095,0.396618811151228,-2.966852612279,5.3665512260086,2.6785993140471,-0.441833465877266,0.0757783600805908,0.332425570126517
Switzerland,CHE,GDP per capita (constant 2015 US$),NY.GDP.PCAP.KD,80448.9696781612,82909.1358291459,83934.7657221246,81288.642957612,83069.4276373455,83307.3180998465,83354.0207485188,83914.0245080812,85004.8134534,85265.06205193,85951.2234148345,86362.360972862,88581.0826935584,88932.4119306425,86293.9183441155,90924.9256769825,93360.440112464,92947.9424441568,93018.3768706697,93327.5937403044
Switzerland,CHE,"Unemployment, total (% of total labor force) (national estimate)",SL.UEM.TOTL.NE.ZS,3.995,3.641,3.35,4.109,4.808,4.409,4.491,4.747,4.826,4.801,4.918,4.797,4.713,4.394,4.817,5.013,4.122,4.043,4.343,4.841
Switzerland,CHE,Domestic general government health expenditure (% of GDP),SH.XPD.GHED.GD.ZS,2.9323988,2.89200497,3.01256084,3.26037979,3.31898856,3.39824772,3.55156374,3.54965854,3.59058547,3.6722703,3.763062,3.8158226,3.75385094,3.82881737,4.2842145,4.26561546,4.04552841,3.8676703,..,..
Switzerland,CHE,Current health expenditure (% of GDP),SH.XPD.CHEX.GD.ZS,9.5802002,9.41693783,9.53167725,10.1415062,9.9907856,10.10393143,10.33511066,10.59444523,10.6751194,10.97983074,11.20248795,11.37471581,11.19891071,11.42588997,11.98960876,11.95855618,11.59911823,11.69096088,..,..
Syrian Arab Republic,SYR,GDP per capita growth (annual %),NY.GDP.PCAP.KD.ZG,0.643827556100021,-0.635666608517582,0.843314302451219,4.27180111202605,2.82658329617919,1.07142470619088,-25.9559180044911,-22.5829559975445,-4.14663713207196,0.00856895832579596,-5.28031989569315,-0.882573823971697,-0.435862757259983,-2.63687243879127,-2.38265909697594,-0.937128678948227,-3.90490484495091,..,..,..
Syrian Arab Republic,SYR,GDP per capita (constant 2015 US$),NY.GDP.PCAP.KD,1420.72014052107,1411.68909698729,1423.59407304833,1484.40718049155,1526.36518590261,1542.71903961106,1142.29215064994,884.328816905262,847.658909813856,847.731545352582,802.968607901263,795.881817153216,792.412864720441,771.517948289192,753.135305709477,746.077458768389,716.943843933856,..,..,..
Syrian Arab Republic,SYR,"Unemployment, total (% of total labor force) (national estimate)",SL.UEM.TOTL.NE.ZS,8.168,8.422,10.94,8.141,8.613,14.896,..,..,..,..,..,..,..,..,..,..,..,..,..,..
Syrian Arab Republic,SYR,Domestic general government health expenditure (% of GDP),SH.XPD.GHED.GD.ZS,1.77428043,1.76196051,1.56797349,1.59122777,1.44551027,1.14291418,1.37997222,1.81969619,1.98435199,1.76000929,1.83358467,1.91341209,1.88352227,1.97450435,1.4915427,1.09464335,0.8250348,0.40483445,..,..
Syrian Arab Republic,SYR,Current health expenditure (% of GDP),SH.XPD.CHEX.GD.ZS,3.79620314,3.73920178,3.41378117,3.57431221,3.35286307,2.6616261,3.22060776,3.77518535,4.23171377,3.67464328,3.89073515,3.91299295,3.93852568,3.96978569,3.67009115,3.50403309,3.3840971,2.70998812,..,..
Tajikistan,TJK,GDP per capita growth (annual %),NY.GDP.PCAP.KD.ZG,4.98592039180348,5.74856457778455,5.78378645390583,1.79394759926346,4.24657467143167,5.0303552095006,4.96076448659319,4.75131202806213,4.0554323883913,3.34193519398252,4.2256886170877,4.50305161526772,5.04059320866072,4.89098971791482,2.05116680370303,7.01157366120653,5.71622455034235,6.13628181088259,6.34141937002055,6.43226137350786
Tajikistan,TJK,GDP per capita (constant 2015 US$),NY.GDP.PCAP.KD,649.163328755334,686.48090192413,726.185491338269,739.212878526331,770.604105393791,809.368229154093,849.519080831738,889.882383099979,925.970961482804,956.916310930656,997.352614556708,1042.26391757642,1094.8002018221,1148.34676712493,1171.90127480359,1254.06999592306,1325.75545290849,1407.1075436221,1496.33813395037,1592.58651375753
Tajikistan,TJK,"Unemployment, total (% of total labor force) (national estimate)",SL.UEM.TOTL.NE.ZS,2.197,2.317,2.436,11.498,..,..,..,..,..,..,0.081,..,..,..,..,..,..,..,..,..
Tajikistan,TJK,Domestic general government health expenditure (% of GDP),SH.XPD.GHED.GD.ZS,0.93615186,1.07746482,1.36975408,1.08422637,1.18032789,1.30533111,1.60808611,1.90030849,2.07762313,2.04495692,1.98977911,1.98792565,1.89692557,1.89777529,2.1510756,1.94076729,1.78677893,1.90488744,..,..
Tajikistan,TJK,Current health expenditure (% of GDP),SH.XPD.CHEX.GD.ZS,5.03254795,5.54050112,5.91206694,5.85579777,5.73543453,5.85971785,5.98185873,6.53226423,6.6654973,6.90735912,6.96349716,6.85399008,7.01381588,6.9476676,8.8903532,8.37504482,7.62917423,7.43789911,..,..
Tanzania,TZA,GDP per capita growth (annual %),NY.GDP.PCAP.KD.ZG,3.59554927104524,3.83493311688827,2.87353898673082,2.70936589724377,3.67041498018565,4.70485004341454,1.53892032694513,3.62722794168234,3.51147946313948,2.77038211960942,3.30400665890222,3.23688527604725,2.24213027557943,2.71005881950599,-0.998987836780785,1.25401761079502,1.54299792361155,2.08099243052513,2.5538482690819,2.89095957066445
Tanzania,TZA,GDP per capita (constant 2015 US$),NY.GDP.PCAP.KD,704.502746582031,731.52001953125,752.540466308594,772.929565429688,801.29931640625,838.999267578125,851.910705566406,882.8115234375,913.811218261719,939.127319335938,970.156127929688,1001.55895996094,1024.01525878906,1051.7666015625,1041.25964355469,1054.31726074219,1070.58532714844,1092.86413574219,1120.77416992188,1153.17529296875
Tanzania,TZA,"Unemployment, total (% of total labor force) (national estimate)",SL.UEM.TOTL.NE.ZS,3.299,..,0.343,2.5,1.314,3.474,1.437,2.935,2.125,..,..,..,..,..,1.792,..,..,..,2.431,..
Tanzania,TZA,Domestic general government health expenditure (% of GDP),SH.XPD.GHED.GD.ZS,2.37998843,1.94105673,2.25783944,1.48484647,1.4499774,1.28681624,1.17573333,1.18517053,1.19945395,1.25726104,1.61013722,1.55679071,1.62666011,1.6312809,0.86159378,0.94497848,0.98185784,0.96664101,..,..
Tanzania,TZA,Current health expenditure (% of GDP),SH.XPD.CHEX.GD.ZS,7.598279,6.88427973,5.55704737,5.06306362,5.22392178,5.0559845,5.01779366,4.64643383,4.01492071,3.64969945,3.96350336,4.02325726,4.32775831,4.02347755,3.05028677,3.46963334,3.13497496,3.05201221,..,..
Thailand,THA,GDP per capita growth (annual %),NY.GDP.PCAP.KD.ZG,4.10011779691514,4.5949892120282,0.947280170156503,-1.42135866699509,6.79479928649167,0.215045559628464,6.58038336266074,2.08615316028128,0.45053655380589,2.65971785318402,2.96944155296718,3.73797800283087,3.90762624173355,1.90583495758329,-6.24932633137992,1.43703031357769,2.62640014696653,2.2957417568134,2.99804874211011,2.51134361626457
Thailand,THA,GDP per capita (constant 2015 US$),NY.GDP.PCAP.KD,4551.5250018314,4760.66708464831,4805.76393990836,4737.45679763314,5059.35747831657,5070.23740191942,5403.87846036273,5516.61164164135,5541.46599361845,5688.85335397884,5857.78052935926,6076.74307700082,6314.19948412043,6434.53770518034,6032.42244606793,6119.11018526099,6279.82250415973,6423.99101164149,6616.58539335928,6782.7505882501
Thailand,THA,"Unemployment, total (% of total labor force) (national estimate)",SL.UEM.TOTL.NE.ZS,1.22,1.176,1.176,1.489,0.622,0.662,0.579,0.249,0.576,0.597,0.688,0.83,0.765,0.716,1.099,1.215,0.94,0.733,0.781,0.604
Thailand,THA,Domestic general government health expenditure (% of GDP),SH.XPD.GHED.GD.ZS,2.2303164,2.41405702,2.60726309,2.64681911,2.50096011,2.72706866,2.68024039,2.62275028,2.78856063,2.74870157,2.85139871,2.7754643,2.74278641,2.71524906,3.06593847,3.62646127,3.8927443,3.5342176,..,..
Thailand,THA,Current health expenditure (% of GDP),SH.XPD.CHEX.GD.ZS,3.09970832,3.19277525,3.45933938,3.61939645,3.39009809,3.56825495,3.5229404,3.45313334,3.68448091,3.8522861,3.93900609,3.85276842,3.87040329,3.78911877,4.35724688,5.15399981,5.35471153,4.53787661,..,..
Timor-Leste,TLS,GDP per capita growth (annual %),NY.GDP.PCAP.KD.ZG,-6.89325891273231,7.16093774359759,8.42335310945737,7.40540545946205,6.72117634373186,3.52215453909612,2.58043451319878,0.985677294077263,2.42106298884939,0.504814158346647,1.06590239668736,-4.99167838514208,-2.35863547850684,21.8272465527765,29.2315955694561,3.49004138285764,-21.6343453654996,-19.0224447249042,-10.161913191806,5.62707069855799
Timor-Leste,TLS,GDP per capita (constant 2015 US$),NY.GDP.PCAP.KD,897.573763670928,961.848462090269,1042.86835443002,1120.09698448398,1195.38067803197,1237.48383284275,1269.41629276068,1281.92864092574,1312.96494079465,1319.59297370991,1333.6585468432,1267.08660142883,1237.20064730412,1507.24748294374,1947.83997138866,2015.82039246197,1579.71084680858,1279.2112241611,1149.21889002201,1213.88624944473
Timor-Leste,TLS,"Unemployment, total (% of total labor force) (national estimate)",SL.UEM.TOTL.NE.ZS,..,5.646,..,..,3.301,..,..,4.05,..,3.678,4.657,..,..,..,..,2.344,1.537,..,..,..
Timor-Leste,TLS,Domestic general government health expenditure (% of GDP),SH.XPD.GHED.GD.ZS,2.39656949,0.96646351,3.39832354,3.24565578,3.28824806,3.56822348,4.14897776,4.44555855,4.12430954,4.41761017,3.44634151,4.49020767,3.95292592,2.87948847,4.01566982,3.12096453,5.357265,7.4576478,..,..
Timor-Leste,TLS,Current health expenditure (% of GDP),SH.XPD.CHEX.GD.ZS,6.00192022,5.64793253,6.96563959,7.30931807,6.47058821,6.86541462,6.99215221,8.5323782,7.59958553,7.69146681,6.94250727,6.80442286,6.40227413,4.99218798,7.26445007,4.9192977,7.46371841,9.59779453,..,..
Togo,TGO,GDP per capita growth (annual %),NY.GDP.PCAP.KD.ZG,-0.234381611784201,-4.24863179214107,0.746106675039186,2.10306444374237,2.59389115844033,2.97777711687345,3.8561464321063,3.56529836692911,3.51991609433983,3.47161387733128,2.34242089940982,2.2541566874758,2.9148797520469,2.69276787668153,-0.0464136395853814,3.17336186086668,4.54969714998951,4.19303539209972,4.2112681850039,4.02034813190872
Togo,TGO,GDP per capita (constant 2015 US$),NY.GDP.PCAP.KD,678.890227390526,650.046681355874,654.896723036341,668.669623161752,686.014185396121,706.442158827353,733.683602929868,759.841612443554,786.587399651446,813.894676975085,832.959515987733,851.735728621337,876.562800915869,900.166602437871,899.748802355348,928.301087692897,970.535975822983,1011.2308927823,1053.81653764697,1096.18363113201
Togo,TGO,"Unemployment, total (% of total labor force) (national estimate)",SL.UEM.TOTL.NE.ZS,4.229,..,..,..,10.624,1.982,..,..,..,2.204,..,3.744,..,2.036,..,..,1.965,..,..,..
Togo,TGO,Domestic general government health expenditure (% of GDP),SH.XPD.GHED.GD.ZS,0.56445849,0.59498978,0.60018307,0.68256968,1.12349021,1.03214419,1.16667867,0.96069103,0.99828738,0.92438984,0.97535449,1.04958856,1.03169048,0.89146012,0.91246384,0.55793744,0.66535133,0.6805678,..,..
Togo,TGO,Current health expenditure (% of GDP),SH.XPD.CHEX.GD.ZS,4.30967808,3.67734432,3.74071932,3.92726755,4.33284378,4.38927078,4.64366484,4.78670263,4.90473413,6.24738503,6.58550072,6.50210476,6.16073656,5.91268635,6.18928432,5.6165967,6.24094057,6.10829544,..,..
Tonga,TON,GDP per capita growth (annual %),NY.GDP.PCAP.KD.ZG,-2.70155026186355,-2.89657717629593,4.57476736236848,-5.29112664808726,0.639458308941471,6.53506653770044,1.02306619626815,0.752077131516813,2.43921991317512,1.6036112602154,7.17551408749179,3.36688551758677,0.32690003061127,-0.381463313423794,1.77247777065416,-0.733953666451555,-1.71113087341446,3.22746003661523,2.12857915244764,3.22906826550479
Tonga,TON,GDP per capita (constant 2015 US$),NY.GDP.PCAP.KD,3775.24848570829,3665.89549972281,3833.60169058266,3630.76096995072,3653.97817265087,3892.76807750666,3932.59367180675,3962.16980948788,4058.81584447473,4123.90347238813,4419.8147470039,4568.62484962494,4583.55968565688,4566.07508700721,4647.0077529158,4612.90086913298,4533.96809820124,4680.30010664357,4779.92399898557,4934.27100795206
Tonga,TON,"Unemployment, total (% of total labor force) (national estimate)",SL.UEM.TOTL.NE.ZS,1.087,..,..,..,..,..,..,..,..,..,1.054,..,2.248,..,..,2.111,..,1.652,..,..
Tonga,TON,Domestic general government health expenditure (% of GDP),SH.XPD.GHED.GD.ZS,2.85051656,3.18001747,2.89580131,3.04270864,2.85781646,2.74445701,2.7870214,2.77536654,2.8828485,2.76189899,2.98697019,2.90944481,3.19946599,2.99766731,2.98630214,3.28024626,3.8381629,3.40475059,..,..
Tonga,TON,Current health expenditure (% of GDP),SH.XPD.CHEX.GD.ZS,5.47225046,4.73330021,6.05759716,3.97380877,4.81632328,4.73990822,8.13786125,4.16768837,5.19583178,4.78137636,5.22591066,5.62952805,6.12240648,5.74527884,5.55919838,7.06254101,7.95276737,7.36037779,..,..
Trinidad and Tobago,TTO,GDP per capita growth (annual %),NY.GDP.PCAP.KD.ZG,12.9071459292893,4.33268105297186,2.96516094023625,-4.50258208171535,2.72667409792857,-1.06803812728484,6.13730928249969,2.95466061754502,3.3020638436403,-0.725356979544244,-7.82511237114002,-5.06473832096466,-1.13201603020309,0.114767755861862,-8.97165770967038,-0.777215541824603,0.990715463329252,1.33995194217194,2.44755276913735,-0.746495546326813
Trinidad and Tobago,TTO,GDP per capita (constant 2015 US$),NY.GDP.PCAP.KD,17021.2241679562,17758.6995224652,18285.2735441992,17461.9640940055,17938.0949459463,17746.509252615,18835.6674122954,19392.1974593783,20032.5402001718,19887.2327716498,18331.034459758,17402.6155328454,17205.615135339,17225.361633712,15679.9611486825,15558.0940536829,15712.230497272,15922.7668349788,16312.4849555716,16190.712981883
Trinidad and Tobago,TTO,"Unemployment, total (% of total labor force) (national estimate)",SL.UEM.TOTL.NE.ZS,6.268,5.544,4.627,5.28,4.033,3.425,3.718,2.683,2.477,2.428,3.207,..,..,3.523,4.206,4.446,4.383,3.361,4.006,..
Trinidad and Tobago,TTO,Domestic general government health expenditure (% of GDP),SH.XPD.GHED.GD.ZS,1.86406863,1.91819596,1.74781442,2.61162758,2.44673586,2.35490894,2.25893903,2.47376657,2.4501431,2.90972495,3.24490404,3.43325257,3.22142673,3.17576575,3.44541454,3.36165905,3.02066517,3.64105821,..,..
Trinidad and Tobago,TTO,Current health expenditure (% of GDP),SH.XPD.CHEX.GD.ZS,4.15431976,4.1536026,3.6575706,5.48676443,5.08042908,4.72197914,4.62851572,4.80224705,4.87381697,5.6525383,6.47465849,6.56562996,6.65089417,6.90704823,7.47677326,7.20521307,6.64416027,7.52568626,..,..
Tunisia,TUN,GDP per capita growth (annual %),NY.GDP.PCAP.KD.ZG,4.31907482857264,5.73567938504127,3.23983058347032,1.99812423215356,1.86835635362381,-3.1268978636142,3.04657312459409,1.2189966874892,1.87486431059185,-0.165402101671091,0.00849827158573646,1.18340493178839,1.60391587948506,0.613127731689971,-9.72752601384167,4.08785924151975,2.15276458662672,-0.481913639518325,0.979801739421518,1.89995917167896
Tunisia,TUN,GDP per capita (constant 2015 US$),NY.GDP.PCAP.KD,3444.5513526091,3642.11977444786,3760.11828478704,3835.25011939301,3906.90625867605,3784.7412903401,3900.04620132702,3947.58763533174,4021.59954703591,4014.94773686432,4015.28893802703,4062.80606534519,4127.97005697994,4153.27978615515,3749.26841452928,3902.53322990199,3986.54558325666,3967.33387634534,4006.20588267443,4082.32215877864
Tunisia,TUN,"Unemployment, total (% of total labor force) (national estimate)",SL.UEM.TOTL.NE.ZS,12.51,12.365,12.444,13.29,13.049,18.334,17.63,15.934,14.259,15.159,15.557,15.33,15.459,17.153,..,6.492,15.3,15.106,..,..
Tunisia,TUN,Domestic general government health expenditure (% of GDP),SH.XPD.GHED.GD.ZS,2.68162847,2.76273274,2.80299711,2.97510505,3.12751889,3.45419288,3.58298373,3.8491714,3.7496531,3.34255123,3.40580177,3.32102466,3.09321761,3.56713367,4.31212521,4.1127286,3.9555614,4.3189435,..,..
Tunisia,TUN,Current health expenditure (% of GDP),SH.XPD.CHEX.GD.ZS,5.13109922,5.17542839,5.1644063,5.40595293,5.60950756,6.12299299,6.28984737,6.51394987,6.45006084,6.21339941,6.24778175,6.18557453,5.9375186,6.02461243,7.05612612,7.34183979,7.51270723,7.98537874,..,..
Turkiye,TUR,GDP per capita growth (annual %),NY.GDP.PCAP.KD.ZG,5.97350417809075,4.93924794926627,-0.349081731358567,-6.18658127732729,6.90544093016851,9.36292358017863,3.48010432023058,7.10372830173409,3.19911298885714,4.4033792666971,1.9428315705164,6.43664614092381,2.07704135618785,-0.136378469205951,0.819957444576985,10.797736075363,4.40815937187469,4.61909774991381,3.09479882124933,3.17044473186495
Turkiye,TUR,GDP per capita (constant 2015 US$),NY.GDP.PCAP.KD,8078.5153787571,8477.53328393352,8447.93976396947,7925.30110421185,8472.57809050119,9265.85910238578,9588.32066531438,10269.4489140773,10597.9801881716,11064.6494504662,11279.6169531569,12005.6459824832,12255.0082146169,12238.2950220128,12338.643833135,13670.938029516,14273.5747654873,14932.8851363122,15395.0278894893,15883.1187401807
Turkiye,TUR,"Unemployment, total (% of total labor force) (national estimate)",SL.UEM.TOTL.NE.ZS,10.233,10.281,10.97,14.024,11.881,9.784,9.21,9.717,9.912,10.302,10.905,10.916,10.958,13.731,13.155,11.979,10.432,9.354,8.711,8.4
Turkiye,TUR,Domestic general government health expenditure (% of GDP),SH.XPD.GHED.GD.ZS,3.54304099,3.60262251,3.79284501,4.42291498,3.91593647,3.68182659,3.51873088,3.42470455,3.35657501,3.21666884,3.36101246,3.24810481,3.18893552,3.38672566,3.63981962,3.59388018,2.78341818,3.24591351,..,..
Turkiye,TUR,Current health expenditure (% of GDP),SH.XPD.CHEX.GD.ZS,5.14591694,5.23760796,5.21761751,5.49438715,5.02053452,4.6530509,4.44444656,4.37099934,4.32517862,4.11690426,4.28469229,4.17974997,4.12101603,4.35954332,4.61640215,4.56065559,3.70338893,4.27524424,..,..
Turkmenistan,TKM,GDP per capita growth (annual %),NY.GDP.PCAP.KD.ZG,8.92835363724222,9.0062665732903,12.5329864956381,4.02604908682306,6.98701643093588,12.3150963498324,8.65854927877794,7.73686051793135,7.88052305867335,4.04654007021054,3.81940190706788,4.04622979985758,3.83691417565801,4.0121953580019,3.64707009830416,4.02379198709588,4.20504344934773,4.38073247443103,4.43792563432616,4.56505264866701
Turkmenistan,TKM,GDP per capita (constant 2015 US$),NY.GDP.PCAP.KD,2858.53224143565,3115.9792751828,3506.50453694834,3647.67813083756,3902.54200118683,4383.14380872567,4762.66047536389,5131.14087328544,5535.50161297771,5759.497903834,5979.47627661058,6221.41962759021,6460.13015920839,6719.32320157703,6964.38162887016,7244.61385880341,7549.25301930356,7879.96559789716,8229.67261114232,8605.36149865389
Turkmenistan,TKM,"Unemployment, total (% of total labor force) (national estimate)",SL.UEM.TOTL.NE.ZS,..,..,..,..,4,..,..,..,..,..,..,..,..,..,..,..,..,..,..,..
Turkmenistan,TKM,Domestic general government health expenditure (% of GDP),SH.XPD.GHED.GD.ZS,0.90367627,0.81136948,0.55347836,0.68261433,0.77174926,0.83719772,0.89324039,1.1326803,1.14786649,1.20134497,1.038046,1.27922606,0.98964322,1.00793219,1.0236249,0.94310212,0.79879308,0.94220257,..,..
Turkmenistan,TKM,Current health expenditure (% of GDP),SH.XPD.CHEX.GD.ZS,4.92075682,3.09328628,3.45380449,2.81471276,3.20879436,3.22296,3.34203553,3.96929264,4.25741673,5.01652908,5.58718491,5.82361221,5.55298042,5.5522337,5.57226086,5.49196625,5.37103748,5.49789095,..,..
Turks and Caicos Islands,TCA,GDP per capita growth (annual %),NY.GDP.PCAP.KD.ZG,..,..,3.70447487476251,-22.8174275175901,-2.92353368570767,0.865882697036824,-6.54753243910046,-3.51219274120511,4.37835200669825,6.58611583730091,2.46456149346457,67.5979946960904,2.52456646348665,1.07340727929571,-35.6362101547339,27.1739181653097,12.5841107323701,12.8670493869653,4.87181797375062,..
Turks and Caicos Islands,TCA,GDP per capita (constant 2015 US$),NY.GDP.PCAP.KD,..,37466.1822614725,38854.1075698814,29988.5997375172,29111.8729223189,29363.9475927366,27441.3335987017,26477.5410719582,27636.8210228067,29457.0140691162,30183.0002949881,50586.1032335151,51863.1830309332,52419.8862128617,33739.4253991739,42907.7492465912,48307.3079245499,54523.0330927151,57179.29601876,..
Turks and Caicos Islands,TCA,"Unemployment, total (% of total labor force) (national estimate)",SL.UEM.TOTL.NE.ZS,7.447,5.427,8.299,..,..,..,..,..,..,..,..,..,..,..,..,..,..,..,..,..
Turks and Caicos Islands,TCA,Domestic general government health expenditure (% of GDP),SH.XPD.GHED.GD.ZS,..,..,..,..,..,..,..,..,..,..,..,..,..,..,..,..,..,..,..,..
Turks and Caicos Islands,TCA,Current health expenditure (% of GDP),SH.XPD.CHEX.GD.ZS,..,..,..,..,..,..,..,..,..,..,..,..,..,..,..,..,..,..,..,..
Tuvalu,TUV,GDP per capita growth (annual %),NY.GDP.PCAP.KD.ZG,0.132490287100808,5.58254169285016,5.14382444282117,-6.88301475325463,-3.87417505668408,5.86441985622457,-4.22103363025631,3.17281381465209,1.82457678390588,9.58848297832067,5.09284757758506,3.84759945752347,2.49947603859147,15.2691969832959,-1.33317014747919,2.01098685501276,-9.13699709767813,5.36467493101129,5.21196104822583,3.28836017215532
Tuvalu,TUV,GDP per capita (constant 2015 US$),NY.GDP.PCAP.KD,2890.2979042629,3051.64998981595,3208.62150790145,2987.77161613649,2872.02011343345,3040.4474312404,2912.10912265748,3004.5049231989,3059.3244224989,3352.66722400181,3523.41345550387,3658.98029250415,3750.43562817208,4323.09703196938,4265.46279289261,4351.24068896314,3953.66795349958,4165.7693870564,4382.8876648687,4527.01279723055
Tuvalu,TUV,"Unemployment, total (% of total labor force) (national estimate)",SL.UEM.TOTL.NE.ZS,..,..,..,..,5.525,..,..,..,..,..,8.489,26.553,..,..,..,..,7.318,..,..,..
Tuvalu,TUV,Domestic general government health expenditure (% of GDP),SH.XPD.GHED.GD.ZS,9.88550949,9.44745445,9.33237934,10.03053665,13.19273663,11.89357758,11.83783531,9.88884354,12.08134651,10.14206505,15.31349277,19.17265701,15.51837921,17.16871262,14.97134399,9.89659023,16.46469879,19.72272301,..,..
Tuvalu,TUV,Current health expenditure (% of GDP),SH.XPD.CHEX.GD.ZS,12.17554379,10.45884991,10.33977222,13.0113821,16.21352577,14.74390411,13.87374306,13.80392075,14.52762222,13.44188595,18.32539177,24.45763206,18.42199898,22.22294044,17.88715363,18.57411194,21.28792,27.08968544,..,..
Uganda,UGA,GDP per capita growth (annual %),NY.GDP.PCAP.KD.ZG,7.58857752601207,5.27037575377261,5.5545038560267,3.70592159085399,2.57308463341826,6.23090993981926,0.865151267915266,0.656669463732158,2.04948459267207,2.00429943099081,1.35743312909598,-0.406390812740796,2.75300382511665,2.88958690241905,-0.423922683361482,0.258075577364949,1.48927085105888,2.42759459782118,3.17493921238938,3.49725229634556
Uganda,UGA,GDP per capita (constant 2015 US$),NY.GDP.PCAP.KD,650.270540867444,684.542241787248,722.565167003452,749.342865535423,768.624091660131,816.516366587228,823.580468285493,828.988669729986,845.978664791099,862.934610355811,874.648370639216,871.093880017151,895.07512785438,920.939101515671,917.0350317644,919.401675217265,933.094056370423,955.745797275462,986.090145363924,1020.5762056167
Uganda,UGA,"Unemployment, total (% of total labor force) (national estimate)",SL.UEM.TOTL.NE.ZS,..,..,..,3.6,1.401,0.881,3.551,1.914,1.566,..,..,3.428,..,2.563,..,3.416,..,..,..,..
Uganda,UGA,Domestic general government health expenditure (% of GDP),SH.XPD.GHED.GD.ZS,0.98067528,1.03115988,0.93871653,0.82681918,1.09722447,0.90863341,0.9248504,0.97432142,0.95077145,0.75713688,0.78636652,0.63865817,0.67459893,0.57344079,1.19107807,1.14727044,0.98358905,0.92339057,..,..
Uganda,UGA,Current health expenditure (% of GDP),SH.XPD.CHEX.GD.ZS,6.463305,6.11309004,5.45474958,5.78845549,6.80890226,6.6959095,6.10853958,5.78252411,5.33653069,4.99643135,5.01553297,3.99852037,4.02153397,3.79341364,5.23865509,5.47374916,4.45071125,4.23600149,..,..
Ukraine,UKR,GDP per capita growth (annual %),NY.GDP.PCAP.KD.ZG,8.26961304502665,8.71227296398449,2.77550904646171,-14.7807201233911,4.46782513515676,5.78262206521443,0.364275557578679,0.226082936004985,-5.08846879597155,-9.27686663817931,2.94151228987063,2.86027869650954,4.09937975447431,3.87284698333255,-3.08458576352871,4.41050883289091,-22.7456813021158,15.4480219876898,2.85533390256367,-1.32161434081765
Ukraine,UKR,GDP per capita (constant 2015 US$),NY.GDP.PCAP.KD,2298.13232421875,2498.35205078125,2567.69409179688,2188.17016601563,2285.93383789063,2418.12084960938,2426.92944335938,2432.41625976563,2308.6435546875,2094.47387695313,2156.0830078125,2217.7529296875,2308.6669921875,2398.07836914063,2324.107421875,2426.6123046875,1874.66296386719,2164.26123046875,2226.05810546875,2196.63818359375
Ukraine,UKR,"Unemployment, total (% of total labor force) (national estimate)",SL.UEM.TOTL.NE.ZS,6.81,6.351,6.363,8.84,8.1,7.856,7.529,7.17,9.27,9.14,9.35,9.5,8.799,8.194,9.475,9.834,..,..,..,..
Ukraine,UKR,Domestic general government health expenditure (% of GDP),SH.XPD.GHED.GD.ZS,3.8776598,3.56262231,3.1923337,3.85025716,3.68650508,3.42423868,3.74169087,3.3410418,3.45616627,3.68844223,3.64566922,3.51985121,3.50151348,3.17738771,3.72709227,4.27551651,..,..,..,..
Ukraine,UKR,Current health expenditure (% of GDP),SH.XPD.CHEX.GD.ZS,6.4171896,6.01776791,5.49754429,6.60991716,6.81387615,6.81669855,7.11789227,6.94358015,7.19506168,7.78352833,7.55205393,7.44610357,7.52051353,7.09389353,7.56217051,8.2027483,..,..,..,..
United Arab Emirates,ARE,GDP per capita growth (annual %),NY.GDP.PCAP.KD.ZG,2.28740527695417,-8.10762969870919,-7.90937300755436,-10.9561860297587,-0.804617487902945,3.21044717047995,0.619820807088118,0.805426598522857,-0.124043269981982,1.47472912196567,0.57481122939582,-4.1521758396202,0.195833797104513,0.208979855084152,-8.25883323246956,2.65161941845433,2.18067106977496,0.234310330355683,-0.766014064229807,..
United Arab Emirates,ARE,GDP per capita (constant 2015 US$),NY.GDP.PCAP.KD,56629.9713117545,52038.6229393122,47922.6941430472,42672.1946222627,42328.84668186,43687.7919424546,43958.5779670713,44312.6320463505,44257.6652085451,44910.3458860776,45168.4955973912,43293.0202360765,43377.802601486,43468.4534705013,39878.4663896389,40935.8915482084,41828.5686923546,41926.5773498407,41605.4138706908,..
United Arab Emirates,ARE,"Unemployment, total (% of total labor force) (national estimate)",SL.UEM.TOTL.NE.ZS,..,..,4.007,..,..,..,..,..,..,..,1.636,2.462,2.236,2.331,4.294,3.105,2.872,2.151,1.875,..
United Arab Emirates,ARE,Domestic general government health expenditure (% of GDP),SH.XPD.GHED.GD.ZS,1.33256018,1.50558293,1.8716644,2.98415613,2.65301466,2.58301282,2.42006803,2.52060986,2.50834441,2.46962833,2.97157669,2.19714189,2.1139648,2.2531426,3.55229998,3.40082932,3.0025692,3.31956935,..,..
United Arab Emirates,ARE,Current health expenditure (% of GDP),SH.XPD.CHEX.GD.ZS,2.3254137,2.56602693,2.92857623,4.05000162,3.74433136,3.56666398,3.33596373,3.50222182,3.53405499,3.46609354,3.89580107,4.00854969,4.09854221,4.40291262,5.82477045,5.30494308,4.56536388,4.97095108,..,..
United Kingdom,GBR,GDP per capita growth (annual %),NY.GDP.PCAP.KD.ZG,1.4414302818718,2.13253558466515,-0.832967942760902,-5.30637777763782,1.46206947680976,0.0663488911998797,0.807661642969506,1.04127689543228,2.39228723571463,1.40597768353071,1.39797854877506,2.46409428701189,1.0564966711085,0.738072456841849,-10.1988501221779,8.15741414430147,4.1267500565517,-1.0306551867823,-0.0212601831000256,1.08786759604824
United Kingdom,GBR,GDP per capita (constant 2015 US$),NY.GDP.PCAP.KD,43944.9985799069,44882.141312304,44508.2874631479,42146.5095879962,42762.720840223,42791.0934313474,43136.7006795996,43585.8731772281,44628.5724578217,45256.040227057,45888.7099614563,47019.4510419999,47516.2099770322,47866.9140354078,42985.0392148248,46491.5068836685,48410.095170282,47911.1540134832,47900.9680144146,48422.0671236369
United Kingdom,GBR,"Unemployment, total (% of total labor force) (national estimate)",SL.UEM.TOTL.NE.ZS,5.472,5.399,5.748,7.683,7.973,8.195,8.279,7.752,6.398,5.552,4.909,4.501,4.145,3.657,4.518,4.864,3.768,4.025,4.361,4.896
United Kingdom,GBR,Domestic general government health expenditure (% of GDP),SH.XPD.GHED.GD.ZS,7.03568316,7.04716635,7.3422575,8.14155865,8.03008556,8.01413918,8.01443958,7.93981838,7.93892813,7.90739918,7.90904903,7.73283911,7.78175926,7.95685244,10.17949867,10.11974335,9.10831928,8.98766613,..,..
United Kingdom,GBR,Current health expenditure (% of GDP),SH.XPD.CHEX.GD.ZS,8.53970814,8.76035309,9.03295708,9.83944035,9.78799534,9.79682636,9.89332199,9.99087143,9.97686195,9.94044876,9.87085724,9.70468903,9.79496574,9.97954082,12.10388088,12.08347321,11.09679794,10.99128914,11.133358,..
United States,USA,GDP per capita growth (annual %),NY.GDP.PCAP.KD.ZG,1.79819874479622,1.03834382734772,-0.8288881218228,-3.42683194491448,1.82992370300914,0.762796399892366,1.4757059723453,1.34816252387824,1.71094544248081,2.12741137868935,1.02266589237917,1.75014095196009,2.3644424974579,2.05676589969444,-2.48059997386319,5.98515132703822,1.94217130872103,2.09110944991448,1.81099561417319,1.62901328272834
United States,USA,GDP per capita (constant 2015 US$),NY.GDP.PCAP.KD,53596.315236412,54152.8292673551,53703.962897927,51863.6183416558,52812.6829869279,53215.5362314388,54000.8410778217,54728.860179812,55665.2411187802,56849.4697923159,57430.8499298804,58435.9707535619,59817.6556798612,61047.9648238812,59533.609024416,63096.7856149746,64322.2332819139,65667.281580468,66856.5131698371,67945.6146497427
United States,USA,"Unemployment, total (% of total labor force) (national estimate)",SL.UEM.TOTL.NE.ZS,4.623,4.622,5.784,9.254,9.633,8.949,8.069,7.375,6.168,5.28,4.869,4.355,3.896,3.669,8.055,5.349,3.65,3.638,4.022,4.282
United States,USA,Domestic general government health expenditure (% of GDP),SH.XPD.GHED.GD.ZS,6.81126356,6.91318035,7.22217178,7.87214708,7.93023777,7.93057156,7.87408161,7.89930439,8.19843483,8.43071175,8.55800343,8.53016281,8.5214138,8.59688473,10.54044342,9.62210751,9.11976719,9.00711727,..,..
United States,USA,Current health expenditure (% of GDP),SH.XPD.CHEX.GD.ZS,14.70878792,14.91832542,15.20723629,16.20067596,16.19722366,16.14000511,16.11975479,15.95227051,16.1415844,16.40155411,16.69203949,16.63827515,16.51312637,16.54486084,18.51597404,17.35207748,16.52875137,16.69414902,..,..
Upper middle income,UMC,GDP per capita growth (annual %),NY.GDP.PCAP.KD.ZG,7.59534286444649,8.44336859379612,5.35801923555452,2.63411800350215,7.55732098825118,5.9280641171385,4.79479361944483,4.67642623030888,4.0438347804169,3.63319170312823,3.74378265254833,4.52293926104565,4.13450320082114,3.51848874215777,-1.07465650457317,7.11292651598244,3.23353445380006,4.31345051341052,3.87737337600318,3.85087301927436
Upper middle income,UMC,GDP per capita (constant 2015 US$),NY.GDP.PCAP.KD,4482.59348714912,4861.07537783062,5121.53273162959,5256.4399473687,5653.68598674602,5988.84011702199,6275.99264083172,6569.48480689983,6835.14391841545,7083.47780015619,7348.66781323555,7681.04359492421,7998.61658821282,8280.04701239745,8191.064948597,8773.6893792671,9057.3896482151,9448.07566849762,9814.41283901258,10192.3534150303
Upper middle income,UMC,"Unemployment, total (% of total labor force) (national estimate)",SL.UEM.TOTL.NE.ZS,4.30143594736882,4.19018182368783,4.2094759924644,4.52664694981974,4.4414924290819,4.42326182483766,4.36774539186576,4.36298616587285,4.45010843867942,4.70606455609453,5.30595054743556,5.37085646986618,5.85045305255608,5.98757199292192,6.65354594176028,6.36618059850073,5.36766308409504,..,..,..
Upper middle income,UMC,Domestic general government health expenditure (% of GDP),SH.XPD.GHED.GD.ZS,2.30864517189931,2.35148936547935,2.46461880230775,2.77317380954195,2.69796758545548,2.71795435448527,2.78222003901321,2.88304528938869,2.98249507230891,3.12443355016152,3.08862543255803,3.06616680599352,3.00640585590278,3.04415745750317,3.23238075841547,3.11096099020486,3.33822596312547,3.35730313140995,..,..
Upper middle income,UMC,Current health expenditure (% of GDP),SH.XPD.CHEX.GD.ZS,5.05818783738208,4.98504284543788,5.00398186740559,5.39620236757125,5.23236913570303,5.21143655360603,5.24703247945604,5.29659210643022,5.36406257742791,5.48299870915982,5.50339135013004,5.57972222307067,5.51345732628541,5.60816286910953,5.8494453074072,5.71249292992225,5.95034133181565,6.04134929459251,..,..
Uruguay,URY,GDP per capita growth (annual %),NY.GDP.PCAP.KD.ZG,3.98038082694534,6.35892754413862,6.94817225721984,3.99426146565813,7.52764617823019,4.90150561357953,3.27196082931438,4.32675421961548,2.9005302021196,0.0225745559950212,1.35078037686081,1.46549079282399,-0.0151011268806798,0.848967983378387,-7.40535234891223,5.91510210973331,4.78459885025788,0.845973105465262,3.37131091243454,1.84184818056804
Uruguay,URY,GDP per capita (constant 2015 US$),NY.GDP.PCAP.KD,11574.470540231,12310.482735502,13165.83628166,13691.71420689,14722.3780081191,15443.9961926395,15949.3176985435,16639.4054750651,17122.0364563225,17125.9016800298,17357.2349992841,17611.6036800874,17608.94412947,17758.4384273402,16443.363490131,17416.0052308469,18249.2912168828,18403.6753125157,19024.1204266155,19374.5158425622
Uruguay,URY,"Unemployment, total (% of total labor force) (national estimate)",SL.UEM.TOTL.NE.ZS,10.844,9.403,8.025,7.74,7.158,6.307,6.451,6.444,6.547,7.488,7.841,7.89,8.336,8.836,10.413,9.328,7.877,8.355,8.209,..
Uruguay,URY,Domestic general government health expenditure (% of GDP),SH.XPD.GHED.GD.ZS,3.67667699,3.62133288,4.55632162,4.6968317,4.72670984,4.86718798,5.15904379,5.37133551,5.47611523,5.64815187,6.00605679,6.0405345,6.15175676,6.1543541,6.50547266,6.54937553,6.28247643,6.52589464,..,..
Uruguay,URY,Current health expenditure (% of GDP),SH.XPD.CHEX.GD.ZS,7.70998907,7.46167231,8.09081745,7.91611385,7.87757301,7.91521358,8.03330803,8.0844841,8.038908,8.25703716,8.63852501,8.71702194,8.9001112,9.240695,9.08774948,8.91955471,8.89015961,9.01887608,..,..
Uzbekistan,UZB,GDP per capita growth (annual %),NY.GDP.PCAP.KD.ZG,6.07475146177363,7.948870305745,7.36856523907178,6.33169102436078,5.90590026943734,6.48597744904724,5.74728187814682,6.2437627382201,5.93557285916549,6.09703163459466,4.88544792792544,2.94115209964183,3.91344009833303,4.87800830454302,-0.259354857453758,6.1274486675632,3.97489304786605,4.18879735936189,4.59454789720127,5.68950787978028
Uzbekistan,UZB,GDP per capita (constant 2015 US$),NY.GDP.PCAP.KD,1807.87328626177,1951.57878907892,2095.38214534409,2228.0552685669,2359.64199067641,2512.68783806993,2657.09909084172,2823.00205379328,2990.56339751192,3172.89899391083,3327.90932206401,3425.78819696408,3559.85436594803,3733.50435754861,3723.82133264406,3951.99657327359,4109.08421031655,4281.20542121225,4477.90745486742,4732.67835236137
Uzbekistan,UZB,"Unemployment, total (% of total labor force) (national estimate)",SL.UEM.TOTL.NE.ZS,0.2,4.99,4.89,5,5.4,5,4.9,4.9,5.1,5.2,5.2,5.8,9.3,9,5.293,..,..,..,..,..
Uzbekistan,UZB,Domestic general government health expenditure (% of GDP),SH.XPD.GHED.GD.ZS,1.9279021,1.79759741,1.91604054,1.9971329,2.12282252,2.08887649,2.33609509,2.40117002,2.31306577,2.35756874,2.05541873,1.7881006,1.73769212,2.01079655,2.80912924,2.71542764,2.23423076,2.38440657,..,..
Uzbekistan,UZB,Current health expenditure (% of GDP),SH.XPD.CHEX.GD.ZS,4.75141335,4.54267979,4.70447445,4.79649639,5.29938841,5.26245499,5.54822111,5.71896601,4.43092394,4.73596573,4.71504498,4.30888557,4.55261564,4.83520985,6.08597755,6.92742586,6.61703825,6.74312878,..,..
Vanuatu,VUT,GDP per capita growth (annual %),NY.GDP.PCAP.KD.ZG,5.86726101068511,0.387169374214352,2.98535481581028,0.453966271093734,-1.08593808514878,0.925978795990702,-1.18521413465282,-1.74696050530036,0.823853206578846,1.22135408114572,1.3401397722921,1.8208195580786,0.0888190242215785,0.897747718651672,-7.89338931570623,-3.42850167019159,3.17078255168309,3.39776254449882,1.43313166240642,0.780778397940367
Vanuatu,VUT,GDP per capita (constant 2015 US$),NY.GDP.PCAP.KD,3129.08540327369,3141.20026364818,3234.97623699324,3249.66193798709,3214.3726213639,3244.13703026186,3205.68705963169,3149.6849727764,3175.63375342175,3214.41948587141,3257.49719984988,3316.81034596861,3319.75630455318,3349.5593410421,3085.16558189305,2979.39062838967,3073.86062658113,3178.3031116212,3223.85237984109,3249.02352280438
Vanuatu,VUT,"Unemployment, total (% of total labor force) (national estimate)",SL.UEM.TOTL.NE.ZS,8.006,..,..,4.565,1.848,..,..,..,..,..,..,..,..,5.444,4.046,..,..,..,..,1.412
Vanuatu,VUT,Domestic general government health expenditure (% of GDP),SH.XPD.GHED.GD.ZS,2.14560485,2.22314644,2.27352452,2.00294042,1.94011939,2.36122203,2.29943132,2.24571776,0.58717012,2.01937246,1.28941309,1.47122371,2.14049673,1.90414143,2.57221556,1.23241973,1.62112224,2.33037138,..,..
Vanuatu,VUT,Current health expenditure (% of GDP),SH.XPD.CHEX.GD.ZS,3.32229328,3.10786796,3.13883376,3.25181413,3.52637076,3.59770703,3.93631458,4.39240074,3.64018846,4.1583128,2.98904061,2.88118052,3.44049001,3.49615431,4.12128973,4.58828115,4.05895281,4.1186676,..,..
"Venezuela, RB",VEN,GDP per capita growth (annual %),NY.GDP.PCAP.KD.ZG,8.12092547262088,7.1350657905012,3.69937007292253,-4.38771914603977,-2.86746142164827,2.79431165197599,4.36175625931372,0.0892416425159297,-4.94495109758775,-7.16884576852922,-17.6288988102954,-15.1462172534753,-17.6001192318482,-25.4442397305152,-28.6057438496512,1.3599718379524,8.16956905683747,3.70013368160016,5.13594862074156,1.17406663494002
"Venezuela, RB",VEN,GDP per capita (constant 2015 US$),NY.GDP.PCAP.KD,4190.56607050126,4489.56571662594,4655.65136715099,4451.37446074164,4323.73301534677,4444.55159079494,4638.41209800487,4642.55149314778,4412.9795921313,4096.61989137473,3374.43091608185,2863.33227846365,2359.38238345005,1759.05547364548,1255.86457068119,1272.94397516527,1376.93801227125,1427.88655943805,1501.22207949327,1518.84742704495
"Venezuela, RB",VEN,"Unemployment, total (% of total labor force) (national estimate)",SL.UEM.TOTL.NE.ZS,8.606,7.279,6.245,6.097,7.112,6.902,6.601,..,..,..,5.319,5.045,..,..,7.526,..,..,..,..,..
"Venezuela, RB",VEN,Domestic general government health expenditure (% of GDP),SH.XPD.GHED.GD.ZS,..,..,..,..,..,..,..,..,..,..,..,..,1.24563158,0.81175309,1.53484893,1.37525356,2.06510615,1.19817746,..,..
"Venezuela, RB",VEN,Current health expenditure (% of GDP),SH.XPD.CHEX.GD.ZS,..,..,..,..,..,..,..,..,..,..,..,..,2.41691327,2.18563724,4.11615133,4.1022191,4.55045986,3.77611423,..,..
Viet Nam,VNM,GDP per capita growth (annual %),NY.GDP.PCAP.KD.ZG,5.57239749946528,5.25231213341748,3.74838603993047,3.83237459567542,5.21227683604808,5.1944977799937,4.27630507146044,4.31498880369921,5.13784099364456,5.66896478541561,5.35427097241221,5.61787865063133,6.28095828201967,6.32464886581907,1.91581434772165,1.66651604176819,7.7256990331194,4.27616318968813,6.3659748675781,7.36938819098758
Viet Nam,VNM,GDP per capita (constant 2015 US$),NY.GDP.PCAP.KD,1699.67620343393,1788.9485028957,1856.00519883979,1927.13427057454,2027.58184375924,2132.90453762087,2224.11404253256,2320.08431444934,2439.28655744423,2577.56885340113,2715.57887431272,2868.13680013379,3048.28327602145,3241.07648966529,3303.16949807493,3358.21734764714,3617.66311280437,3772.36029116103,4012.50779921084,4308.20507512834
Viet Nam,VNM,"Unemployment, total (% of total labor force) (national estimate)",SL.UEM.TOTL.NE.ZS,..,2.026,..,1.737,1.114,0.999,1.027,1.316,1.256,1.848,1.848,1.874,1.161,1.681,2.103,2.383,1.57,1.645,1.529,..
Viet Nam,VNM,Domestic general government health expenditure (% of GDP),SH.XPD.GHED.GD.ZS,1.80019891,1.76966417,1.73616052,1.71152484,2.04132986,1.93289721,2.2328434,1.99598992,2.07598686,2.05326915,2.1333859,2.17300439,2.09256196,2.02046871,1.79064679,1.96029603,1.97061062,2.02070236,..,..
Viet Nam,VNM,Current health expenditure (% of GDP),SH.XPD.CHEX.GD.ZS,4.56979847,4.62917614,4.36028337,4.48502922,5.07146072,4.97468519,5.00178242,4.41233158,4.69078779,4.71140909,4.86994743,4.99014759,5.02678823,4.97407484,4.33219814,4.53792429,4.53809595,4.56109476,..,..
Virgin Islands (U.S.),VIR,GDP per capita growth (annual %),NY.GDP.PCAP.KD.ZG,3.58522291185554,4.04131611143129,1.16259833481369,-6.60082033820244,0.640017045957947,-8.14745069217943,-14.7321849465745,-6.15764738406951,-1.62976237975002,-0.26792231561096,1.78607056891147,-0.517853882355141,2.14490182532539,3.22863068505148,-1.26412494613658,4.07886990081306,-0.883383819313323,..,..,..
Virgin Islands (U.S.),VIR,GDP per capita (constant 2015 US$),NY.GDP.PCAP.KD,47671.567182812,49598.1259079427,50174.7528938473,46862.8076001874,47162.7375570431,43320.176769501,36938.1682086351,34663.6460602129,34098.7109972738,34007.3529411765,34614.7482633247,34435.4944455756,35174.1019944986,36309.7438446842,35850.7433148653,37313.0484931531,36983.431060272,..,..,..
Virgin Islands (U.S.),VIR,"Unemployment, total (% of total labor force) (national estimate)",SL.UEM.TOTL.NE.ZS,..,..,..,..,..,..,..,..,..,..,..,..,..,..,..,..,..,..,..,..
Virgin Islands (U.S.),VIR,Domestic general government health expenditure (% of GDP),SH.XPD.GHED.GD.ZS,..,..,..,..,..,..,..,..,..,..,..,..,..,..,..,..,..,..,..,..
Virgin Islands (U.S.),VIR,Current health expenditure (% of GDP),SH.XPD.CHEX.GD.ZS,..,..,..,..,..,..,..,..,..,..,..,..,..,..,..,..,..,..,..,..
West Bank and Gaza,PSE,GDP per capita growth (annual %),NY.GDP.PCAP.KD.ZG,-3.49430234961132,1.16982596233521,4.51371143942183,5.73457681316152,3.06565425625401,6.86783487502541,3.51036746369036,2.21485047926886,-2.47102630481804,1.37258508832343,6.44666146094556,-0.577622802403482,-1.30481419195327,-1.15161366535136,-13.4963869730477,4.41469534491321,1.58856471383393,-3.31404051657385,-24.6567900497018,1.94584290015811
West Bank and Gaza,PSE,GDP per capita (constant 2015 US$),NY.GDP.PCAP.KD,2540.26763083127,2569.98434108953,2685.98601828464,2840.01594969395,2927.08101953403,3128.10811061384,3237.91619995789,3309.63120243098,3227.84934482645,3272.15432360708,3483.09903532972,3462.97986107136,3417.79440837962,3378.4346209191,2922.46801084844,3051.48607007995,3099.9609010368,2997.22694077849,2258.20698667764,2302.14814699878
West Bank and Gaza,PSE,"Unemployment, total (% of total labor force) (national estimate)",SL.UEM.TOTL.NE.ZS,19.014,18.282,22.913,20.452,21.416,17.597,19.202,19.894,20.526,23.005,23.939,25.677,26.256,25.34,25.895,26.39,24.42,..,31.436,28.71
West Bank and Gaza,PSE,Domestic general government health expenditure (% of GDP),SH.XPD.GHED.GD.ZS,3.27039266,3.43123531,3.67211366,3.65880156,3.29111481,3.28588367,2.95999742,3.22583795,3.15190101,3.11889291,2.66232371,3.19112968,2.84986925,3.66190886,3.85396838,4.26700115,3.91599488,4.44729948,..,..
West Bank and Gaza,PSE,Current health expenditure (% of GDP),SH.XPD.CHEX.GD.ZS,10.50240231,9.58784008,10.52610016,10.76468372,9.10499382,11.34622478,10.30110455,10.44874382,9.92015553,9.28473282,9.0039854,9.1223526,9.65617657,9.18576908,10.27610207,10.4347353,9.70613861,10.73343945,..,..
World,WLD,GDP per capita growth (annual %),NY.GDP.PCAP.KD.ZG,3.16918546984515,3.12254724762364,0.805663557268105,-2.56117125930912,3.25642647375295,2.06283093193265,1.46205987690962,1.63046185927547,1.93208205944498,1.91380814649979,1.59998167249861,2.2840083999172,2.18116646269766,1.61084579114603,-3.83462307658564,5.60163318303582,2.54679255804791,1.91059962837387,1.91442962168207,1.98760853536297
World,WLD,GDP per capita (constant 2015 US$),NY.GDP.PCAP.KD,8913.15666856363,9191.47419679425,9265.52655477352,9028.22055162901,9322.21791578106,9514.51951048996,9653.62748273357,9811.02619687608,10000.5832738734,10191.9752512662,10355.0449873521,10591.5550846784,10822.5745320636,10996.909518407,10575.2194883029,11167.6044923385,11452.0202124616,11670.8224680822,11894.2521505051,12130.6633214662
World,WLD,"Unemployment, total (% of total labor force) (national estimate)",SL.UEM.TOTL.NE.ZS,4.95851354641425,4.73620262563344,..,5.61536697733883,5.14563197307876,5.40092750811319,5.08130594840519,5.27321056747176,5.246892118432,5.29007572529697,5.53894606131214,5.57592848109829,5.96572975914056,5.69824975164429,6.72882094951513,6.19438201311261,5.0843353398282,..,..,..
World,WLD,Domestic general government health expenditure (% of GDP),SH.XPD.GHED.GD.ZS,5.38457985841829,5.31636357892575,5.41188068332463,5.91104329124487,5.69647386229851,5.6730325471014,5.64190618313478,5.6112078901243,5.71457303676548,5.84505783717367,5.91130140237915,5.81914691262268,5.78426559454752,5.85270394104243,6.83801722399319,6.49420305529604,6.24436887766924,6.13684096365842,..,..
World,WLD,Current health expenditure (% of GDP),SH.XPD.CHEX.GD.ZS,9.21922617412957,9.05877007772008,9.05444921266241,9.78720427630434,9.45322811532614,9.31161104990118,9.32361659254147,9.29032296221062,9.39433129675668,9.6649830947051,9.78596013948253,9.66567188284731,9.57530680594515,9.69075766722247,10.7456485237635,10.2930274941778,10.00575627569,10.0604465994699,..,..
"Yemen, Rep.",YEM,GDP per capita growth (annual %),NY.GDP.PCAP.KD.ZG,-0.129375630986743,0.045109908702031,0.370978630255152,0.598210143519466,4.3735077841587,-15.3366875285688,-0.670663085005188,1.67911232409898,-3.20471705643189,-30.1507550992904,-12.0553743505045,-7.88861205244282,-2.186490192267,..,..,..,..,..,..,..
"Yemen, Rep.",YEM,GDP per capita (constant 2015 US$),NY.GDP.PCAP.KD,2234.74266863312,2235.75075901067,2244.04491655237,2257.46902086832,2356.19960422096,1994.83663337222,1981.45800046603,2014.7289059487,1950.1625450589,1362.1738120601,1197.95865971172,1103.45634849842,1079.32938366255,..,..,..,..,..,..,..
"Yemen, Rep.",YEM,"Unemployment, total (% of total labor force) (national estimate)",SL.UEM.TOTL.NE.ZS,15.701,15.333,14.971,14.627,17.821,..,..,..,13.467,..,..,..,..,..,..,..,..,..,..,..
"Yemen, Rep.",YEM,Domestic general government health expenditure (% of GDP),SH.XPD.GHED.GD.ZS,1.62575805,1.56395018,1.60281074,1.30869162,1.16217077,1.09211838,1.24131441,0.9796077,0.78348452,0.4330447,0.54064083,0.30786535,0.76913458,0.91137344,0.85958266,0.70893025,0.91847837,0.81872302,..,..
"Yemen, Rep.",YEM,Current health expenditure (% of GDP),SH.XPD.CHEX.GD.ZS,5.52930164,5.82077599,5.76191616,5.98619986,5.15932894,4.7695322,5.19593525,4.96083164,5.8377471,6.49017286,7.71249437,8.14723873,9.08948231,10.97374439,11.6478138,9.44125366,8.81763458,9.69559193,..,..
Zambia,ZMB,GDP per capita growth (annual %),NY.GDP.PCAP.KD.ZG,4.24983217682681,4.59671527144219,3.99773185138027,5.42272309461708,6.54512358380669,2.11650829571791,4.16438800509357,1.74618059430358,1.42432240940171,-0.241301067013211,0.593979723633794,0.398377780872721,0.9537337347912,-1.51894951073589,-5.56773502453288,3.28575461102756,2.34336450166037,2.46464031100994,0.941472566904864,0.921973669109249
Zambia,ZMB,GDP per capita (constant 2015 US$),NY.GDP.PCAP.KD,968.563565019492,1013.08567432637,1053.58612301068,1110.71918102486,1183.41712409199,1208.46424569634,1258.78938578996,1280.77012176778,1299.01241762504,1295.87788680068,1303.57513869133,1308.76829240086,1321.25045711573,1301.18132976178,1228.73500113195,1269.10821808895,1298.8480495593,1330.85998216751,1343.38966380353,1355.77536277733
Zambia,ZMB,"Unemployment, total (% of total labor force) (national estimate)",SL.UEM.TOTL.NE.ZS,..,..,7.934,..,13.186,..,7.855,..,..,11.888,..,4.529,5.032,5.538,6.032,5.197,5.993,5.861,5.67,..
Zambia,ZMB,Domestic general government health expenditure (% of GDP),SH.XPD.GHED.GD.ZS,1.32859325,1.48783338,1.58524466,1.66772234,1.55979979,1.5735333,1.54221773,1.30987322,1.89382219,2.0905416,1.71430743,2.51039147,2.08801126,2.25830793,3.59365153,2.82306838,2.50694346,2.43413329,..,..
Zambia,ZMB,Current health expenditure (% of GDP),SH.XPD.CHEX.GD.ZS,5.5774231,4.55994081,4.49370766,5.22568512,4.13426876,3.95913363,4.04541731,4.57390451,3.82924223,4.42974281,4.46923161,4.78156233,4.76996708,6.75330257,6.3067441,6.63951397,5.21042967,5.97841072,..,..
Zimbabwe,ZWE,GDP per capita growth (annual %),NY.GDP.PCAP.KD.ZG,-4.63037569259529,-4.91448916093475,-18.6543102007687,11.6893318173098,17.7601242170416,12.187491621401,14.7871576858869,0.563614570952865,0.982274048982148,0.425141539219794,-0.633234613329265,3.23409642689352,3.45954562738599,-7.78558358121073,-9.33397144870511,6.61191108683749,4.34366718315964,3.59876695621327,-0.117816342539967,6.08867578227839
Zimbabwe,ZWE,GDP per capita (constant 2015 US$),NY.GDP.PCAP.KD,1038.22375658033,987.200362596937,803.044944654991,896.915532877845,1056.20884563889,1184.93421020563,1360.15230034275,1367.81831689463,1381.25404125871,1387.12632595026,1378.34256192374,1422.91948946927,1472.14603844842,1357.53087818754,1230.81933361016,1312.20001358807,1369.19761495571,1418.47184628799,1416.80065463874,1503.06505298089
Zimbabwe,ZWE,"Unemployment, total (% of total labor force) (national estimate)",SL.UEM.TOTL.NE.ZS,..,..,..,..,..,5.368,11.069,..,4.774,..,..,..,..,7.373,..,9.459,10.001,9.29,12.13,..
Zimbabwe,ZWE,Domestic general government health expenditure (% of GDP),SH.XPD.GHED.GD.ZS,..,..,..,..,2.75333452,2.11964583,1.99879277,2.01809144,2.73156238,1.55136275,1.37225389,1.550982,1.59526527,0.46115172,0.6526891,0.87981081,1.01829815,0.94662845,..,..
Zimbabwe,ZWE,Current health expenditure (% of GDP),SH.XPD.CHEX.GD.ZS,..,..,..,..,10.47575283,8.081707,6.91838741,7.11022186,8.1335125,7.45204067,7.25845575,6.17448902,4.67327976,3.23268151,2.95440102,2.67111874,3.39519501,2.92601609,..,..
,,,,,,,,,,,,,,,,,,,,,,,
,,,,,,,,,,,,,,,,,,,,,,,
,,,,,,,,,,,,,,,,,,,,,,,
Data from database: World Development Indicators,,,,,,,,,,,,,,,,,,,,,,,
Last Updated: 07/13/2026,,,,,,,,,,,,,,,,,,,,,,,
Code,License Type,Indicator Name,Long definition,Source,Topic,Dataset,Unit of measure,Periodicity,Reference period,Aggregation method,Statistical concept and methodology,Development relevance,Limitations and exceptions,Other notes,License URL
NY.GDP.PCAP.KD.ZG,CC BY-4.0,GDP per capita (annual % growth),"Gross domestic product is the total income earned through the production of goods and services in an economic territory during an accounting period. It can be measured in three different ways: using either the expenditure approach, the income approach, or the production approach. The core indicator has been divided by the general population to achieve a per capita estimate.This indicator denotes the percentage change over each previous year of the constant price (base year 2015) series in United States dollars.","Country official statistics, National Statistical Organizations and/or Central Banks;
National Accounts data files, Organisation for Economic Co-operation and Development (OECD);
Staff estimates, World Bank (WB)",Economic Policy & Debt: National accounts: Growth rates,WB_WDI,%,Annual,1961-2025,Weighted average,"Methodology: National accounts are compiled in accordance with international standards: System of National Accounts, 2008 or 1993 versions. Specific information on how countries compile their national accounts can be found on the IMF website: https://dsbb.imf.org/ Per capita estimates are divided by the total population.
Statistical concept(s): The conceptual elements of the SNA (System of National Accounts) measure what takes place in the economy, between which agents, and for what purpose. At the heart of the SNA is the production of goods and services. These may be used for consumption in the period to which the accounts relate or may be accumulated for use in a later period. In simple terms, the amount of value added generated by production represents GDP. The income corresponding to GDP is distributed to the various agents or groups of agents as income and it is the process of distributing and redistributing income that allows one agent to consume the goods and services produced by another agent or to acquire goods and services for later consumption. The way in which the SNA captures this pattern of economic flows is to identify the activities concerned by recognizing the institutional units in the economy and by specifying the structure of accounts capturing the transactions relevant to one stage or another of the process by which goods and services are produced and ultimately consumed.","This indicator is related to the national accounts, which are critical for understanding and managing a country's economy. They provide a framework for the analysis of economic performance. National accounts are the basis for estimating the Gross Domestic Product (GDP) and Gross National Income (GNI), which are the most widely used indicator of economic performance. They are essential for government policymakers, providing the data needed to design and assess fiscal and monetary policies; and are also used by businesses and investors to assess the economic climate and make investment decisions. NAS enable comparison between economies, which is crucial for international trade, investment decisions, and economic competitiveness. More specifically, this indicator is related to national accounts aggregates. Gross Domestic Product (GDP), Gross National Income (GNI), and other aggregates provide a snapshot of the size and health of an economy by measuring the total economic activity within a country. They can thus be used by policymakers to design and implement economic policies, as they reflect the overall economic performance and can indicate the need for intervention in certain areas. Aggregates also allow for comparisons between different economies, which can be useful for trade negotiations, investment decisions, and economic benchmarking. By examining aggregates over time, economists and analysts can identify trends, cycles, and potential areas of concern within an economy, and investors can use national accounts aggregates to assess the potential risks and returns of investing in a particular country. Overall, national accounts aggregates are fundamental tools for economic analysis, policy formulation, and decision-making at both the national and international levels.",,,https://datacatalog.worldbank.org/int/public-licenses#cc-by
NY.GDP.PCAP.KD,CC BY-4.0,GDP per capita (constant 2015 US$),"Gross domestic product is the total income earned through the production of goods and services in an economic territory during an accounting period. It can be measured in three different ways: using either the expenditure approach, the income approach, or the production approach. The core indicator has been divided by the general population to achieve a per capita estimate.This indicator is expressed in constant prices, meaning the series has been adjusted to account for price changes over time. The reference year for this adjustment is 2015. This indicator is expressed in United States dollars.","Country official statistics, National Statistical Organizations and/or Central Banks;
National Accounts data files, Organisation for Economic Co-operation and Development (OECD);
Staff estimates, World Bank (WB)",Economic Policy & Debt: National accounts: US$ at constant 2015 prices: Aggregate indicators,WB_WDI,constant 2015 US$,Annual,1960-2025,Weighted average,"Methodology: National accounts are compiled in accordance with international standards: System of National Accounts, 2008 or 1993 versions. Specific information on how countries compile their national accounts can be found on the IMF website: https://dsbb.imf.org/ Per capita estimates are divided by the total population.
Statistical concept(s): The conceptual elements of the SNA (System of National Accounts) measure what takes place in the economy, between which agents, and for what purpose. At the heart of the SNA is the production of goods and services. These may be used for consumption in the period to which the accounts relate or may be accumulated for use in a later period. In simple terms, the amount of value added generated by production represents GDP. The income corresponding to GDP is distributed to the various agents or groups of agents as income and it is the process of distributing and redistributing income that allows one agent to consume the goods and services produced by another agent or to acquire goods and services for later consumption. The way in which the SNA captures this pattern of economic flows is to identify the activities concerned by recognizing the institutional units in the economy and by specifying the structure of accounts capturing the transactions relevant to one stage or another of the process by which goods and services are produced and ultimately consumed.","This indicator is related to the national accounts, which are critical for understanding and managing a country's economy. They provide a framework for the analysis of economic performance. National accounts are the basis for estimating the Gross Domestic Product (GDP) and Gross National Income (GNI), which are the most widely used indicator of economic performance. They are essential for government policymakers, providing the data needed to design and assess fiscal and monetary policies; and are also used by businesses and investors to assess the economic climate and make investment decisions. NAS enable comparison between economies, which is crucial for international trade, investment decisions, and economic competitiveness. More specifically, this indicator is related to national accounts aggregates. Gross Domestic Product (GDP), Gross National Income (GNI), and other aggregates provide a snapshot of the size and health of an economy by measuring the total economic activity within a country. They can thus be used by policymakers to design and implement economic policies, as they reflect the overall economic performance and can indicate the need for intervention in certain areas. Aggregates also allow for comparisons between different economies, which can be useful for trade negotiations, investment decisions, and economic benchmarking. By examining aggregates over time, economists and analysts can identify trends, cycles, and potential areas of concern within an economy, and investors can use national accounts aggregates to assess the potential risks and returns of investing in a particular country. Overall, national accounts aggregates are fundamental tools for economic analysis, policy formulation, and decision-making at both the national and international levels.",,,https://datacatalog.worldbank.org/int/public-licenses#cc-by
SL.UEM.TOTL.NE.ZS,CC BY-4.0,"Unemployment, total (% of total labor force) (national estimate)",Unemployment refers to the share of the labor force that is without work but available for and seeking employment. Definitions of labor force and unemployment differ by country.,"Labour Force Statistics database (LFS), International Labour Organization (ILO), uri: https://ilostat.ilo.org/data/bulk/, publisher: ILOSTAT, type: external database, date accessed: June 22, 2026",Social Protection & Labor: Unemployment,WB_WDI,% of total labor force,Annual,1960-2025,Weighted average,"Methodology: The unemployment rate is calculated by expressing the number of unemployed persons as a percentage of the total number of persons in the labor force. The labor force (formerly known as the economically active population) is the sum of the number of persons employed and the number of persons unemployed. 



Household labor force surveys are generally the most comprehensive and comparable sources for unemployment statistics. Other possible sources include population censuses and official estimates. Administrative records such as employment office records and social insurance statistics are also sources of unemployment statistics; however, coverage in such sources is limited to “registered unemployed” only.
Statistical concept(s): The unemployed comprise all persons of working age who were: a) without work during the reference period, i.e. were not in paid employment or self-employment; b) currently available for work, i.e. were available for paid employment or self-employment during the reference period; and c) seeking work, i.e. had taken specific steps in a specified recent period to seek paid employment or self-employment. Future starters, that is, persons who did not look for work but have a future labor market stake (made arrangements for a future job start) are also counted as unemployed, as are participants in skills training or retraining schemes within employment promotion programs, who on that basis, were “not in employment”, not “currently available” and did not “seek employment” because they had a job offer to start within a short subsequent period generally not greater than three months. The unemployed also include persons “not in employment” who carried out activities to migrate abroad in order to work for pay or profit but who were still waiting for the opportunity to leave.



Employment comprises all persons of working age who during a specified brief period, such as one week or one day, were in the following categories: a) paid employment (whether at work or with a job but not at work); or b) self-employment (whether at work or with an enterprise but not at work).

The working-age population is the population above the legal working age, but for statistical purposes it comprises all persons above a specified minimum age threshold for which an inquiry on economic activity is made. To promote international comparability, the working-age population is often defined as all persons aged 15 and older, but this may vary from country to country based on national laws and practices (some countries also apply an upper age limit).","The unemployment rate is a useful measure of the underutilization of the labor supply. It reflects the inability of an economy to generate employment for those persons who want to work but are not doing so, even though they are available for employment and actively seeking work. It is thus seen as an indicator of the efficiency and effectiveness of an economy to absorb its labor force and of the performance of the labor market.



Given its usefulness in conveying valuable information on a country’s labor market situation and the fact that it is widely recognized as a headline labor market indicator, it was included as one of the indicators to measure progress towards the achievement of the Sustainable Development Goals (SDG), under Goal 8 (Promote sustained, inclusive and sustainable economic growth, full and productive employment and decent work for all).","The criteria for people considered to be seeking work, and the treatment of people temporarily laid off or seeking work for the first time, vary across countries. In many cases it is especially difficult to measure employment and unemployment in agriculture. The timing of a survey can maximize the effects of seasonal unemployment in agriculture. And informal sector employment is difficult to quantify where informal activities are not tracked.

There may be also persons not currently in the labour market who want to work but do not actively "seek" work because they view job opportunities as limited, or because they have restricted labour mobility, or face discrimination, or structural, social or cultural barriers. The exclusion of people who want to work but are not seeking work (often called the "hidden unemployed" or "discouraged workers") is a criterion that will affect the unemployment count of both women and men. 

However, women tend to be excluded from the count for various reasons. Women suffer more from discrimination and from structural, social, and cultural barriers that impede them from seeking work. Also, women are often responsible for the care of children and the elderly and for household affairs. They may not be available for work during the short reference period, as they need to make arrangements before starting work. Further, women are considered to be employed when they are working part-time or in temporary jobs, despite the instability of these jobs or their active search for more secure employment.",The series for ILO estimates is also available in the WDI database. Caution should be used when comparing ILO estimates with national estimates.,https://datacatalog.worldbank.org/int/public-licenses#cc-by
SH.XPD.GHED.GD.ZS,CC BY-4.0,Domestic general government health expenditure (% of GDP),Public expenditure on health from domestic sources as a share of the economy as measured by GDP.,"Global Health Expenditure Database, updated December 12th, 2025, World Health Organization (WHO), uri: http://apps.who.int/nha/database",Health: Health systems,WB_WDI,Percentage,Annual,2000-2024,Weighted average,"Methodology: The Health SHA 2011 tracks all health spending in a given country over a defined period of time regardless of the entity or institution that financed and managed that spending. It generates consistent and comprehensive data on health spending in a country, which in turn can contribute to evidence-based policy-making.
Statistical concept(s): The health expenditure estimates have been prepared by the World Health Organization under the framework of the System of Health Accounts 2011 (SHA 2011).","Strengthening health financing is one objective of Sustainable Development Goal 3 (SDG target 3.c).  The levels and trends of health expenditure data identify key issues such as weaknesses and strengths and areas that need investment, for instance additional health facilities, better health information systems, or better trained human resources.  Health financing is also critical for reaching universal health coverage (UHC) defined as all people obtaining the quality health services they need without suffering financial hardship (SDG 3.8).  The data on out-of-pocket spending is a key indicator with regard to financial protection and hence of progress towards UHC.",,,https://datacatalog.worldbank.org/int/public-licenses#cc-by
SH.XPD.CHEX.GD.ZS,CC BY-4.0,Current health expenditure (% of GDP),"Level of current health expenditure expressed as a percentage of GDP.  Estimates of current health expenditures include healthcare goods and services consumed during each year. This indicator does not include capital health expenditures such as buildings, machinery, IT and stocks of vaccines for emergency or outbreaks.","Global Health Expenditure Database, updated December 12th, 2025, World Health Organization (WHO), uri: https://apps.who.int/nha/database",Health: Health systems,WB_WDI,Percentage,Annual,2000-2024,Weighted average,"Methodology: The Health SHA 2011 tracks all health spending in a given country over a defined period of time regardless of the entity or institution that financed and managed that spending. It generates consistent and comprehensive data on health spending in a country, which in turn can contribute to evidence-based policy-making.
Statistical concept(s): The health expenditure estimates have been prepared by the World Health Organization under the framework of the System of Health Accounts 2011 (SHA 2011).","Strengthening health financing is one objective of Sustainable Development Goal 3 (SDG target 3.c).  The levels and trends of health expenditure data identify key issues such as weaknesses and strengths and areas that need investment, for instance additional health facilities, better health information systems, or better trained human resources.  Health financing is also critical for reaching universal health coverage (UHC) defined as all people obtaining the quality health services they need without suffering financial hardship (SDG 3.8).  The data on out-of-pocket spending is a key indicator with regard to financial protection and hence of progress towards UHC.",,,https://datacatalog.worldbank.org/int/public-licenses#cc-by
